
pocket-bot-firmware.elf:     file format elf32-avr

Sections:
Idx Name          Size      VMA       LMA       File off  Algn
  0 .data         0000001a  00800100  000032f8  0000338c  2**0
                  CONTENTS, ALLOC, LOAD, DATA
  1 .text         000032f8  00000000  00000000  00000094  2**1
                  CONTENTS, ALLOC, LOAD, READONLY, CODE
  2 .bss          00000122  0080011a  0080011a  000033a6  2**0
                  ALLOC
  3 .comment      0000005c  00000000  00000000  000033a6  2**0
                  CONTENTS, READONLY
  4 .note.gnu.avr.deviceinfo 00000040  00000000  00000000  00003404  2**2
                  CONTENTS, READONLY
  5 .debug_aranges 00000080  00000000  00000000  00003448  2**3
                  CONTENTS, READONLY, DEBUGGING
  6 .debug_info   0000085e  00000000  00000000  000034c8  2**0
                  CONTENTS, READONLY, DEBUGGING
  7 .debug_abbrev 000005f2  00000000  00000000  00003d26  2**0
                  CONTENTS, READONLY, DEBUGGING
  8 .debug_line   00000377  00000000  00000000  00004318  2**0
                  CONTENTS, READONLY, DEBUGGING
  9 .debug_str    00000208  00000000  00000000  0000468f  2**0
                  CONTENTS, READONLY, DEBUGGING

Disassembly of section .text:

00000000 <__vectors>:
       0:	0c 94 34 00 	jmp	0x68	; 0x68 <__ctors_end>
       4:	0c 94 51 00 	jmp	0xa2	; 0xa2 <__bad_interrupt>
       8:	0c 94 51 00 	jmp	0xa2	; 0xa2 <__bad_interrupt>
       c:	0c 94 51 00 	jmp	0xa2	; 0xa2 <__bad_interrupt>
      10:	0c 94 51 00 	jmp	0xa2	; 0xa2 <__bad_interrupt>
      14:	0c 94 46 07 	jmp	0xe8c	; 0xe8c <__vector_5>
      18:	0c 94 51 00 	jmp	0xa2	; 0xa2 <__bad_interrupt>
      1c:	0c 94 51 00 	jmp	0xa2	; 0xa2 <__bad_interrupt>
      20:	0c 94 51 00 	jmp	0xa2	; 0xa2 <__bad_interrupt>
      24:	0c 94 51 00 	jmp	0xa2	; 0xa2 <__bad_interrupt>
      28:	0c 94 51 00 	jmp	0xa2	; 0xa2 <__bad_interrupt>
      2c:	0c 94 51 00 	jmp	0xa2	; 0xa2 <__bad_interrupt>
      30:	0c 94 51 00 	jmp	0xa2	; 0xa2 <__bad_interrupt>
      34:	0c 94 47 02 	jmp	0x48e	; 0x48e <__vector_13>
      38:	0c 94 51 00 	jmp	0xa2	; 0xa2 <__bad_interrupt>
      3c:	0c 94 51 00 	jmp	0xa2	; 0xa2 <__bad_interrupt>
      40:	0c 94 51 00 	jmp	0xa2	; 0xa2 <__bad_interrupt>
      44:	0c 94 51 00 	jmp	0xa2	; 0xa2 <__bad_interrupt>
      48:	0c 94 51 00 	jmp	0xa2	; 0xa2 <__bad_interrupt>
      4c:	0c 94 51 00 	jmp	0xa2	; 0xa2 <__bad_interrupt>
      50:	0c 94 51 00 	jmp	0xa2	; 0xa2 <__bad_interrupt>
      54:	0c 94 51 00 	jmp	0xa2	; 0xa2 <__bad_interrupt>
      58:	0c 94 51 00 	jmp	0xa2	; 0xa2 <__bad_interrupt>
      5c:	0c 94 51 00 	jmp	0xa2	; 0xa2 <__bad_interrupt>
      60:	0c 94 51 00 	jmp	0xa2	; 0xa2 <__bad_interrupt>
      64:	0c 94 51 00 	jmp	0xa2	; 0xa2 <__bad_interrupt>

00000068 <__ctors_end>:
      68:	11 24       	eor	r1, r1
      6a:	1f be       	out	0x3f, r1	; 63
      6c:	cf ef       	ldi	r28, 0xFF	; 255
      6e:	d8 e0       	ldi	r29, 0x08	; 8
      70:	de bf       	out	0x3e, r29	; 62
      72:	cd bf       	out	0x3d, r28	; 61

00000074 <__do_copy_data>:
      74:	11 e0       	ldi	r17, 0x01	; 1
      76:	a0 e0       	ldi	r26, 0x00	; 0
      78:	b1 e0       	ldi	r27, 0x01	; 1
      7a:	e8 ef       	ldi	r30, 0xF8	; 248
      7c:	f2 e3       	ldi	r31, 0x32	; 50
      7e:	02 c0       	rjmp	.+4      	; 0x84 <__do_copy_data+0x10>
      80:	05 90       	lpm	r0, Z+
      82:	0d 92       	st	X+, r0
      84:	aa 31       	cpi	r26, 0x1A	; 26
      86:	b1 07       	cpc	r27, r17
      88:	d9 f7       	brne	.-10     	; 0x80 <__do_copy_data+0xc>

0000008a <__do_clear_bss>:
      8a:	22 e0       	ldi	r18, 0x02	; 2
      8c:	aa e1       	ldi	r26, 0x1A	; 26
      8e:	b1 e0       	ldi	r27, 0x01	; 1
      90:	01 c0       	rjmp	.+2      	; 0x94 <.do_clear_bss_start>

00000092 <.do_clear_bss_loop>:
      92:	1d 92       	st	X+, r1

00000094 <.do_clear_bss_start>:
      94:	ac 33       	cpi	r26, 0x3C	; 60
      96:	b2 07       	cpc	r27, r18
      98:	e1 f7       	brne	.-8      	; 0x92 <.do_clear_bss_loop>
      9a:	0e 94 53 00 	call	0xa6	; 0xa6 <main>
      9e:	0c 94 7a 19 	jmp	0x32f4	; 0x32f4 <_exit>

000000a2 <__bad_interrupt>:
      a2:	0c 94 00 00 	jmp	0	; 0x0 <__vectors>

000000a6 <main>:
      a6:	cf 93       	push	r28
      a8:	df 93       	push	r29
      aa:	00 d0       	rcall	.+0      	; 0xac <main+0x6>
      ac:	00 d0       	rcall	.+0      	; 0xae <main+0x8>
      ae:	1f 92       	push	r1
      b0:	cd b7       	in	r28, 0x3d	; 61
      b2:	de b7       	in	r29, 0x3e	; 62
      b4:	0e 94 2b 02 	call	0x456	; 0x456 <clockInit>
      b8:	0e 94 73 13 	call	0x26e6	; 0x26e6 <xabcInit>
      bc:	0e 94 7d 01 	call	0x2fa	; 0x2fa <adcInit>
      c0:	0e 94 f3 03 	call	0x7e6	; 0x7e6 <motorInit>
      c4:	0e 94 50 03 	call	0x6a0	; 0x6a0 <lineSensorInit>
      c8:	0e 94 c0 02 	call	0x580	; 0x580 <ledInit>
      cc:	0e 94 d0 01 	call	0x3a0	; 0x3a0 <buttonInit>
      d0:	c1 2c       	mov	r12, r1
      d2:	d1 2c       	mov	r13, r1
      d4:	76 01       	movw	r14, r12
      d6:	10 e0       	ldi	r17, 0x00	; 0
      d8:	30 ed       	ldi	r19, 0xD0	; 208
      da:	43 2e       	mov	r4, r19
      dc:	37 e0       	ldi	r19, 0x07	; 7
      de:	53 2e       	mov	r5, r19
      e0:	61 2c       	mov	r6, r1
      e2:	71 2c       	mov	r7, r1
      e4:	b7 01       	movw	r22, r14
      e6:	a6 01       	movw	r20, r12
      e8:	97 e0       	ldi	r25, 0x07	; 7
      ea:	76 95       	lsr	r23
      ec:	67 95       	ror	r22
      ee:	57 95       	ror	r21
      f0:	47 95       	ror	r20
      f2:	9a 95       	dec	r25
      f4:	d1 f7       	brne	.-12     	; 0xea <main+0x44>
      f6:	88 e1       	ldi	r24, 0x18	; 24
      f8:	94 ee       	ldi	r25, 0xE4	; 228
      fa:	a3 e0       	ldi	r26, 0x03	; 3
      fc:	b0 e0       	ldi	r27, 0x00	; 0
      fe:	8c 19       	sub	r24, r12
     100:	9d 09       	sbc	r25, r13
     102:	ae 09       	sbc	r26, r14
     104:	bf 09       	sbc	r27, r15
     106:	27 e0       	ldi	r18, 0x07	; 7
     108:	b6 95       	lsr	r27
     10a:	a7 95       	ror	r26
     10c:	97 95       	ror	r25
     10e:	87 95       	ror	r24
     110:	2a 95       	dec	r18
     112:	d1 f7       	brne	.-12     	; 0x108 <main+0x62>
     114:	17 fd       	sbrc	r17, 7
     116:	05 c0       	rjmp	.+10     	; 0x122 <main+0x7c>
     118:	b4 2e       	mov	r11, r20
     11a:	a5 2e       	mov	r10, r21
     11c:	96 2e       	mov	r9, r22
     11e:	87 2e       	mov	r8, r23
     120:	04 c0       	rjmp	.+8      	; 0x12a <main+0x84>
     122:	b8 2e       	mov	r11, r24
     124:	a9 2e       	mov	r10, r25
     126:	9a 2e       	mov	r9, r26
     128:	8b 2e       	mov	r8, r27
     12a:	8e e3       	ldi	r24, 0x3E	; 62
     12c:	81 0f       	add	r24, r17
     12e:	88 0f       	add	r24, r24
     130:	8d 83       	std	Y+5, r24	; 0x05
     132:	1c 82       	std	Y+4, r1	; 0x04
     134:	00 e0       	ldi	r16, 0x00	; 0
     136:	9e 01       	movw	r18, r28
     138:	2f 5f       	subi	r18, 0xFF	; 255
     13a:	3f 4f       	sbci	r19, 0xFF	; 255
     13c:	ae 01       	movw	r20, r28
     13e:	4e 5f       	subi	r20, 0xFE	; 254
     140:	5f 4f       	sbci	r21, 0xFF	; 255
     142:	be 01       	movw	r22, r28
     144:	6d 5f       	subi	r22, 0xFD	; 253
     146:	7f 4f       	sbci	r23, 0xFF	; 255
     148:	8d 81       	ldd	r24, Y+5	; 0x05
     14a:	9c 81       	ldd	r25, Y+4	; 0x04
     14c:	89 0f       	add	r24, r25
     14e:	0e 94 44 13 	call	0x2688	; 0x2688 <utilHue2RGB>
     152:	ab 81       	ldd	r26, Y+3	; 0x03
     154:	b0 e0       	ldi	r27, 0x00	; 0
     156:	2b 2d       	mov	r18, r11
     158:	3a 2d       	mov	r19, r10
     15a:	49 2d       	mov	r20, r9
     15c:	58 2d       	mov	r21, r8
     15e:	0e 94 76 15 	call	0x2aec	; 0x2aec <__muluhisi3>
     162:	a3 01       	movw	r20, r6
     164:	92 01       	movw	r18, r4
     166:	0e 94 45 15 	call	0x2a8a	; 0x2a8a <__udivmodsi4>
     16a:	32 2e       	mov	r3, r18
     16c:	2b 83       	std	Y+3, r18	; 0x03
     16e:	aa 81       	ldd	r26, Y+2	; 0x02
     170:	b0 e0       	ldi	r27, 0x00	; 0
     172:	2b 2d       	mov	r18, r11
     174:	3a 2d       	mov	r19, r10
     176:	49 2d       	mov	r20, r9
     178:	58 2d       	mov	r21, r8
     17a:	0e 94 76 15 	call	0x2aec	; 0x2aec <__muluhisi3>
     17e:	a3 01       	movw	r20, r6
     180:	92 01       	movw	r18, r4
     182:	0e 94 45 15 	call	0x2a8a	; 0x2a8a <__udivmodsi4>
     186:	22 2e       	mov	r2, r18
     188:	2a 83       	std	Y+2, r18	; 0x02
     18a:	a9 81       	ldd	r26, Y+1	; 0x01
     18c:	b0 e0       	ldi	r27, 0x00	; 0
     18e:	2b 2d       	mov	r18, r11
     190:	3a 2d       	mov	r19, r10
     192:	49 2d       	mov	r20, r9
     194:	58 2d       	mov	r21, r8
     196:	0e 94 76 15 	call	0x2aec	; 0x2aec <__muluhisi3>
     19a:	a3 01       	movw	r20, r6
     19c:	92 01       	movw	r18, r4
     19e:	0e 94 45 15 	call	0x2a8a	; 0x2a8a <__udivmodsi4>
     1a2:	29 83       	std	Y+1, r18	; 0x01
     1a4:	42 2d       	mov	r20, r2
     1a6:	63 2d       	mov	r22, r3
     1a8:	80 2f       	mov	r24, r16
     1aa:	0e 94 d8 02 	call	0x5b0	; 0x5b0 <ledSet>
     1ae:	0e 94 05 03 	call	0x60a	; 0x60a <ledRefresh>
     1b2:	0f 5f       	subi	r16, 0xFF	; 255
     1b4:	2c 81       	ldd	r18, Y+4	; 0x04
     1b6:	28 5d       	subi	r18, 0xD8	; 216
     1b8:	2c 83       	std	Y+4, r18	; 0x04
     1ba:	05 30       	cpi	r16, 0x05	; 5
     1bc:	09 f0       	breq	.+2      	; 0x1c0 <main+0x11a>
     1be:	bb cf       	rjmp	.-138    	; 0x136 <main+0x90>
     1c0:	1f 5f       	subi	r17, 0xFF	; 255
     1c2:	88 ee       	ldi	r24, 0xE8	; 232
     1c4:	c8 0e       	add	r12, r24
     1c6:	83 e0       	ldi	r24, 0x03	; 3
     1c8:	d8 1e       	adc	r13, r24
     1ca:	e1 1c       	adc	r14, r1
     1cc:	f1 1c       	adc	r15, r1
     1ce:	1f 3f       	cpi	r17, 0xFF	; 255
     1d0:	09 f0       	breq	.+2      	; 0x1d4 <main+0x12e>
     1d2:	88 cf       	rjmp	.-240    	; 0xe4 <main+0x3e>
     1d4:	0e 94 f8 02 	call	0x5f0	; 0x5f0 <ledClear>
     1d8:	10 e0       	ldi	r17, 0x00	; 0
     1da:	21 2f       	mov	r18, r17
     1dc:	40 e0       	ldi	r20, 0x00	; 0
     1de:	60 e0       	ldi	r22, 0x00	; 0
     1e0:	80 e0       	ldi	r24, 0x00	; 0
     1e2:	0e 94 d8 02 	call	0x5b0	; 0x5b0 <ledSet>
     1e6:	0e 94 05 03 	call	0x60a	; 0x60a <ledRefresh>
     1ea:	8f e1       	ldi	r24, 0x1F	; 31
     1ec:	9e e4       	ldi	r25, 0x4E	; 78
     1ee:	01 97       	sbiw	r24, 0x01	; 1
     1f0:	f1 f7       	brne	.-4      	; 0x1ee <main+0x148>
     1f2:	00 c0       	rjmp	.+0      	; 0x1f4 <main+0x14e>
     1f4:	00 00       	nop
     1f6:	1e 5f       	subi	r17, 0xFE	; 254
     1f8:	10 34       	cpi	r17, 0x40	; 64
     1fa:	79 f7       	brne	.-34     	; 0x1da <main+0x134>
     1fc:	0e 94 f8 02 	call	0x5f0	; 0x5f0 <ledClear>
     200:	20 e4       	ldi	r18, 0x40	; 64
     202:	40 e0       	ldi	r20, 0x00	; 0
     204:	60 e0       	ldi	r22, 0x00	; 0
     206:	80 e0       	ldi	r24, 0x00	; 0
     208:	0e 94 d8 02 	call	0x5b0	; 0x5b0 <ledSet>
     20c:	0e 94 05 03 	call	0x60a	; 0x60a <ledRefresh>
     210:	00 e0       	ldi	r16, 0x00	; 0
     212:	85 e0       	ldi	r24, 0x05	; 5
     214:	e8 2e       	mov	r14, r24
     216:	f1 2c       	mov	r15, r1
     218:	0e 94 d3 01 	call	0x3a6	; 0x3a6 <buttonDown>
     21c:	88 23       	and	r24, r24
     21e:	09 f4       	brne	.+2      	; 0x222 <main+0x17c>
     220:	69 c0       	rjmp	.+210    	; 0x2f4 <main+0x24e>
     222:	0e 94 d7 01 	call	0x3ae	; 0x3ae <clockMillis>
     226:	4b 01       	movw	r8, r22
     228:	5c 01       	movw	r10, r24
     22a:	9f e7       	ldi	r25, 0x7F	; 127
     22c:	28 e3       	ldi	r18, 0x38	; 56
     22e:	81 e0       	ldi	r24, 0x01	; 1
     230:	91 50       	subi	r25, 0x01	; 1
     232:	20 40       	sbci	r18, 0x00	; 0
     234:	80 40       	sbci	r24, 0x00	; 0
     236:	e1 f7       	brne	.-8      	; 0x230 <main+0x18a>
     238:	00 c0       	rjmp	.+0      	; 0x23a <main+0x194>
     23a:	00 00       	nop
     23c:	10 e0       	ldi	r17, 0x00	; 0
     23e:	0e 94 d3 01 	call	0x3a6	; 0x3a6 <buttonDown>
     242:	88 23       	and	r24, r24
     244:	d9 f0       	breq	.+54     	; 0x27c <main+0x1d6>
     246:	0e 94 d7 01 	call	0x3ae	; 0x3ae <clockMillis>
     24a:	dc 01       	movw	r26, r24
     24c:	cb 01       	movw	r24, r22
     24e:	88 19       	sub	r24, r8
     250:	99 09       	sbc	r25, r9
     252:	aa 09       	sbc	r26, r10
     254:	bb 09       	sbc	r27, r11
     256:	89 3e       	cpi	r24, 0xE9	; 233
     258:	93 40       	sbci	r25, 0x03	; 3
     25a:	a1 05       	cpc	r26, r1
     25c:	b1 05       	cpc	r27, r1
     25e:	78 f3       	brcs	.-34     	; 0x23e <main+0x198>
     260:	10 e0       	ldi	r17, 0x00	; 0
     262:	20 e4       	ldi	r18, 0x40	; 64
     264:	40 e0       	ldi	r20, 0x00	; 0
     266:	60 e0       	ldi	r22, 0x00	; 0
     268:	81 2f       	mov	r24, r17
     26a:	0e 94 d8 02 	call	0x5b0	; 0x5b0 <ledSet>
     26e:	1f 5f       	subi	r17, 0xFF	; 255
     270:	15 30       	cpi	r17, 0x05	; 5
     272:	b9 f7       	brne	.-18     	; 0x262 <main+0x1bc>
     274:	0e 94 05 03 	call	0x60a	; 0x60a <ledRefresh>
     278:	11 e0       	ldi	r17, 0x01	; 1
     27a:	e1 cf       	rjmp	.-62     	; 0x23e <main+0x198>
     27c:	0e 94 f8 02 	call	0x5f0	; 0x5f0 <ledClear>
     280:	0e 94 05 03 	call	0x60a	; 0x60a <ledRefresh>
     284:	80 2f       	mov	r24, r16
     286:	11 23       	and	r17, r17
     288:	29 f1       	breq	.+74     	; 0x2d4 <main+0x22e>
     28a:	0e 94 bb 12 	call	0x2576	; 0x2576 <utilWaitForButtonPress>
     28e:	0e 94 f8 02 	call	0x5f0	; 0x5f0 <ledClear>
     292:	0e 94 05 03 	call	0x60a	; 0x60a <ledRefresh>
     296:	01 11       	cpse	r16, r1
     298:	03 c0       	rjmp	.+6      	; 0x2a0 <main+0x1fa>
     29a:	0e 94 9f 0f 	call	0x1f3e	; 0x1f3e <runLineFollowingProgram>
     29e:	13 c0       	rjmp	.+38     	; 0x2c6 <main+0x220>
     2a0:	01 30       	cpi	r16, 0x01	; 1
     2a2:	19 f4       	brne	.+6      	; 0x2aa <main+0x204>
     2a4:	0e 94 5e 0d 	call	0x1abc	; 0x1abc <runFenceProgram>
     2a8:	0e c0       	rjmp	.+28     	; 0x2c6 <main+0x220>
     2aa:	02 30       	cpi	r16, 0x02	; 2
     2ac:	19 f4       	brne	.+6      	; 0x2b4 <main+0x20e>
     2ae:	0e 94 76 0a 	call	0x14ec	; 0x14ec <runBarcodeProgram>
     2b2:	09 c0       	rjmp	.+18     	; 0x2c6 <main+0x220>
     2b4:	03 30       	cpi	r16, 0x03	; 3
     2b6:	19 f4       	brne	.+6      	; 0x2be <main+0x218>
     2b8:	0e 94 46 12 	call	0x248c	; 0x248c <runRaveProgram>
     2bc:	04 c0       	rjmp	.+8      	; 0x2c6 <main+0x220>
     2be:	04 30       	cpi	r16, 0x04	; 4
     2c0:	11 f4       	brne	.+4      	; 0x2c6 <main+0x220>
     2c2:	0e 94 94 0e 	call	0x1d28	; 0x1d28 <runLineDebugProgram>
     2c6:	80 e0       	ldi	r24, 0x00	; 0
     2c8:	0e 94 49 04 	call	0x892	; 0x892 <motorLeft>
     2cc:	80 e0       	ldi	r24, 0x00	; 0
     2ce:	0e 94 90 04 	call	0x920	; 0x920 <motorRight>
     2d2:	06 c0       	rjmp	.+12     	; 0x2e0 <main+0x23a>
     2d4:	90 e0       	ldi	r25, 0x00	; 0
     2d6:	01 96       	adiw	r24, 0x01	; 1
     2d8:	b7 01       	movw	r22, r14
     2da:	0e 94 31 15 	call	0x2a62	; 0x2a62 <__divmodhi4>
     2de:	08 2f       	mov	r16, r24
     2e0:	0e 94 f8 02 	call	0x5f0	; 0x5f0 <ledClear>
     2e4:	20 e4       	ldi	r18, 0x40	; 64
     2e6:	40 e0       	ldi	r20, 0x00	; 0
     2e8:	60 e0       	ldi	r22, 0x00	; 0
     2ea:	80 2f       	mov	r24, r16
     2ec:	0e 94 d8 02 	call	0x5b0	; 0x5b0 <ledSet>
     2f0:	0e 94 05 03 	call	0x60a	; 0x60a <ledRefresh>
     2f4:	0e 94 f6 12 	call	0x25ec	; 0x25ec <utilHandleLowPower>
     2f8:	8f cf       	rjmp	.-226    	; 0x218 <main+0x172>

000002fa <adcInit>:
     2fa:	ea e7       	ldi	r30, 0x7A	; 122
     2fc:	f0 e0       	ldi	r31, 0x00	; 0
     2fe:	80 81       	ld	r24, Z
     300:	80 68       	ori	r24, 0x80	; 128
     302:	80 83       	st	Z, r24
     304:	80 81       	ld	r24, Z
     306:	87 60       	ori	r24, 0x07	; 7
     308:	80 83       	st	Z, r24
     30a:	08 95       	ret

0000030c <adcSetChannel>:
     30c:	90 91 7a 00 	lds	r25, 0x007A	; 0x80007a <__TEXT_REGION_LENGTH__+0x7f807a>
     310:	96 fd       	sbrc	r25, 6
     312:	fc cf       	rjmp	.-8      	; 0x30c <adcSetChannel>
     314:	90 91 7c 00 	lds	r25, 0x007C	; 0x80007c <__TEXT_REGION_LENGTH__+0x7f807c>
     318:	90 7f       	andi	r25, 0xF0	; 240
     31a:	90 93 7c 00 	sts	0x007C, r25	; 0x80007c <__TEXT_REGION_LENGTH__+0x7f807c>
     31e:	89 30       	cpi	r24, 0x09	; 9
     320:	28 f4       	brcc	.+10     	; 0x32c <adcSetChannel+0x20>
     322:	90 91 7c 00 	lds	r25, 0x007C	; 0x80007c <__TEXT_REGION_LENGTH__+0x7f807c>
     326:	89 2b       	or	r24, r25
     328:	80 93 7c 00 	sts	0x007C, r24	; 0x80007c <__TEXT_REGION_LENGTH__+0x7f807c>
     32c:	08 95       	ret

0000032e <adcRead>:
     32e:	80 91 7a 00 	lds	r24, 0x007A	; 0x80007a <__TEXT_REGION_LENGTH__+0x7f807a>
     332:	80 64       	ori	r24, 0x40	; 64
     334:	80 93 7a 00 	sts	0x007A, r24	; 0x80007a <__TEXT_REGION_LENGTH__+0x7f807a>
     338:	80 91 7a 00 	lds	r24, 0x007A	; 0x80007a <__TEXT_REGION_LENGTH__+0x7f807a>
     33c:	86 fd       	sbrc	r24, 6
     33e:	fc cf       	rjmp	.-8      	; 0x338 <adcRead+0xa>
     340:	80 91 78 00 	lds	r24, 0x0078	; 0x800078 <__TEXT_REGION_LENGTH__+0x7f8078>
     344:	90 91 79 00 	lds	r25, 0x0079	; 0x800079 <__TEXT_REGION_LENGTH__+0x7f8079>
     348:	08 95       	ret

0000034a <batteryRead>:
     34a:	80 e0       	ldi	r24, 0x00	; 0
     34c:	0e 94 86 01 	call	0x30c	; 0x30c <adcSetChannel>
     350:	0e 94 97 01 	call	0x32e	; 0x32e <adcRead>
     354:	90 93 36 01 	sts	0x0136, r25	; 0x800136 <_rawBatteryValue+0x1>
     358:	80 93 35 01 	sts	0x0135, r24	; 0x800135 <_rawBatteryValue>
     35c:	9c 01       	movw	r18, r24
     35e:	a4 ee       	ldi	r26, 0xE4	; 228
     360:	bc e0       	ldi	r27, 0x0C	; 12
     362:	0e 94 67 15 	call	0x2ace	; 0x2ace <__umulhisi3>
     366:	9b 01       	movw	r18, r22
     368:	ac 01       	movw	r20, r24
     36a:	8a e0       	ldi	r24, 0x0A	; 10
     36c:	56 95       	lsr	r21
     36e:	47 95       	ror	r20
     370:	37 95       	ror	r19
     372:	27 95       	ror	r18
     374:	8a 95       	dec	r24
     376:	d1 f7       	brne	.-12     	; 0x36c <batteryRead+0x22>
     378:	ac e4       	ldi	r26, 0x4C	; 76
     37a:	b9 e0       	ldi	r27, 0x09	; 9
     37c:	0e 94 76 15 	call	0x2aec	; 0x2aec <__muluhisi3>
     380:	2e e4       	ldi	r18, 0x4E	; 78
     382:	37 e0       	ldi	r19, 0x07	; 7
     384:	40 e0       	ldi	r20, 0x00	; 0
     386:	50 e0       	ldi	r21, 0x00	; 0
     388:	0e 94 45 15 	call	0x2a8a	; 0x2a8a <__udivmodsi4>
     38c:	30 93 38 01 	sts	0x0138, r19	; 0x800138 <_millivolts+0x1>
     390:	20 93 37 01 	sts	0x0137, r18	; 0x800137 <_millivolts>
     394:	08 95       	ret

00000396 <batteryGetMillivolts>:
     396:	80 91 37 01 	lds	r24, 0x0137	; 0x800137 <_millivolts>
     39a:	90 91 38 01 	lds	r25, 0x0138	; 0x800138 <_millivolts+0x1>
     39e:	08 95       	ret

000003a0 <buttonInit>:
     3a0:	20 98       	cbi	0x04, 0	; 4
     3a2:	28 9a       	sbi	0x05, 0	; 5
     3a4:	08 95       	ret

000003a6 <buttonDown>:
     3a6:	83 b1       	in	r24, 0x03	; 3
     3a8:	80 95       	com	r24
     3aa:	81 70       	andi	r24, 0x01	; 1
     3ac:	08 95       	ret

000003ae <clockMillis>:
     3ae:	2f b7       	in	r18, 0x3f	; 63
     3b0:	f8 94       	cli
     3b2:	60 91 39 01 	lds	r22, 0x0139	; 0x800139 <timer_millis>
     3b6:	70 91 3a 01 	lds	r23, 0x013A	; 0x80013a <timer_millis+0x1>
     3ba:	80 91 3b 01 	lds	r24, 0x013B	; 0x80013b <timer_millis+0x2>
     3be:	90 91 3c 01 	lds	r25, 0x013C	; 0x80013c <timer_millis+0x3>
     3c2:	2f bf       	out	0x3f, r18	; 63
     3c4:	08 95       	ret

000003c6 <clockMicros>:
     3c6:	4f b7       	in	r20, 0x3f	; 63
     3c8:	f8 94       	cli
     3ca:	80 91 41 01 	lds	r24, 0x0141	; 0x800141 <timer_overflow_count>
     3ce:	90 91 42 01 	lds	r25, 0x0142	; 0x800142 <timer_overflow_count+0x1>
     3d2:	a0 91 43 01 	lds	r26, 0x0143	; 0x800143 <timer_overflow_count+0x2>
     3d6:	b0 91 44 01 	lds	r27, 0x0144	; 0x800144 <timer_overflow_count+0x3>
     3da:	20 91 84 00 	lds	r18, 0x0084	; 0x800084 <__TEXT_REGION_LENGTH__+0x7f8084>
     3de:	30 91 85 00 	lds	r19, 0x0085	; 0x800085 <__TEXT_REGION_LENGTH__+0x7f8085>
     3e2:	b0 9b       	sbis	0x16, 0	; 22
     3e4:	05 c0       	rjmp	.+10     	; 0x3f0 <clockMicros+0x2a>
     3e6:	2f 3f       	cpi	r18, 0xFF	; 255
     3e8:	19 f0       	breq	.+6      	; 0x3f0 <clockMicros+0x2a>
     3ea:	01 96       	adiw	r24, 0x01	; 1
     3ec:	a1 1d       	adc	r26, r1
     3ee:	b1 1d       	adc	r27, r1
     3f0:	4f bf       	out	0x3f, r20	; 63
     3f2:	ba 2f       	mov	r27, r26
     3f4:	a9 2f       	mov	r26, r25
     3f6:	98 2f       	mov	r25, r24
     3f8:	88 27       	eor	r24, r24
     3fa:	82 0f       	add	r24, r18
     3fc:	91 1d       	adc	r25, r1
     3fe:	a1 1d       	adc	r26, r1
     400:	b1 1d       	adc	r27, r1
     402:	bc 01       	movw	r22, r24
     404:	cd 01       	movw	r24, r26
     406:	43 e0       	ldi	r20, 0x03	; 3
     408:	66 0f       	add	r22, r22
     40a:	77 1f       	adc	r23, r23
     40c:	88 1f       	adc	r24, r24
     40e:	99 1f       	adc	r25, r25
     410:	4a 95       	dec	r20
     412:	d1 f7       	brne	.-12     	; 0x408 <__EEPROM_REGION_LENGTH__+0x8>
     414:	08 95       	ret

00000416 <clockPause>:
     416:	ef e6       	ldi	r30, 0x6F	; 111
     418:	f0 e0       	ldi	r31, 0x00	; 0
     41a:	80 81       	ld	r24, Z
     41c:	8e 7f       	andi	r24, 0xFE	; 254
     41e:	80 83       	st	Z, r24
     420:	10 92 80 00 	sts	0x0080, r1	; 0x800080 <__TEXT_REGION_LENGTH__+0x7f8080>
     424:	10 92 81 00 	sts	0x0081, r1	; 0x800081 <__TEXT_REGION_LENGTH__+0x7f8081>
     428:	08 95       	ret

0000042a <clockResume>:
     42a:	e0 e8       	ldi	r30, 0x80	; 128
     42c:	f0 e0       	ldi	r31, 0x00	; 0
     42e:	80 81       	ld	r24, Z
     430:	81 60       	ori	r24, 0x01	; 1
     432:	80 83       	st	Z, r24
     434:	e1 e8       	ldi	r30, 0x81	; 129
     436:	f0 e0       	ldi	r31, 0x00	; 0
     438:	80 81       	ld	r24, Z
     43a:	88 60       	ori	r24, 0x08	; 8
     43c:	80 83       	st	Z, r24
     43e:	80 81       	ld	r24, Z
     440:	82 60       	ori	r24, 0x02	; 2
     442:	80 83       	st	Z, r24
     444:	80 81       	ld	r24, Z
     446:	81 60       	ori	r24, 0x01	; 1
     448:	80 83       	st	Z, r24
     44a:	ef e6       	ldi	r30, 0x6F	; 111
     44c:	f0 e0       	ldi	r31, 0x00	; 0
     44e:	80 81       	ld	r24, Z
     450:	81 60       	ori	r24, 0x01	; 1
     452:	80 83       	st	Z, r24
     454:	08 95       	ret

00000456 <clockInit>:
     456:	78 94       	sei
     458:	0e 94 15 02 	call	0x42a	; 0x42a <clockResume>
     45c:	10 92 41 01 	sts	0x0141, r1	; 0x800141 <timer_overflow_count>
     460:	10 92 42 01 	sts	0x0142, r1	; 0x800142 <timer_overflow_count+0x1>
     464:	10 92 43 01 	sts	0x0143, r1	; 0x800143 <timer_overflow_count+0x2>
     468:	10 92 44 01 	sts	0x0144, r1	; 0x800144 <timer_overflow_count+0x3>
     46c:	10 92 39 01 	sts	0x0139, r1	; 0x800139 <timer_millis>
     470:	10 92 3a 01 	sts	0x013A, r1	; 0x80013a <timer_millis+0x1>
     474:	10 92 3b 01 	sts	0x013B, r1	; 0x80013b <timer_millis+0x2>
     478:	10 92 3c 01 	sts	0x013C, r1	; 0x80013c <timer_millis+0x3>
     47c:	10 92 3d 01 	sts	0x013D, r1	; 0x80013d <timer_fract>
     480:	10 92 3e 01 	sts	0x013E, r1	; 0x80013e <timer_fract+0x1>
     484:	10 92 3f 01 	sts	0x013F, r1	; 0x80013f <timer_fract+0x2>
     488:	10 92 40 01 	sts	0x0140, r1	; 0x800140 <timer_fract+0x3>
     48c:	08 95       	ret

0000048e <__vector_13>:
     48e:	1f 92       	push	r1
     490:	0f 92       	push	r0
     492:	0f b6       	in	r0, 0x3f	; 63
     494:	0f 92       	push	r0
     496:	11 24       	eor	r1, r1
     498:	0f 93       	push	r16
     49a:	1f 93       	push	r17
     49c:	2f 93       	push	r18
     49e:	3f 93       	push	r19
     4a0:	4f 93       	push	r20
     4a2:	5f 93       	push	r21
     4a4:	6f 93       	push	r22
     4a6:	7f 93       	push	r23
     4a8:	8f 93       	push	r24
     4aa:	9f 93       	push	r25
     4ac:	af 93       	push	r26
     4ae:	bf 93       	push	r27
     4b0:	80 91 39 01 	lds	r24, 0x0139	; 0x800139 <timer_millis>
     4b4:	90 91 3a 01 	lds	r25, 0x013A	; 0x80013a <timer_millis+0x1>
     4b8:	a0 91 3b 01 	lds	r26, 0x013B	; 0x80013b <timer_millis+0x2>
     4bc:	b0 91 3c 01 	lds	r27, 0x013C	; 0x80013c <timer_millis+0x3>
     4c0:	00 91 3d 01 	lds	r16, 0x013D	; 0x80013d <timer_fract>
     4c4:	10 91 3e 01 	lds	r17, 0x013E	; 0x80013e <timer_fract+0x1>
     4c8:	20 91 3f 01 	lds	r18, 0x013F	; 0x80013f <timer_fract+0x2>
     4cc:	30 91 40 01 	lds	r19, 0x0140	; 0x800140 <timer_fract+0x3>
     4d0:	b9 01       	movw	r22, r18
     4d2:	a8 01       	movw	r20, r16
     4d4:	4a 5f       	subi	r20, 0xFA	; 250
     4d6:	5f 4f       	sbci	r21, 0xFF	; 255
     4d8:	6f 4f       	sbci	r22, 0xFF	; 255
     4da:	7f 4f       	sbci	r23, 0xFF	; 255
     4dc:	4d 37       	cpi	r20, 0x7D	; 125
     4de:	51 05       	cpc	r21, r1
     4e0:	61 05       	cpc	r22, r1
     4e2:	71 05       	cpc	r23, r1
     4e4:	20 f4       	brcc	.+8      	; 0x4ee <__vector_13+0x60>
     4e6:	02 96       	adiw	r24, 0x02	; 2
     4e8:	a1 1d       	adc	r26, r1
     4ea:	b1 1d       	adc	r27, r1
     4ec:	09 c0       	rjmp	.+18     	; 0x500 <__vector_13+0x72>
     4ee:	b9 01       	movw	r22, r18
     4f0:	a8 01       	movw	r20, r16
     4f2:	47 57       	subi	r20, 0x77	; 119
     4f4:	51 09       	sbc	r21, r1
     4f6:	61 09       	sbc	r22, r1
     4f8:	71 09       	sbc	r23, r1
     4fa:	03 96       	adiw	r24, 0x03	; 3
     4fc:	a1 1d       	adc	r26, r1
     4fe:	b1 1d       	adc	r27, r1
     500:	40 93 3d 01 	sts	0x013D, r20	; 0x80013d <timer_fract>
     504:	50 93 3e 01 	sts	0x013E, r21	; 0x80013e <timer_fract+0x1>
     508:	60 93 3f 01 	sts	0x013F, r22	; 0x80013f <timer_fract+0x2>
     50c:	70 93 40 01 	sts	0x0140, r23	; 0x800140 <timer_fract+0x3>
     510:	80 93 39 01 	sts	0x0139, r24	; 0x800139 <timer_millis>
     514:	90 93 3a 01 	sts	0x013A, r25	; 0x80013a <timer_millis+0x1>
     518:	a0 93 3b 01 	sts	0x013B, r26	; 0x80013b <timer_millis+0x2>
     51c:	b0 93 3c 01 	sts	0x013C, r27	; 0x80013c <timer_millis+0x3>
     520:	80 91 41 01 	lds	r24, 0x0141	; 0x800141 <timer_overflow_count>
     524:	90 91 42 01 	lds	r25, 0x0142	; 0x800142 <timer_overflow_count+0x1>
     528:	a0 91 43 01 	lds	r26, 0x0143	; 0x800143 <timer_overflow_count+0x2>
     52c:	b0 91 44 01 	lds	r27, 0x0144	; 0x800144 <timer_overflow_count+0x3>
     530:	01 96       	adiw	r24, 0x01	; 1
     532:	a1 1d       	adc	r26, r1
     534:	b1 1d       	adc	r27, r1
     536:	80 93 41 01 	sts	0x0141, r24	; 0x800141 <timer_overflow_count>
     53a:	90 93 42 01 	sts	0x0142, r25	; 0x800142 <timer_overflow_count+0x1>
     53e:	a0 93 43 01 	sts	0x0143, r26	; 0x800143 <timer_overflow_count+0x2>
     542:	b0 93 44 01 	sts	0x0144, r27	; 0x800144 <timer_overflow_count+0x3>
     546:	bf 91       	pop	r27
     548:	af 91       	pop	r26
     54a:	9f 91       	pop	r25
     54c:	8f 91       	pop	r24
     54e:	7f 91       	pop	r23
     550:	6f 91       	pop	r22
     552:	5f 91       	pop	r21
     554:	4f 91       	pop	r20
     556:	3f 91       	pop	r19
     558:	2f 91       	pop	r18
     55a:	1f 91       	pop	r17
     55c:	0f 91       	pop	r16
     55e:	0f 90       	pop	r0
     560:	0f be       	out	0x3f, r0	; 63
     562:	0f 90       	pop	r0
     564:	1f 90       	pop	r1
     566:	18 95       	reti

00000568 <_ledSendByte>:
     568:	98 e0       	ldi	r25, 0x08	; 8
     56a:	87 ff       	sbrs	r24, 7
     56c:	02 c0       	rjmp	.+4      	; 0x572 <_ledSendByte+0xa>
     56e:	5c 9a       	sbi	0x0b, 4	; 11
     570:	01 c0       	rjmp	.+2      	; 0x574 <_ledSendByte+0xc>
     572:	5c 98       	cbi	0x0b, 4	; 11
     574:	5f 9a       	sbi	0x0b, 7	; 11
     576:	5f 98       	cbi	0x0b, 7	; 11
     578:	88 0f       	add	r24, r24
     57a:	91 50       	subi	r25, 0x01	; 1
     57c:	b1 f7       	brne	.-20     	; 0x56a <_ledSendByte+0x2>
     57e:	08 95       	ret

00000580 <ledInit>:
     580:	cf 93       	push	r28
     582:	df 93       	push	r29
     584:	54 9a       	sbi	0x0a, 4	; 10
     586:	5c 98       	cbi	0x0b, 4	; 11
     588:	57 9a       	sbi	0x0a, 7	; 10
     58a:	5f 98       	cbi	0x0b, 7	; 11
     58c:	10 92 1a 01 	sts	0x011A, r1	; 0x80011a <__data_end>
     590:	e5 e2       	ldi	r30, 0x25	; 37
     592:	f1 e0       	ldi	r31, 0x01	; 1
     594:	c0 e2       	ldi	r28, 0x20	; 32
     596:	d1 e0       	ldi	r29, 0x01	; 1
     598:	ab e1       	ldi	r26, 0x1B	; 27
     59a:	b1 e0       	ldi	r27, 0x01	; 1
     59c:	11 92       	st	Z+, r1
     59e:	19 92       	st	Y+, r1
     5a0:	1d 92       	st	X+, r1
     5a2:	81 e0       	ldi	r24, 0x01	; 1
     5a4:	ea 32       	cpi	r30, 0x2A	; 42
     5a6:	f8 07       	cpc	r31, r24
     5a8:	c9 f7       	brne	.-14     	; 0x59c <ledInit+0x1c>
     5aa:	df 91       	pop	r29
     5ac:	cf 91       	pop	r28
     5ae:	08 95       	ret

000005b0 <ledSet>:
     5b0:	cf 93       	push	r28
     5b2:	df 93       	push	r29
     5b4:	85 30       	cpi	r24, 0x05	; 5
     5b6:	c8 f4       	brcc	.+50     	; 0x5ea <ledSet+0x3a>
     5b8:	90 e0       	ldi	r25, 0x00	; 0
     5ba:	ec 01       	movw	r28, r24
     5bc:	cb 5d       	subi	r28, 0xDB	; 219
     5be:	de 4f       	sbci	r29, 0xFE	; 254
     5c0:	38 81       	ld	r19, Y
     5c2:	dc 01       	movw	r26, r24
     5c4:	a0 5e       	subi	r26, 0xE0	; 224
     5c6:	be 4f       	sbci	r27, 0xFE	; 254
     5c8:	fc 01       	movw	r30, r24
     5ca:	e5 5e       	subi	r30, 0xE5	; 229
     5cc:	fe 4f       	sbci	r31, 0xFE	; 254
     5ce:	63 13       	cpse	r22, r19
     5d0:	06 c0       	rjmp	.+12     	; 0x5de <ledSet+0x2e>
     5d2:	8c 91       	ld	r24, X
     5d4:	48 13       	cpse	r20, r24
     5d6:	03 c0       	rjmp	.+6      	; 0x5de <ledSet+0x2e>
     5d8:	80 81       	ld	r24, Z
     5da:	28 17       	cp	r18, r24
     5dc:	31 f0       	breq	.+12     	; 0x5ea <ledSet+0x3a>
     5de:	68 83       	st	Y, r22
     5e0:	4c 93       	st	X, r20
     5e2:	20 83       	st	Z, r18
     5e4:	81 e0       	ldi	r24, 0x01	; 1
     5e6:	80 93 1a 01 	sts	0x011A, r24	; 0x80011a <__data_end>
     5ea:	df 91       	pop	r29
     5ec:	cf 91       	pop	r28
     5ee:	08 95       	ret

000005f0 <ledClear>:
     5f0:	cf 93       	push	r28
     5f2:	c0 e0       	ldi	r28, 0x00	; 0
     5f4:	20 e0       	ldi	r18, 0x00	; 0
     5f6:	40 e0       	ldi	r20, 0x00	; 0
     5f8:	60 e0       	ldi	r22, 0x00	; 0
     5fa:	8c 2f       	mov	r24, r28
     5fc:	0e 94 d8 02 	call	0x5b0	; 0x5b0 <ledSet>
     600:	cf 5f       	subi	r28, 0xFF	; 255
     602:	c5 30       	cpi	r28, 0x05	; 5
     604:	b9 f7       	brne	.-18     	; 0x5f4 <ledClear+0x4>
     606:	cf 91       	pop	r28
     608:	08 95       	ret

0000060a <ledRefresh>:
     60a:	cf 92       	push	r12
     60c:	df 92       	push	r13
     60e:	ef 92       	push	r14
     610:	ff 92       	push	r15
     612:	0f 93       	push	r16
     614:	1f 93       	push	r17
     616:	cf 93       	push	r28
     618:	df 93       	push	r29
     61a:	80 91 1a 01 	lds	r24, 0x011A	; 0x80011a <__data_end>
     61e:	88 23       	and	r24, r24
     620:	b1 f1       	breq	.+108    	; 0x68e <ledRefresh+0x84>
     622:	5c 98       	cbi	0x0b, 4	; 11
     624:	80 e2       	ldi	r24, 0x20	; 32
     626:	5f 9a       	sbi	0x0b, 7	; 11
     628:	5f 98       	cbi	0x0b, 7	; 11
     62a:	81 50       	subi	r24, 0x01	; 1
     62c:	e1 f7       	brne	.-8      	; 0x626 <ledRefresh+0x1c>
     62e:	cb e1       	ldi	r28, 0x1B	; 27
     630:	d1 e0       	ldi	r29, 0x01	; 1
     632:	80 e2       	ldi	r24, 0x20	; 32
     634:	e8 2e       	mov	r14, r24
     636:	81 e0       	ldi	r24, 0x01	; 1
     638:	f8 2e       	mov	r15, r24
     63a:	05 e2       	ldi	r16, 0x25	; 37
     63c:	11 e0       	ldi	r17, 0x01	; 1
     63e:	90 e2       	ldi	r25, 0x20	; 32
     640:	c9 2e       	mov	r12, r25
     642:	91 e0       	ldi	r25, 0x01	; 1
     644:	d9 2e       	mov	r13, r25
     646:	5c 9a       	sbi	0x0b, 4	; 11
     648:	83 e0       	ldi	r24, 0x03	; 3
     64a:	5f 9a       	sbi	0x0b, 7	; 11
     64c:	5f 98       	cbi	0x0b, 7	; 11
     64e:	81 50       	subi	r24, 0x01	; 1
     650:	e1 f7       	brne	.-8      	; 0x64a <ledRefresh+0x40>
     652:	5c 9a       	sbi	0x0b, 4	; 11
     654:	85 e0       	ldi	r24, 0x05	; 5
     656:	5f 9a       	sbi	0x0b, 7	; 11
     658:	5f 98       	cbi	0x0b, 7	; 11
     65a:	81 50       	subi	r24, 0x01	; 1
     65c:	e1 f7       	brne	.-8      	; 0x656 <ledRefresh+0x4c>
     65e:	89 91       	ld	r24, Y+
     660:	0e 94 b4 02 	call	0x568	; 0x568 <_ledSendByte>
     664:	f7 01       	movw	r30, r14
     666:	81 91       	ld	r24, Z+
     668:	7f 01       	movw	r14, r30
     66a:	0e 94 b4 02 	call	0x568	; 0x568 <_ledSendByte>
     66e:	f8 01       	movw	r30, r16
     670:	81 91       	ld	r24, Z+
     672:	8f 01       	movw	r16, r30
     674:	0e 94 b4 02 	call	0x568	; 0x568 <_ledSendByte>
     678:	cc 16       	cp	r12, r28
     67a:	dd 06       	cpc	r13, r29
     67c:	21 f7       	brne	.-56     	; 0x646 <ledRefresh+0x3c>
     67e:	5c 9a       	sbi	0x0b, 4	; 11
     680:	80 e2       	ldi	r24, 0x20	; 32
     682:	5f 9a       	sbi	0x0b, 7	; 11
     684:	5f 98       	cbi	0x0b, 7	; 11
     686:	81 50       	subi	r24, 0x01	; 1
     688:	e1 f7       	brne	.-8      	; 0x682 <ledRefresh+0x78>
     68a:	10 92 1a 01 	sts	0x011A, r1	; 0x80011a <__data_end>
     68e:	df 91       	pop	r29
     690:	cf 91       	pop	r28
     692:	1f 91       	pop	r17
     694:	0f 91       	pop	r16
     696:	ff 90       	pop	r15
     698:	ef 90       	pop	r14
     69a:	df 90       	pop	r13
     69c:	cf 90       	pop	r12
     69e:	08 95       	ret

000006a0 <lineSensorInit>:
     6a0:	22 9a       	sbi	0x04, 2	; 4
     6a2:	2a 98       	cbi	0x05, 2	; 5
     6a4:	39 98       	cbi	0x07, 1	; 7
     6a6:	41 98       	cbi	0x08, 1	; 8
     6a8:	3a 98       	cbi	0x07, 2	; 7
     6aa:	42 98       	cbi	0x08, 2	; 8
     6ac:	3b 98       	cbi	0x07, 3	; 7
     6ae:	43 98       	cbi	0x08, 3	; 8
     6b0:	08 95       	ret

000006b2 <lineSensorRead>:
     6b2:	ef 92       	push	r14
     6b4:	ff 92       	push	r15
     6b6:	0f 93       	push	r16
     6b8:	1f 93       	push	r17
     6ba:	cf 93       	push	r28
     6bc:	df 93       	push	r29
     6be:	8c 01       	movw	r16, r24
     6c0:	fc 01       	movw	r30, r24
     6c2:	11 82       	std	Z+1, r1	; 0x01
     6c4:	10 82       	st	Z, r1
     6c6:	13 82       	std	Z+3, r1	; 0x03
     6c8:	12 82       	std	Z+2, r1	; 0x02
     6ca:	15 82       	std	Z+5, r1	; 0x05
     6cc:	14 82       	std	Z+4, r1	; 0x04
     6ce:	81 e0       	ldi	r24, 0x01	; 1
     6d0:	0e 94 86 01 	call	0x30c	; 0x30c <adcSetChannel>
     6d4:	0e 94 97 01 	call	0x32e	; 0x32e <adcRead>
     6d8:	82 e0       	ldi	r24, 0x02	; 2
     6da:	0e 94 86 01 	call	0x30c	; 0x30c <adcSetChannel>
     6de:	0e 94 97 01 	call	0x32e	; 0x32e <adcRead>
     6e2:	83 e0       	ldi	r24, 0x03	; 3
     6e4:	0e 94 86 01 	call	0x30c	; 0x30c <adcSetChannel>
     6e8:	0e 94 97 01 	call	0x32e	; 0x32e <adcRead>
     6ec:	d0 e0       	ldi	r29, 0x00	; 0
     6ee:	2a 9a       	sbi	0x05, 2	; 5
     6f0:	87 ec       	ldi	r24, 0xC7	; 199
     6f2:	90 e0       	ldi	r25, 0x00	; 0
     6f4:	01 97       	sbiw	r24, 0x01	; 1
     6f6:	f1 f7       	brne	.-4      	; 0x6f4 <lineSensorRead+0x42>
     6f8:	00 c0       	rjmp	.+0      	; 0x6fa <lineSensorRead+0x48>
     6fa:	00 00       	nop
     6fc:	9d 2f       	mov	r25, r29
     6fe:	91 70       	andi	r25, 0x01	; 1
     700:	e9 2e       	mov	r14, r25
     702:	d0 fd       	sbrc	r29, 0
     704:	02 c0       	rjmp	.+4      	; 0x70a <lineSensorRead+0x58>
     706:	c2 e0       	ldi	r28, 0x02	; 2
     708:	01 c0       	rjmp	.+2      	; 0x70c <lineSensorRead+0x5a>
     70a:	c0 e0       	ldi	r28, 0x00	; 0
     70c:	ee 20       	and	r14, r14
     70e:	b9 f0       	breq	.+46     	; 0x73e <lineSensorRead+0x8c>
     710:	c3 30       	cpi	r28, 0x03	; 3
     712:	f4 f1       	brlt	.+124    	; 0x790 <lineSensorRead+0xde>
     714:	16 c0       	rjmp	.+44     	; 0x742 <lineSensorRead+0x90>
     716:	81 e0       	ldi	r24, 0x01	; 1
     718:	8c 0f       	add	r24, r28
     71a:	0e 94 86 01 	call	0x30c	; 0x30c <adcSetChannel>
     71e:	0e 94 97 01 	call	0x32e	; 0x32e <adcRead>
     722:	0e 94 97 01 	call	0x32e	; 0x32e <adcRead>
     726:	ec 2f       	mov	r30, r28
     728:	ee 0f       	add	r30, r30
     72a:	ff 0b       	sbc	r31, r31
     72c:	e0 0f       	add	r30, r16
     72e:	f1 1f       	adc	r31, r17
     730:	20 81       	ld	r18, Z
     732:	31 81       	ldd	r19, Z+1	; 0x01
     734:	82 0f       	add	r24, r18
     736:	93 1f       	adc	r25, r19
     738:	91 83       	std	Z+1, r25	; 0x01
     73a:	80 83       	st	Z, r24
     73c:	c1 50       	subi	r28, 0x01	; 1
     73e:	c7 ff       	sbrs	r28, 7
     740:	ea cf       	rjmp	.-44     	; 0x716 <lineSensorRead+0x64>
     742:	2a 98       	cbi	0x05, 2	; 5
     744:	ea e1       	ldi	r30, 0x1A	; 26
     746:	ea 95       	dec	r30
     748:	f1 f7       	brne	.-4      	; 0x746 <lineSensorRead+0x94>
     74a:	00 c0       	rjmp	.+0      	; 0x74c <lineSensorRead+0x9a>
     74c:	df 5f       	subi	r29, 0xFF	; 255
     74e:	d4 31       	cpi	r29, 0x14	; 20
     750:	71 f6       	brne	.-100    	; 0x6ee <lineSensorRead+0x3c>
     752:	f8 01       	movw	r30, r16
     754:	80 81       	ld	r24, Z
     756:	91 81       	ldd	r25, Z+1	; 0x01
     758:	24 e1       	ldi	r18, 0x14	; 20
     75a:	30 e0       	ldi	r19, 0x00	; 0
     75c:	b9 01       	movw	r22, r18
     75e:	0e 94 1d 15 	call	0x2a3a	; 0x2a3a <__udivmodhi4>
     762:	71 83       	std	Z+1, r23	; 0x01
     764:	60 83       	st	Z, r22
     766:	82 81       	ldd	r24, Z+2	; 0x02
     768:	93 81       	ldd	r25, Z+3	; 0x03
     76a:	b9 01       	movw	r22, r18
     76c:	0e 94 1d 15 	call	0x2a3a	; 0x2a3a <__udivmodhi4>
     770:	73 83       	std	Z+3, r23	; 0x03
     772:	62 83       	std	Z+2, r22	; 0x02
     774:	84 81       	ldd	r24, Z+4	; 0x04
     776:	95 81       	ldd	r25, Z+5	; 0x05
     778:	b9 01       	movw	r22, r18
     77a:	0e 94 1d 15 	call	0x2a3a	; 0x2a3a <__udivmodhi4>
     77e:	75 83       	std	Z+5, r23	; 0x05
     780:	64 83       	std	Z+4, r22	; 0x04
     782:	df 91       	pop	r29
     784:	cf 91       	pop	r28
     786:	1f 91       	pop	r17
     788:	0f 91       	pop	r16
     78a:	ff 90       	pop	r15
     78c:	ef 90       	pop	r14
     78e:	08 95       	ret
     790:	ff 24       	eor	r15, r15
     792:	f3 94       	inc	r15
     794:	fc 0e       	add	r15, r28
     796:	8f 2d       	mov	r24, r15
     798:	0e 94 86 01 	call	0x30c	; 0x30c <adcSetChannel>
     79c:	0e 94 97 01 	call	0x32e	; 0x32e <adcRead>
     7a0:	0e 94 97 01 	call	0x32e	; 0x32e <adcRead>
     7a4:	ec 2f       	mov	r30, r28
     7a6:	ee 0f       	add	r30, r30
     7a8:	ff 0b       	sbc	r31, r31
     7aa:	e0 0f       	add	r30, r16
     7ac:	f1 1f       	adc	r31, r17
     7ae:	20 81       	ld	r18, Z
     7b0:	31 81       	ldd	r19, Z+1	; 0x01
     7b2:	82 0f       	add	r24, r18
     7b4:	93 1f       	adc	r25, r19
     7b6:	91 83       	std	Z+1, r25	; 0x01
     7b8:	80 83       	st	Z, r24
     7ba:	cf 2d       	mov	r28, r15
     7bc:	a7 cf       	rjmp	.-178    	; 0x70c <lineSensorRead+0x5a>

000007be <_disableLeftMotorOutputs>:
     7be:	84 b5       	in	r24, 0x24	; 36
     7c0:	8f 73       	andi	r24, 0x3F	; 63
     7c2:	84 bd       	out	0x24, r24	; 36
     7c4:	84 b5       	in	r24, 0x24	; 36
     7c6:	8f 7c       	andi	r24, 0xCF	; 207
     7c8:	84 bd       	out	0x24, r24	; 36
     7ca:	5e 98       	cbi	0x0b, 6	; 11
     7cc:	5d 98       	cbi	0x0b, 5	; 11
     7ce:	08 95       	ret

000007d0 <_disableRightMotorOutputs>:
     7d0:	e0 eb       	ldi	r30, 0xB0	; 176
     7d2:	f0 e0       	ldi	r31, 0x00	; 0
     7d4:	80 81       	ld	r24, Z
     7d6:	8f 73       	andi	r24, 0x3F	; 63
     7d8:	80 83       	st	Z, r24
     7da:	80 81       	ld	r24, Z
     7dc:	8f 7c       	andi	r24, 0xCF	; 207
     7de:	80 83       	st	Z, r24
     7e0:	2b 98       	cbi	0x05, 3	; 5
     7e2:	5b 98       	cbi	0x0b, 3	; 11
     7e4:	08 95       	ret

000007e6 <motorInit>:
     7e6:	5e 98       	cbi	0x0b, 6	; 11
     7e8:	5d 98       	cbi	0x0b, 5	; 11
     7ea:	2b 98       	cbi	0x05, 3	; 5
     7ec:	5b 98       	cbi	0x0b, 3	; 11
     7ee:	56 9a       	sbi	0x0a, 6	; 10
     7f0:	55 9a       	sbi	0x0a, 5	; 10
     7f2:	23 9a       	sbi	0x04, 3	; 4
     7f4:	53 9a       	sbi	0x0a, 3	; 10
     7f6:	0e 94 df 03 	call	0x7be	; 0x7be <_disableLeftMotorOutputs>
     7fa:	0e 94 e8 03 	call	0x7d0	; 0x7d0 <_disableRightMotorOutputs>
     7fe:	84 b5       	in	r24, 0x24	; 36
     800:	83 60       	ori	r24, 0x03	; 3
     802:	84 bd       	out	0x24, r24	; 36
     804:	85 b5       	in	r24, 0x25	; 37
     806:	85 60       	ori	r24, 0x05	; 5
     808:	85 bd       	out	0x25, r24	; 37
     80a:	e0 eb       	ldi	r30, 0xB0	; 176
     80c:	f0 e0       	ldi	r31, 0x00	; 0
     80e:	80 81       	ld	r24, Z
     810:	83 60       	ori	r24, 0x03	; 3
     812:	80 83       	st	Z, r24
     814:	e1 eb       	ldi	r30, 0xB1	; 177
     816:	f0 e0       	ldi	r31, 0x00	; 0
     818:	80 81       	ld	r24, Z
     81a:	87 60       	ori	r24, 0x07	; 7
     81c:	80 83       	st	Z, r24
     81e:	81 e0       	ldi	r24, 0x01	; 1
     820:	80 93 08 01 	sts	0x0108, r24	; 0x800108 <_useHardBrake>
     824:	10 92 2b 01 	sts	0x012B, r1	; 0x80012b <_leftSpeed>
     828:	10 92 2a 01 	sts	0x012A, r1	; 0x80012a <_rightSpeed>
     82c:	80 e0       	ldi	r24, 0x00	; 0
     82e:	90 e0       	ldi	r25, 0x00	; 0
     830:	a0 e8       	ldi	r26, 0x80	; 128
     832:	bf e3       	ldi	r27, 0x3F	; 63
     834:	80 93 04 01 	sts	0x0104, r24	; 0x800104 <_leftScale>
     838:	90 93 05 01 	sts	0x0105, r25	; 0x800105 <_leftScale+0x1>
     83c:	a0 93 06 01 	sts	0x0106, r26	; 0x800106 <_leftScale+0x2>
     840:	b0 93 07 01 	sts	0x0107, r27	; 0x800107 <_leftScale+0x3>
     844:	80 93 00 01 	sts	0x0100, r24	; 0x800100 <__DATA_REGION_ORIGIN__>
     848:	90 93 01 01 	sts	0x0101, r25	; 0x800101 <__DATA_REGION_ORIGIN__+0x1>
     84c:	a0 93 02 01 	sts	0x0102, r26	; 0x800102 <__DATA_REGION_ORIGIN__+0x2>
     850:	b0 93 03 01 	sts	0x0103, r27	; 0x800103 <__DATA_REGION_ORIGIN__+0x3>
     854:	08 95       	ret

00000856 <_computeValidSpeed>:
     856:	85 36       	cpi	r24, 0x65	; 101
     858:	0c f0       	brlt	.+2      	; 0x85c <_computeValidSpeed+0x6>
     85a:	84 e6       	ldi	r24, 0x64	; 100
     85c:	8c 39       	cpi	r24, 0x9C	; 156
     85e:	0c f4       	brge	.+2      	; 0x862 <_computeValidSpeed+0xc>
     860:	8c e9       	ldi	r24, 0x9C	; 156
     862:	08 95       	ret

00000864 <_isDirDifferent>:
     864:	18 16       	cp	r1, r24
     866:	24 f4       	brge	.+8      	; 0x870 <_isDirDifferent+0xc>
     868:	81 e0       	ldi	r24, 0x01	; 1
     86a:	16 16       	cp	r1, r22
     86c:	84 f0       	brlt	.+32     	; 0x88e <_isDirDifferent+0x2a>
     86e:	10 c0       	rjmp	.+32     	; 0x890 <_isDirDifferent+0x2c>
     870:	88 23       	and	r24, r24
     872:	51 f0       	breq	.+20     	; 0x888 <_isDirDifferent+0x24>
     874:	06 2e       	mov	r0, r22
     876:	00 0c       	add	r0, r0
     878:	77 0b       	sbc	r23, r23
     87a:	60 95       	com	r22
     87c:	70 95       	com	r23
     87e:	87 2f       	mov	r24, r23
     880:	88 1f       	adc	r24, r24
     882:	88 27       	eor	r24, r24
     884:	88 1f       	adc	r24, r24
     886:	08 95       	ret
     888:	81 e0       	ldi	r24, 0x01	; 1
     88a:	61 11       	cpse	r22, r1
     88c:	01 c0       	rjmp	.+2      	; 0x890 <_isDirDifferent+0x2c>
     88e:	80 e0       	ldi	r24, 0x00	; 0
     890:	08 95       	ret

00000892 <motorLeft>:
     892:	cf 93       	push	r28
     894:	68 2f       	mov	r22, r24
     896:	88 0f       	add	r24, r24
     898:	77 0b       	sbc	r23, r23
     89a:	88 0b       	sbc	r24, r24
     89c:	99 0b       	sbc	r25, r25
     89e:	0e 94 24 14 	call	0x2848	; 0x2848 <__floatsisf>
     8a2:	20 91 04 01 	lds	r18, 0x0104	; 0x800104 <_leftScale>
     8a6:	30 91 05 01 	lds	r19, 0x0105	; 0x800105 <_leftScale+0x1>
     8aa:	40 91 06 01 	lds	r20, 0x0106	; 0x800106 <_leftScale+0x2>
     8ae:	50 91 07 01 	lds	r21, 0x0107	; 0x800107 <_leftScale+0x3>
     8b2:	0e 94 b0 14 	call	0x2960	; 0x2960 <__mulsf3>
     8b6:	0e 94 ec 13 	call	0x27d8	; 0x27d8 <__fixsfsi>
     8ba:	86 2f       	mov	r24, r22
     8bc:	0e 94 2b 04 	call	0x856	; 0x856 <_computeValidSpeed>
     8c0:	c8 2f       	mov	r28, r24
     8c2:	68 2f       	mov	r22, r24
     8c4:	80 91 2b 01 	lds	r24, 0x012B	; 0x80012b <_leftSpeed>
     8c8:	0e 94 32 04 	call	0x864	; 0x864 <_isDirDifferent>
     8cc:	88 23       	and	r24, r24
     8ce:	41 f0       	breq	.+16     	; 0x8e0 <motorLeft+0x4e>
     8d0:	0e 94 df 03 	call	0x7be	; 0x7be <_disableLeftMotorOutputs>
     8d4:	8f e0       	ldi	r24, 0x0F	; 15
     8d6:	97 e2       	ldi	r25, 0x27	; 39
     8d8:	01 97       	sbiw	r24, 0x01	; 1
     8da:	f1 f7       	brne	.-4      	; 0x8d8 <motorLeft+0x46>
     8dc:	00 c0       	rjmp	.+0      	; 0x8de <motorLeft+0x4c>
     8de:	00 00       	nop
     8e0:	1c 16       	cp	r1, r28
     8e2:	34 f4       	brge	.+12     	; 0x8f0 <motorLeft+0x5e>
     8e4:	8c 2f       	mov	r24, r28
     8e6:	88 0f       	add	r24, r24
     8e8:	87 bd       	out	0x27, r24	; 39
     8ea:	84 b5       	in	r24, 0x24	; 36
     8ec:	80 68       	ori	r24, 0x80	; 128
     8ee:	0c c0       	rjmp	.+24     	; 0x908 <__stack+0x9>
     8f0:	cc 23       	and	r28, r28
     8f2:	61 f0       	breq	.+24     	; 0x90c <__stack+0xd>
     8f4:	2c 2f       	mov	r18, r28
     8f6:	33 27       	eor	r19, r19
     8f8:	21 95       	neg	r18
     8fa:	0c f4       	brge	.+2      	; 0x8fe <motorLeft+0x6c>
     8fc:	30 95       	com	r19
     8fe:	c9 01       	movw	r24, r18
     900:	88 0f       	add	r24, r24
     902:	88 bd       	out	0x28, r24	; 40
     904:	84 b5       	in	r24, 0x24	; 36
     906:	80 62       	ori	r24, 0x20	; 32
     908:	84 bd       	out	0x24, r24	; 36
     90a:	06 c0       	rjmp	.+12     	; 0x918 <__stack+0x19>
     90c:	80 91 08 01 	lds	r24, 0x0108	; 0x800108 <_useHardBrake>
     910:	88 23       	and	r24, r24
     912:	11 f0       	breq	.+4      	; 0x918 <__stack+0x19>
     914:	5e 9a       	sbi	0x0b, 6	; 11
     916:	5d 9a       	sbi	0x0b, 5	; 11
     918:	c0 93 2b 01 	sts	0x012B, r28	; 0x80012b <_leftSpeed>
     91c:	cf 91       	pop	r28
     91e:	08 95       	ret

00000920 <motorRight>:
     920:	cf 93       	push	r28
     922:	99 27       	eor	r25, r25
     924:	81 95       	neg	r24
     926:	0c f4       	brge	.+2      	; 0x92a <motorRight+0xa>
     928:	90 95       	com	r25
     92a:	bc 01       	movw	r22, r24
     92c:	99 0f       	add	r25, r25
     92e:	88 0b       	sbc	r24, r24
     930:	99 0b       	sbc	r25, r25
     932:	0e 94 24 14 	call	0x2848	; 0x2848 <__floatsisf>
     936:	20 91 00 01 	lds	r18, 0x0100	; 0x800100 <__DATA_REGION_ORIGIN__>
     93a:	30 91 01 01 	lds	r19, 0x0101	; 0x800101 <__DATA_REGION_ORIGIN__+0x1>
     93e:	40 91 02 01 	lds	r20, 0x0102	; 0x800102 <__DATA_REGION_ORIGIN__+0x2>
     942:	50 91 03 01 	lds	r21, 0x0103	; 0x800103 <__DATA_REGION_ORIGIN__+0x3>
     946:	0e 94 b0 14 	call	0x2960	; 0x2960 <__mulsf3>
     94a:	0e 94 ec 13 	call	0x27d8	; 0x27d8 <__fixsfsi>
     94e:	86 2f       	mov	r24, r22
     950:	0e 94 2b 04 	call	0x856	; 0x856 <_computeValidSpeed>
     954:	c8 2f       	mov	r28, r24
     956:	68 2f       	mov	r22, r24
     958:	80 91 2a 01 	lds	r24, 0x012A	; 0x80012a <_rightSpeed>
     95c:	0e 94 32 04 	call	0x864	; 0x864 <_isDirDifferent>
     960:	88 23       	and	r24, r24
     962:	41 f0       	breq	.+16     	; 0x974 <motorRight+0x54>
     964:	0e 94 e8 03 	call	0x7d0	; 0x7d0 <_disableRightMotorOutputs>
     968:	8f e0       	ldi	r24, 0x0F	; 15
     96a:	97 e2       	ldi	r25, 0x27	; 39
     96c:	01 97       	sbiw	r24, 0x01	; 1
     96e:	f1 f7       	brne	.-4      	; 0x96c <motorRight+0x4c>
     970:	00 c0       	rjmp	.+0      	; 0x972 <motorRight+0x52>
     972:	00 00       	nop
     974:	1c 16       	cp	r1, r28
     976:	44 f4       	brge	.+16     	; 0x988 <motorRight+0x68>
     978:	8c 2f       	mov	r24, r28
     97a:	88 0f       	add	r24, r24
     97c:	80 93 b3 00 	sts	0x00B3, r24	; 0x8000b3 <__TEXT_REGION_LENGTH__+0x7f80b3>
     980:	80 91 b0 00 	lds	r24, 0x00B0	; 0x8000b0 <__TEXT_REGION_LENGTH__+0x7f80b0>
     984:	80 68       	ori	r24, 0x80	; 128
     986:	0e c0       	rjmp	.+28     	; 0x9a4 <motorRight+0x84>
     988:	cc 23       	and	r28, r28
     98a:	79 f0       	breq	.+30     	; 0x9aa <motorRight+0x8a>
     98c:	2c 2f       	mov	r18, r28
     98e:	33 27       	eor	r19, r19
     990:	21 95       	neg	r18
     992:	0c f4       	brge	.+2      	; 0x996 <motorRight+0x76>
     994:	30 95       	com	r19
     996:	c9 01       	movw	r24, r18
     998:	88 0f       	add	r24, r24
     99a:	80 93 b4 00 	sts	0x00B4, r24	; 0x8000b4 <__TEXT_REGION_LENGTH__+0x7f80b4>
     99e:	80 91 b0 00 	lds	r24, 0x00B0	; 0x8000b0 <__TEXT_REGION_LENGTH__+0x7f80b0>
     9a2:	80 62       	ori	r24, 0x20	; 32
     9a4:	80 93 b0 00 	sts	0x00B0, r24	; 0x8000b0 <__TEXT_REGION_LENGTH__+0x7f80b0>
     9a8:	06 c0       	rjmp	.+12     	; 0x9b6 <motorRight+0x96>
     9aa:	80 91 08 01 	lds	r24, 0x0108	; 0x800108 <_useHardBrake>
     9ae:	88 23       	and	r24, r24
     9b0:	11 f0       	breq	.+4      	; 0x9b6 <motorRight+0x96>
     9b2:	2b 9a       	sbi	0x05, 3	; 5
     9b4:	5b 9a       	sbi	0x0b, 3	; 11
     9b6:	c0 93 2a 01 	sts	0x012A, r28	; 0x80012a <_rightSpeed>
     9ba:	cf 91       	pop	r28
     9bc:	08 95       	ret

000009be <motorUseHardBrake>:
     9be:	80 93 08 01 	sts	0x0108, r24	; 0x800108 <_useHardBrake>
     9c2:	80 91 2b 01 	lds	r24, 0x012B	; 0x80012b <_leftSpeed>
     9c6:	81 11       	cpse	r24, r1
     9c8:	02 c0       	rjmp	.+4      	; 0x9ce <motorUseHardBrake+0x10>
     9ca:	0e 94 49 04 	call	0x892	; 0x892 <motorLeft>
     9ce:	80 91 2a 01 	lds	r24, 0x012A	; 0x80012a <_rightSpeed>
     9d2:	81 11       	cpse	r24, r1
     9d4:	02 c0       	rjmp	.+4      	; 0x9da <motorUseHardBrake+0x1c>
     9d6:	0c 94 90 04 	jmp	0x920	; 0x920 <motorRight>
     9da:	08 95       	ret

000009dc <serialInit>:
     9dc:	e1 ec       	ldi	r30, 0xC1	; 193
     9de:	f0 e0       	ldi	r31, 0x00	; 0
     9e0:	80 81       	ld	r24, Z
     9e2:	88 60       	ori	r24, 0x08	; 8
     9e4:	80 83       	st	Z, r24
     9e6:	80 81       	ld	r24, Z
     9e8:	80 61       	ori	r24, 0x10	; 16
     9ea:	80 83       	st	Z, r24
     9ec:	08 95       	ret

000009ee <serialSetBaudRate>:
     9ee:	cf 92       	push	r12
     9f0:	df 92       	push	r13
     9f2:	ef 92       	push	r14
     9f4:	ff 92       	push	r15
     9f6:	a8 ef       	ldi	r26, 0xF8	; 248
     9f8:	bf ef       	ldi	r27, 0xFF	; 255
     9fa:	9b 01       	movw	r18, r22
     9fc:	ac 01       	movw	r20, r24
     9fe:	0e 94 84 15 	call	0x2b08	; 0x2b08 <__mulohisi3>
     a02:	7e 5e       	subi	r23, 0xEE	; 238
     a04:	85 48       	sbci	r24, 0x85	; 133
     a06:	9f 4f       	sbci	r25, 0xFF	; 255
     a08:	e4 e0       	ldi	r30, 0x04	; 4
     a0a:	22 0f       	add	r18, r18
     a0c:	33 1f       	adc	r19, r19
     a0e:	44 1f       	adc	r20, r20
     a10:	55 1f       	adc	r21, r21
     a12:	ea 95       	dec	r30
     a14:	d1 f7       	brne	.-12     	; 0xa0a <serialSetBaudRate+0x1c>
     a16:	0e 94 45 15 	call	0x2a8a	; 0x2a8a <__udivmodsi4>
     a1a:	30 93 c5 00 	sts	0x00C5, r19	; 0x8000c5 <__TEXT_REGION_LENGTH__+0x7f80c5>
     a1e:	20 93 c4 00 	sts	0x00C4, r18	; 0x8000c4 <__TEXT_REGION_LENGTH__+0x7f80c4>
     a22:	ff 90       	pop	r15
     a24:	ef 90       	pop	r14
     a26:	df 90       	pop	r13
     a28:	cf 90       	pop	r12
     a2a:	08 95       	ret

00000a2c <serialTX>:
     a2c:	cf 93       	push	r28
     a2e:	df 93       	push	r29
     a30:	cd b7       	in	r28, 0x3d	; 61
     a32:	de b7       	in	r29, 0x3e	; 62
     a34:	9e 01       	movw	r18, r28
     a36:	2b 5f       	subi	r18, 0xFB	; 251
     a38:	3f 4f       	sbci	r19, 0xFF	; 255
     a3a:	f9 01       	movw	r30, r18
     a3c:	41 91       	ld	r20, Z+
     a3e:	51 91       	ld	r21, Z+
     a40:	9f 01       	movw	r18, r30
     a42:	60 e8       	ldi	r22, 0x80	; 128
     a44:	70 e0       	ldi	r23, 0x00	; 0
     a46:	85 e4       	ldi	r24, 0x45	; 69
     a48:	91 e0       	ldi	r25, 0x01	; 1
     a4a:	0e 94 56 16 	call	0x2cac	; 0x2cac <vsnprintf>
     a4e:	e5 e4       	ldi	r30, 0x45	; 69
     a50:	f1 e0       	ldi	r31, 0x01	; 1
     a52:	81 91       	ld	r24, Z+
     a54:	88 23       	and	r24, r24
     a56:	39 f0       	breq	.+14     	; 0xa66 <serialTX+0x3a>
     a58:	90 91 c0 00 	lds	r25, 0x00C0	; 0x8000c0 <__TEXT_REGION_LENGTH__+0x7f80c0>
     a5c:	95 ff       	sbrs	r25, 5
     a5e:	fc cf       	rjmp	.-8      	; 0xa58 <serialTX+0x2c>
     a60:	80 93 c6 00 	sts	0x00C6, r24	; 0x8000c6 <__TEXT_REGION_LENGTH__+0x7f80c6>
     a64:	f6 cf       	rjmp	.-20     	; 0xa52 <serialTX+0x26>
     a66:	df 91       	pop	r29
     a68:	cf 91       	pop	r28
     a6a:	08 95       	ret

00000a6c <irmHasRX>:
     a6c:	80 91 cb 01 	lds	r24, 0x01CB	; 0x8001cb <irmRXAvailable>
     a70:	08 95       	ret

00000a72 <irmGetRXLength>:
     a72:	80 91 d2 01 	lds	r24, 0x01D2	; 0x8001d2 <irmRXLen>
     a76:	08 95       	ret

00000a78 <irmClearRX>:
     a78:	10 92 cb 01 	sts	0x01CB, r1	; 0x8001cb <irmRXAvailable>
     a7c:	10 92 cc 01 	sts	0x01CC, r1	; 0x8001cc <irmRXCRC>
     a80:	10 92 d2 01 	sts	0x01D2, r1	; 0x8001d2 <irmRXLen>
     a84:	08 95       	ret

00000a86 <irmGetError>:
     a86:	80 91 c5 01 	lds	r24, 0x01C5	; 0x8001c5 <irmLastError>
     a8a:	08 95       	ret

00000a8c <irmClearError>:
     a8c:	10 92 c5 01 	sts	0x01C5, r1	; 0x8001c5 <irmLastError>
     a90:	08 95       	ret

00000a92 <irmResetRXState>:
     a92:	10 92 c6 01 	sts	0x01C6, r1	; 0x8001c6 <irmState>
     a96:	10 92 c7 01 	sts	0x01C7, r1	; 0x8001c7 <irmCurrentPayloadIndex>
     a9a:	08 95       	ret

00000a9c <irmInit>:
     a9c:	90 93 c9 01 	sts	0x01C9, r25	; 0x8001c9 <irmBuffer+0x1>
     aa0:	80 93 c8 01 	sts	0x01C8, r24	; 0x8001c8 <irmBuffer>
     aa4:	60 93 d4 01 	sts	0x01D4, r22	; 0x8001d4 <irmMaxPayloadLen>
     aa8:	10 92 cd 01 	sts	0x01CD, r1	; 0x8001cd <irmLastPinChangeTime>
     aac:	10 92 ce 01 	sts	0x01CE, r1	; 0x8001ce <irmLastPinChangeTime+0x1>
     ab0:	10 92 cf 01 	sts	0x01CF, r1	; 0x8001cf <irmLastPinChangeTime+0x2>
     ab4:	10 92 d0 01 	sts	0x01D0, r1	; 0x8001d0 <irmLastPinChangeTime+0x3>
     ab8:	10 92 c5 01 	sts	0x01C5, r1	; 0x8001c5 <irmLastError>
     abc:	0e 94 3c 05 	call	0xa78	; 0xa78 <irmClearRX>
     ac0:	0e 94 49 05 	call	0xa92	; 0xa92 <irmResetRXState>
     ac4:	21 9a       	sbi	0x04, 1	; 4
     ac6:	29 98       	cbi	0x05, 1	; 5
     ac8:	52 98       	cbi	0x0a, 2	; 10
     aca:	10 92 d1 01 	sts	0x01D1, r1	; 0x8001d1 <irmRXPin>
     ace:	e8 e6       	ldi	r30, 0x68	; 104
     ad0:	f0 e0       	ldi	r31, 0x00	; 0
     ad2:	80 81       	ld	r24, Z
     ad4:	84 60       	ori	r24, 0x04	; 4
     ad6:	80 83       	st	Z, r24
     ad8:	ed e6       	ldi	r30, 0x6D	; 109
     ada:	f0 e0       	ldi	r31, 0x00	; 0
     adc:	80 81       	ld	r24, Z
     ade:	84 60       	ori	r24, 0x04	; 4
     ae0:	80 83       	st	Z, r24
     ae2:	78 94       	sei
     ae4:	08 95       	ret

00000ae6 <irmResetBitState>:
     ae6:	81 e0       	ldi	r24, 0x01	; 1
     ae8:	80 93 d3 01 	sts	0x01D3, r24	; 0x8001d3 <irmBitState>
     aec:	10 92 ca 01 	sts	0x01CA, r1	; 0x8001ca <irmBitIndex>
     af0:	08 95       	ret

00000af2 <irmReadByte>:
     af2:	fa 01       	movw	r30, r20
     af4:	20 91 d3 01 	lds	r18, 0x01D3	; 0x8001d3 <irmBitState>
     af8:	21 30       	cpi	r18, 0x01	; 1
     afa:	c9 f4       	brne	.+50     	; 0xb2e <irmReadByte+0x3c>
     afc:	20 91 d1 01 	lds	r18, 0x01D1	; 0x8001d1 <irmRXPin>
     b00:	22 23       	and	r18, r18
     b02:	71 f1       	breq	.+92     	; 0xb60 <irmReadByte+0x6e>
     b04:	64 38       	cpi	r22, 0x84	; 132
     b06:	23 e0       	ldi	r18, 0x03	; 3
     b08:	72 07       	cpc	r23, r18
     b0a:	81 05       	cpc	r24, r1
     b0c:	91 05       	cpc	r25, r1
     b0e:	d0 f4       	brcc	.+52     	; 0xb44 <irmReadByte+0x52>
     b10:	62 3c       	cpi	r22, 0xC2	; 194
     b12:	71 40       	sbci	r23, 0x01	; 1
     b14:	81 05       	cpc	r24, r1
     b16:	91 05       	cpc	r25, r1
     b18:	20 f4       	brcc	.+8      	; 0xb22 <irmReadByte+0x30>
     b1a:	80 81       	ld	r24, Z
     b1c:	86 95       	lsr	r24
     b1e:	80 68       	ori	r24, 0x80	; 128
     b20:	02 c0       	rjmp	.+4      	; 0xb26 <irmReadByte+0x34>
     b22:	80 81       	ld	r24, Z
     b24:	86 95       	lsr	r24
     b26:	80 83       	st	Z, r24
     b28:	10 92 d3 01 	sts	0x01D3, r1	; 0x8001d3 <irmBitState>
     b2c:	19 c0       	rjmp	.+50     	; 0xb60 <irmReadByte+0x6e>
     b2e:	21 11       	cpse	r18, r1
     b30:	17 c0       	rjmp	.+46     	; 0xb60 <irmReadByte+0x6e>
     b32:	20 91 d1 01 	lds	r18, 0x01D1	; 0x8001d1 <irmRXPin>
     b36:	21 11       	cpse	r18, r1
     b38:	13 c0       	rjmp	.+38     	; 0xb60 <irmReadByte+0x6e>
     b3a:	68 35       	cpi	r22, 0x58	; 88
     b3c:	72 40       	sbci	r23, 0x02	; 2
     b3e:	81 05       	cpc	r24, r1
     b40:	91 05       	cpc	r25, r1
     b42:	20 f0       	brcs	.+8      	; 0xb4c <irmReadByte+0x5a>
     b44:	0e 94 49 05 	call	0xa92	; 0xa92 <irmResetRXState>
     b48:	81 e0       	ldi	r24, 0x01	; 1
     b4a:	08 95       	ret
     b4c:	80 91 ca 01 	lds	r24, 0x01CA	; 0x8001ca <irmBitIndex>
     b50:	8f 5f       	subi	r24, 0xFF	; 255
     b52:	80 93 ca 01 	sts	0x01CA, r24	; 0x8001ca <irmBitIndex>
     b56:	88 30       	cpi	r24, 0x08	; 8
     b58:	29 f0       	breq	.+10     	; 0xb64 <irmReadByte+0x72>
     b5a:	81 e0       	ldi	r24, 0x01	; 1
     b5c:	80 93 d3 01 	sts	0x01D3, r24	; 0x8001d3 <irmBitState>
     b60:	80 e0       	ldi	r24, 0x00	; 0
     b62:	08 95       	ret
     b64:	82 e0       	ldi	r24, 0x02	; 2
     b66:	08 95       	ret

00000b68 <irmTransmitByte>:
     b68:	98 e0       	ldi	r25, 0x08	; 8
     b6a:	80 ff       	sbrs	r24, 0
     b6c:	05 c0       	rjmp	.+10     	; 0xb78 <irmTransmitByte+0x10>
     b6e:	e7 e5       	ldi	r30, 0x57	; 87
     b70:	f2 e0       	ldi	r31, 0x02	; 2
     b72:	31 97       	sbiw	r30, 0x01	; 1
     b74:	f1 f7       	brne	.-4      	; 0xb72 <irmTransmitByte+0xa>
     b76:	04 c0       	rjmp	.+8      	; 0xb80 <irmTransmitByte+0x18>
     b78:	ef ea       	ldi	r30, 0xAF	; 175
     b7a:	f4 e0       	ldi	r31, 0x04	; 4
     b7c:	31 97       	sbiw	r30, 0x01	; 1
     b7e:	f1 f7       	brne	.-4      	; 0xb7c <irmTransmitByte+0x14>
     b80:	00 c0       	rjmp	.+0      	; 0xb82 <irmTransmitByte+0x1a>
     b82:	00 00       	nop
     b84:	10 92 85 00 	sts	0x0085, r1	; 0x800085 <__TEXT_REGION_LENGTH__+0x7f8085>
     b88:	10 92 84 00 	sts	0x0084, r1	; 0x800084 <__TEXT_REGION_LENGTH__+0x7f8084>
     b8c:	20 91 80 00 	lds	r18, 0x0080	; 0x800080 <__TEXT_REGION_LENGTH__+0x7f8080>
     b90:	20 64       	ori	r18, 0x40	; 64
     b92:	20 93 80 00 	sts	0x0080, r18	; 0x800080 <__TEXT_REGION_LENGTH__+0x7f8080>
     b96:	20 91 81 00 	lds	r18, 0x0081	; 0x800081 <__TEXT_REGION_LENGTH__+0x7f8081>
     b9a:	21 60       	ori	r18, 0x01	; 1
     b9c:	20 93 81 00 	sts	0x0081, r18	; 0x800081 <__TEXT_REGION_LENGTH__+0x7f8081>
     ba0:	e7 e5       	ldi	r30, 0x57	; 87
     ba2:	f2 e0       	ldi	r31, 0x02	; 2
     ba4:	31 97       	sbiw	r30, 0x01	; 1
     ba6:	f1 f7       	brne	.-4      	; 0xba4 <irmTransmitByte+0x3c>
     ba8:	00 c0       	rjmp	.+0      	; 0xbaa <irmTransmitByte+0x42>
     baa:	00 00       	nop
     bac:	20 91 80 00 	lds	r18, 0x0080	; 0x800080 <__TEXT_REGION_LENGTH__+0x7f8080>
     bb0:	2f 7b       	andi	r18, 0xBF	; 191
     bb2:	20 93 80 00 	sts	0x0080, r18	; 0x800080 <__TEXT_REGION_LENGTH__+0x7f8080>
     bb6:	20 91 81 00 	lds	r18, 0x0081	; 0x800081 <__TEXT_REGION_LENGTH__+0x7f8081>
     bba:	2e 7f       	andi	r18, 0xFE	; 254
     bbc:	20 93 81 00 	sts	0x0081, r18	; 0x800081 <__TEXT_REGION_LENGTH__+0x7f8081>
     bc0:	29 98       	cbi	0x05, 1	; 5
     bc2:	86 95       	lsr	r24
     bc4:	91 50       	subi	r25, 0x01	; 1
     bc6:	89 f6       	brne	.-94     	; 0xb6a <irmTransmitByte+0x2>
     bc8:	08 95       	ret

00000bca <irmComputeCRC>:
     bca:	28 2f       	mov	r18, r24
     bcc:	fc 01       	movw	r30, r24
     bce:	80 e0       	ldi	r24, 0x00	; 0
     bd0:	9e 2f       	mov	r25, r30
     bd2:	92 1b       	sub	r25, r18
     bd4:	96 17       	cp	r25, r22
     bd6:	50 f4       	brcc	.+20     	; 0xbec <irmComputeCRC+0x22>
     bd8:	91 91       	ld	r25, Z+
     bda:	89 27       	eor	r24, r25
     bdc:	98 e0       	ldi	r25, 0x08	; 8
     bde:	37 e0       	ldi	r19, 0x07	; 7
     be0:	88 0f       	add	r24, r24
     be2:	08 f4       	brcc	.+2      	; 0xbe6 <irmComputeCRC+0x1c>
     be4:	83 27       	eor	r24, r19
     be6:	9a 95       	dec	r25
     be8:	d9 f7       	brne	.-10     	; 0xbe0 <irmComputeCRC+0x16>
     bea:	f2 cf       	rjmp	.-28     	; 0xbd0 <irmComputeCRC+0x6>
     bec:	08 95       	ret

00000bee <irmSendBlocking>:
     bee:	ef 92       	push	r14
     bf0:	ff 92       	push	r15
     bf2:	0f 93       	push	r16
     bf4:	1f 93       	push	r17
     bf6:	cf 93       	push	r28
     bf8:	df 93       	push	r29
     bfa:	66 23       	and	r22, r22
     bfc:	09 f4       	brne	.+2      	; 0xc00 <irmSendBlocking+0x12>
     bfe:	57 c0       	rjmp	.+174    	; 0xcae <irmSendBlocking+0xc0>
     c00:	c6 2f       	mov	r28, r22
     c02:	8c 01       	movw	r16, r24
     c04:	0e 94 0b 02 	call	0x416	; 0x416 <clockPause>
     c08:	88 e6       	ldi	r24, 0x68	; 104
     c0a:	90 e0       	ldi	r25, 0x00	; 0
     c0c:	90 93 89 00 	sts	0x0089, r25	; 0x800089 <__TEXT_REGION_LENGTH__+0x7f8089>
     c10:	80 93 88 00 	sts	0x0088, r24	; 0x800088 <__TEXT_REGION_LENGTH__+0x7f8088>
     c14:	10 92 80 00 	sts	0x0080, r1	; 0x800080 <__TEXT_REGION_LENGTH__+0x7f8080>
     c18:	10 92 81 00 	sts	0x0081, r1	; 0x800081 <__TEXT_REGION_LENGTH__+0x7f8081>
     c1c:	80 91 81 00 	lds	r24, 0x0081	; 0x800081 <__TEXT_REGION_LENGTH__+0x7f8081>
     c20:	88 60       	ori	r24, 0x08	; 8
     c22:	80 93 81 00 	sts	0x0081, r24	; 0x800081 <__TEXT_REGION_LENGTH__+0x7f8081>
     c26:	10 92 85 00 	sts	0x0085, r1	; 0x800085 <__TEXT_REGION_LENGTH__+0x7f8085>
     c2a:	10 92 84 00 	sts	0x0084, r1	; 0x800084 <__TEXT_REGION_LENGTH__+0x7f8084>
     c2e:	80 91 80 00 	lds	r24, 0x0080	; 0x800080 <__TEXT_REGION_LENGTH__+0x7f8080>
     c32:	80 64       	ori	r24, 0x40	; 64
     c34:	80 93 80 00 	sts	0x0080, r24	; 0x800080 <__TEXT_REGION_LENGTH__+0x7f8080>
     c38:	80 91 81 00 	lds	r24, 0x0081	; 0x800081 <__TEXT_REGION_LENGTH__+0x7f8081>
     c3c:	81 60       	ori	r24, 0x01	; 1
     c3e:	80 93 81 00 	sts	0x0081, r24	; 0x800081 <__TEXT_REGION_LENGTH__+0x7f8081>
     c42:	8f e3       	ldi	r24, 0x3F	; 63
     c44:	96 e0       	ldi	r25, 0x06	; 6
     c46:	01 97       	sbiw	r24, 0x01	; 1
     c48:	f1 f7       	brne	.-4      	; 0xc46 <irmSendBlocking+0x58>
     c4a:	00 c0       	rjmp	.+0      	; 0xc4c <irmSendBlocking+0x5e>
     c4c:	00 00       	nop
     c4e:	80 91 80 00 	lds	r24, 0x0080	; 0x800080 <__TEXT_REGION_LENGTH__+0x7f8080>
     c52:	8f 7b       	andi	r24, 0xBF	; 191
     c54:	80 93 80 00 	sts	0x0080, r24	; 0x800080 <__TEXT_REGION_LENGTH__+0x7f8080>
     c58:	80 91 81 00 	lds	r24, 0x0081	; 0x800081 <__TEXT_REGION_LENGTH__+0x7f8081>
     c5c:	8e 7f       	andi	r24, 0xFE	; 254
     c5e:	80 93 81 00 	sts	0x0081, r24	; 0x800081 <__TEXT_REGION_LENGTH__+0x7f8081>
     c62:	29 98       	cbi	0x05, 1	; 5
     c64:	8c 2f       	mov	r24, r28
     c66:	0e 94 b4 05 	call	0xb68	; 0xb68 <irmTransmitByte>
     c6a:	6c 2f       	mov	r22, r28
     c6c:	c8 01       	movw	r24, r16
     c6e:	0e 94 e5 05 	call	0xbca	; 0xbca <irmComputeCRC>
     c72:	0e 94 b4 05 	call	0xb68	; 0xb68 <irmTransmitByte>
     c76:	78 01       	movw	r14, r16
     c78:	d0 e0       	ldi	r29, 0x00	; 0
     c7a:	c7 01       	movw	r24, r14
     c7c:	80 1b       	sub	r24, r16
     c7e:	91 0b       	sbc	r25, r17
     c80:	8c 17       	cp	r24, r28
     c82:	9d 07       	cpc	r25, r29
     c84:	30 f4       	brcc	.+12     	; 0xc92 <irmSendBlocking+0xa4>
     c86:	f7 01       	movw	r30, r14
     c88:	81 91       	ld	r24, Z+
     c8a:	7f 01       	movw	r14, r30
     c8c:	0e 94 b4 05 	call	0xb68	; 0xb68 <irmTransmitByte>
     c90:	f4 cf       	rjmp	.-24     	; 0xc7a <irmSendBlocking+0x8c>
     c92:	8f e9       	ldi	r24, 0x9F	; 159
     c94:	9f e0       	ldi	r25, 0x0F	; 15
     c96:	01 97       	sbiw	r24, 0x01	; 1
     c98:	f1 f7       	brne	.-4      	; 0xc96 <irmSendBlocking+0xa8>
     c9a:	00 c0       	rjmp	.+0      	; 0xc9c <irmSendBlocking+0xae>
     c9c:	00 00       	nop
     c9e:	df 91       	pop	r29
     ca0:	cf 91       	pop	r28
     ca2:	1f 91       	pop	r17
     ca4:	0f 91       	pop	r16
     ca6:	ff 90       	pop	r15
     ca8:	ef 90       	pop	r14
     caa:	0c 94 15 02 	jmp	0x42a	; 0x42a <clockResume>
     cae:	df 91       	pop	r29
     cb0:	cf 91       	pop	r28
     cb2:	1f 91       	pop	r17
     cb4:	0f 91       	pop	r16
     cb6:	ff 90       	pop	r15
     cb8:	ef 90       	pop	r14
     cba:	08 95       	ret

00000cbc <irmSetError>:
     cbc:	90 91 c5 01 	lds	r25, 0x01C5	; 0x8001c5 <irmLastError>
     cc0:	91 11       	cpse	r25, r1
     cc2:	02 c0       	rjmp	.+4      	; 0xcc8 <irmSetError+0xc>
     cc4:	80 93 c5 01 	sts	0x01C5, r24	; 0x8001c5 <irmLastError>
     cc8:	08 95       	ret

00000cca <irmUpdateStateReadingPreamble>:
     cca:	20 91 d1 01 	lds	r18, 0x01D1	; 0x8001d1 <irmRXPin>
     cce:	21 11       	cpse	r18, r1
     cd0:	19 c0       	rjmp	.+50     	; 0xd04 <irmUpdateStateReadingPreamble+0x3a>
     cd2:	dc 01       	movw	r26, r24
     cd4:	cb 01       	movw	r24, r22
     cd6:	85 3f       	cpi	r24, 0xF5	; 245
     cd8:	21 e0       	ldi	r18, 0x01	; 1
     cda:	92 07       	cpc	r25, r18
     cdc:	a1 05       	cpc	r26, r1
     cde:	b1 05       	cpc	r27, r1
     ce0:	10 f4       	brcc	.+4      	; 0xce6 <irmUpdateStateReadingPreamble+0x1c>
     ce2:	81 e0       	ldi	r24, 0x01	; 1
     ce4:	06 c0       	rjmp	.+12     	; 0xcf2 <irmUpdateStateReadingPreamble+0x28>
     ce6:	8c 34       	cpi	r24, 0x4C	; 76
     ce8:	94 40       	sbci	r25, 0x04	; 4
     cea:	a1 05       	cpc	r26, r1
     cec:	b1 05       	cpc	r27, r1
     cee:	28 f0       	brcs	.+10     	; 0xcfa <irmUpdateStateReadingPreamble+0x30>
     cf0:	82 e0       	ldi	r24, 0x02	; 2
     cf2:	0e 94 5e 06 	call	0xcbc	; 0xcbc <irmSetError>
     cf6:	0c 94 49 05 	jmp	0xa92	; 0xa92 <irmResetRXState>
     cfa:	81 e0       	ldi	r24, 0x01	; 1
     cfc:	80 93 c6 01 	sts	0x01C6, r24	; 0x8001c6 <irmState>
     d00:	0c 94 73 05 	jmp	0xae6	; 0xae6 <irmResetBitState>
     d04:	08 95       	ret

00000d06 <irmUpdateStateReadingLength>:
     d06:	42 ed       	ldi	r20, 0xD2	; 210
     d08:	51 e0       	ldi	r21, 0x01	; 1
     d0a:	0e 94 79 05 	call	0xaf2	; 0xaf2 <irmReadByte>
     d0e:	81 30       	cpi	r24, 0x01	; 1
     d10:	11 f4       	brne	.+4      	; 0xd16 <irmUpdateStateReadingLength+0x10>
     d12:	83 e0       	ldi	r24, 0x03	; 3
     d14:	07 c0       	rjmp	.+14     	; 0xd24 <irmUpdateStateReadingLength+0x1e>
     d16:	82 30       	cpi	r24, 0x02	; 2
     d18:	99 f4       	brne	.+38     	; 0xd40 <irmUpdateStateReadingLength+0x3a>
     d1a:	90 91 d2 01 	lds	r25, 0x01D2	; 0x8001d2 <irmRXLen>
     d1e:	91 11       	cpse	r25, r1
     d20:	05 c0       	rjmp	.+10     	; 0xd2c <irmUpdateStateReadingLength+0x26>
     d22:	84 e0       	ldi	r24, 0x04	; 4
     d24:	0e 94 5e 06 	call	0xcbc	; 0xcbc <irmSetError>
     d28:	0c 94 49 05 	jmp	0xa92	; 0xa92 <irmResetRXState>
     d2c:	20 91 d2 01 	lds	r18, 0x01D2	; 0x8001d2 <irmRXLen>
     d30:	90 91 d4 01 	lds	r25, 0x01D4	; 0x8001d4 <irmMaxPayloadLen>
     d34:	92 17       	cp	r25, r18
     d36:	a8 f3       	brcs	.-22     	; 0xd22 <irmUpdateStateReadingLength+0x1c>
     d38:	80 93 c6 01 	sts	0x01C6, r24	; 0x8001c6 <irmState>
     d3c:	0c 94 73 05 	jmp	0xae6	; 0xae6 <irmResetBitState>
     d40:	08 95       	ret

00000d42 <irmUpdateStateReadingCRC>:
     d42:	4c ec       	ldi	r20, 0xCC	; 204
     d44:	51 e0       	ldi	r21, 0x01	; 1
     d46:	0e 94 79 05 	call	0xaf2	; 0xaf2 <irmReadByte>
     d4a:	81 30       	cpi	r24, 0x01	; 1
     d4c:	29 f4       	brne	.+10     	; 0xd58 <irmUpdateStateReadingCRC+0x16>
     d4e:	83 e0       	ldi	r24, 0x03	; 3
     d50:	0e 94 5e 06 	call	0xcbc	; 0xcbc <irmSetError>
     d54:	0c 94 49 05 	jmp	0xa92	; 0xa92 <irmResetRXState>
     d58:	82 30       	cpi	r24, 0x02	; 2
     d5a:	39 f4       	brne	.+14     	; 0xd6a <irmUpdateStateReadingCRC+0x28>
     d5c:	83 e0       	ldi	r24, 0x03	; 3
     d5e:	80 93 c6 01 	sts	0x01C6, r24	; 0x8001c6 <irmState>
     d62:	0e 94 73 05 	call	0xae6	; 0xae6 <irmResetBitState>
     d66:	10 92 c7 01 	sts	0x01C7, r1	; 0x8001c7 <irmCurrentPayloadIndex>
     d6a:	08 95       	ret

00000d6c <irmUpdateStateReadingPayload>:
     d6c:	cf 92       	push	r12
     d6e:	df 92       	push	r13
     d70:	ef 92       	push	r14
     d72:	ff 92       	push	r15
     d74:	20 91 c7 01 	lds	r18, 0x01C7	; 0x8001c7 <irmCurrentPayloadIndex>
     d78:	30 91 d2 01 	lds	r19, 0x01D2	; 0x8001d2 <irmRXLen>
     d7c:	23 17       	cp	r18, r19
     d7e:	e8 f5       	brcc	.+122    	; 0xdfa <irmUpdateStateReadingPayload+0x8e>
     d80:	6b 01       	movw	r12, r22
     d82:	7c 01       	movw	r14, r24
     d84:	40 91 c8 01 	lds	r20, 0x01C8	; 0x8001c8 <irmBuffer>
     d88:	50 91 c9 01 	lds	r21, 0x01C9	; 0x8001c9 <irmBuffer+0x1>
     d8c:	42 0f       	add	r20, r18
     d8e:	51 1d       	adc	r21, r1
     d90:	0e 94 79 05 	call	0xaf2	; 0xaf2 <irmReadByte>
     d94:	81 30       	cpi	r24, 0x01	; 1
     d96:	11 f4       	brne	.+4      	; 0xd9c <irmUpdateStateReadingPayload+0x30>
     d98:	83 e0       	ldi	r24, 0x03	; 3
     d9a:	20 c0       	rjmp	.+64     	; 0xddc <irmUpdateStateReadingPayload+0x70>
     d9c:	82 30       	cpi	r24, 0x02	; 2
     d9e:	69 f5       	brne	.+90     	; 0xdfa <irmUpdateStateReadingPayload+0x8e>
     da0:	80 91 c7 01 	lds	r24, 0x01C7	; 0x8001c7 <irmCurrentPayloadIndex>
     da4:	8f 5f       	subi	r24, 0xFF	; 255
     da6:	80 93 c7 01 	sts	0x01C7, r24	; 0x8001c7 <irmCurrentPayloadIndex>
     daa:	0e 94 73 05 	call	0xae6	; 0xae6 <irmResetBitState>
     dae:	80 91 d2 01 	lds	r24, 0x01D2	; 0x8001d2 <irmRXLen>
     db2:	90 91 c7 01 	lds	r25, 0x01C7	; 0x8001c7 <irmCurrentPayloadIndex>
     db6:	98 17       	cp	r25, r24
     db8:	c8 f0       	brcs	.+50     	; 0xdec <irmUpdateStateReadingPayload+0x80>
     dba:	60 91 d2 01 	lds	r22, 0x01D2	; 0x8001d2 <irmRXLen>
     dbe:	80 91 c8 01 	lds	r24, 0x01C8	; 0x8001c8 <irmBuffer>
     dc2:	90 91 c9 01 	lds	r25, 0x01C9	; 0x8001c9 <irmBuffer+0x1>
     dc6:	0e 94 e5 05 	call	0xbca	; 0xbca <irmComputeCRC>
     dca:	90 91 cc 01 	lds	r25, 0x01CC	; 0x8001cc <irmRXCRC>
     dce:	89 13       	cpse	r24, r25
     dd0:	04 c0       	rjmp	.+8      	; 0xdda <irmUpdateStateReadingPayload+0x6e>
     dd2:	81 e0       	ldi	r24, 0x01	; 1
     dd4:	80 93 cb 01 	sts	0x01CB, r24	; 0x8001cb <irmRXAvailable>
     dd8:	03 c0       	rjmp	.+6      	; 0xde0 <irmUpdateStateReadingPayload+0x74>
     dda:	85 e0       	ldi	r24, 0x05	; 5
     ddc:	0e 94 5e 06 	call	0xcbc	; 0xcbc <irmSetError>
     de0:	ff 90       	pop	r15
     de2:	ef 90       	pop	r14
     de4:	df 90       	pop	r13
     de6:	cf 90       	pop	r12
     de8:	0c 94 49 05 	jmp	0xa92	; 0xa92 <irmResetRXState>
     dec:	89 e8       	ldi	r24, 0x89	; 137
     dee:	c8 16       	cp	r12, r24
     df0:	83 e1       	ldi	r24, 0x13	; 19
     df2:	d8 06       	cpc	r13, r24
     df4:	e1 04       	cpc	r14, r1
     df6:	f1 04       	cpc	r15, r1
     df8:	78 f6       	brcc	.-98     	; 0xd98 <irmUpdateStateReadingPayload+0x2c>
     dfa:	ff 90       	pop	r15
     dfc:	ef 90       	pop	r14
     dfe:	df 90       	pop	r13
     e00:	cf 90       	pop	r12
     e02:	08 95       	ret

00000e04 <irmUpdate>:
     e04:	cf 92       	push	r12
     e06:	df 92       	push	r13
     e08:	ef 92       	push	r14
     e0a:	ff 92       	push	r15
     e0c:	20 91 cb 01 	lds	r18, 0x01CB	; 0x8001cb <irmRXAvailable>
     e10:	21 11       	cpse	r18, r1
     e12:	37 c0       	rjmp	.+110    	; 0xe82 <irmUpdate+0x7e>
     e14:	6b 01       	movw	r12, r22
     e16:	7c 01       	movw	r14, r24
     e18:	89 e8       	ldi	r24, 0x89	; 137
     e1a:	c8 16       	cp	r12, r24
     e1c:	83 e1       	ldi	r24, 0x13	; 19
     e1e:	d8 06       	cpc	r13, r24
     e20:	e1 04       	cpc	r14, r1
     e22:	f1 04       	cpc	r15, r1
     e24:	20 f0       	brcs	.+8      	; 0xe2e <irmUpdate+0x2a>
     e26:	0e 94 49 05 	call	0xa92	; 0xa92 <irmResetRXState>
     e2a:	0e 94 3c 05 	call	0xa78	; 0xa78 <irmClearRX>
     e2e:	80 91 c6 01 	lds	r24, 0x01C6	; 0x8001c6 <irmState>
     e32:	81 11       	cpse	r24, r1
     e34:	08 c0       	rjmp	.+16     	; 0xe46 <irmUpdate+0x42>
     e36:	c7 01       	movw	r24, r14
     e38:	b6 01       	movw	r22, r12
     e3a:	ff 90       	pop	r15
     e3c:	ef 90       	pop	r14
     e3e:	df 90       	pop	r13
     e40:	cf 90       	pop	r12
     e42:	0c 94 65 06 	jmp	0xcca	; 0xcca <irmUpdateStateReadingPreamble>
     e46:	81 30       	cpi	r24, 0x01	; 1
     e48:	41 f4       	brne	.+16     	; 0xe5a <irmUpdate+0x56>
     e4a:	c7 01       	movw	r24, r14
     e4c:	b6 01       	movw	r22, r12
     e4e:	ff 90       	pop	r15
     e50:	ef 90       	pop	r14
     e52:	df 90       	pop	r13
     e54:	cf 90       	pop	r12
     e56:	0c 94 83 06 	jmp	0xd06	; 0xd06 <irmUpdateStateReadingLength>
     e5a:	82 30       	cpi	r24, 0x02	; 2
     e5c:	41 f4       	brne	.+16     	; 0xe6e <irmUpdate+0x6a>
     e5e:	c7 01       	movw	r24, r14
     e60:	b6 01       	movw	r22, r12
     e62:	ff 90       	pop	r15
     e64:	ef 90       	pop	r14
     e66:	df 90       	pop	r13
     e68:	cf 90       	pop	r12
     e6a:	0c 94 a1 06 	jmp	0xd42	; 0xd42 <irmUpdateStateReadingCRC>
     e6e:	83 30       	cpi	r24, 0x03	; 3
     e70:	41 f4       	brne	.+16     	; 0xe82 <irmUpdate+0x7e>
     e72:	c7 01       	movw	r24, r14
     e74:	b6 01       	movw	r22, r12
     e76:	ff 90       	pop	r15
     e78:	ef 90       	pop	r14
     e7a:	df 90       	pop	r13
     e7c:	cf 90       	pop	r12
     e7e:	0c 94 b6 06 	jmp	0xd6c	; 0xd6c <irmUpdateStateReadingPayload>
     e82:	ff 90       	pop	r15
     e84:	ef 90       	pop	r14
     e86:	df 90       	pop	r13
     e88:	cf 90       	pop	r12
     e8a:	08 95       	ret

00000e8c <__vector_5>:
     e8c:	1f 92       	push	r1
     e8e:	0f 92       	push	r0
     e90:	0f b6       	in	r0, 0x3f	; 63
     e92:	0f 92       	push	r0
     e94:	11 24       	eor	r1, r1
     e96:	cf 92       	push	r12
     e98:	df 92       	push	r13
     e9a:	ef 92       	push	r14
     e9c:	ff 92       	push	r15
     e9e:	2f 93       	push	r18
     ea0:	3f 93       	push	r19
     ea2:	4f 93       	push	r20
     ea4:	5f 93       	push	r21
     ea6:	6f 93       	push	r22
     ea8:	7f 93       	push	r23
     eaa:	8f 93       	push	r24
     eac:	9f 93       	push	r25
     eae:	af 93       	push	r26
     eb0:	bf 93       	push	r27
     eb2:	ef 93       	push	r30
     eb4:	ff 93       	push	r31
     eb6:	0e 94 e3 01 	call	0x3c6	; 0x3c6 <clockMicros>
     eba:	c0 90 cd 01 	lds	r12, 0x01CD	; 0x8001cd <irmLastPinChangeTime>
     ebe:	d0 90 ce 01 	lds	r13, 0x01CE	; 0x8001ce <irmLastPinChangeTime+0x1>
     ec2:	e0 90 cf 01 	lds	r14, 0x01CF	; 0x8001cf <irmLastPinChangeTime+0x2>
     ec6:	f0 90 d0 01 	lds	r15, 0x01D0	; 0x8001d0 <irmLastPinChangeTime+0x3>
     eca:	60 93 cd 01 	sts	0x01CD, r22	; 0x8001cd <irmLastPinChangeTime>
     ece:	70 93 ce 01 	sts	0x01CE, r23	; 0x8001ce <irmLastPinChangeTime+0x1>
     ed2:	80 93 cf 01 	sts	0x01CF, r24	; 0x8001cf <irmLastPinChangeTime+0x2>
     ed6:	90 93 d0 01 	sts	0x01D0, r25	; 0x8001d0 <irmLastPinChangeTime+0x3>
     eda:	29 b1       	in	r18, 0x09	; 9
     edc:	22 fb       	bst	r18, 2
     ede:	33 27       	eor	r19, r19
     ee0:	30 f9       	bld	r19, 0
     ee2:	21 e0       	ldi	r18, 0x01	; 1
     ee4:	23 27       	eor	r18, r19
     ee6:	20 93 d1 01 	sts	0x01D1, r18	; 0x8001d1 <irmRXPin>
     eea:	6c 19       	sub	r22, r12
     eec:	7d 09       	sbc	r23, r13
     eee:	8e 09       	sbc	r24, r14
     ef0:	9f 09       	sbc	r25, r15
     ef2:	0e 94 02 07 	call	0xe04	; 0xe04 <irmUpdate>
     ef6:	ff 91       	pop	r31
     ef8:	ef 91       	pop	r30
     efa:	bf 91       	pop	r27
     efc:	af 91       	pop	r26
     efe:	9f 91       	pop	r25
     f00:	8f 91       	pop	r24
     f02:	7f 91       	pop	r23
     f04:	6f 91       	pop	r22
     f06:	5f 91       	pop	r21
     f08:	4f 91       	pop	r20
     f0a:	3f 91       	pop	r19
     f0c:	2f 91       	pop	r18
     f0e:	ff 90       	pop	r15
     f10:	ef 90       	pop	r14
     f12:	df 90       	pop	r13
     f14:	cf 90       	pop	r12
     f16:	0f 90       	pop	r0
     f18:	0f be       	out	0x3f, r0	; 63
     f1a:	0f 90       	pop	r0
     f1c:	1f 90       	pop	r1
     f1e:	18 95       	reti

00000f20 <followLine>:
     f20:	2f 92       	push	r2
     f22:	3f 92       	push	r3
     f24:	4f 92       	push	r4
     f26:	5f 92       	push	r5
     f28:	6f 92       	push	r6
     f2a:	7f 92       	push	r7
     f2c:	8f 92       	push	r8
     f2e:	9f 92       	push	r9
     f30:	af 92       	push	r10
     f32:	bf 92       	push	r11
     f34:	cf 92       	push	r12
     f36:	df 92       	push	r13
     f38:	ef 92       	push	r14
     f3a:	ff 92       	push	r15
     f3c:	0f 93       	push	r16
     f3e:	1f 93       	push	r17
     f40:	cf 93       	push	r28
     f42:	df 93       	push	r29
     f44:	cd b7       	in	r28, 0x3d	; 61
     f46:	de b7       	in	r29, 0x3e	; 62
     f48:	66 97       	sbiw	r28, 0x16	; 22
     f4a:	0f b6       	in	r0, 0x3f	; 63
     f4c:	f8 94       	cli
     f4e:	de bf       	out	0x3e, r29	; 62
     f50:	0f be       	out	0x3f, r0	; 63
     f52:	cd bf       	out	0x3d, r28	; 61
     f54:	26 e3       	ldi	r18, 0x36	; 54
     f56:	32 e0       	ldi	r19, 0x02	; 2
     f58:	3f 83       	std	Y+7, r19	; 0x07
     f5a:	2e 83       	std	Y+6, r18	; 0x06
     f5c:	91 2c       	mov	r9, r1
     f5e:	1e 8a       	std	Y+22, r1	; 0x16
     f60:	1d 8a       	std	Y+21, r1	; 0x15
     f62:	19 82       	std	Y+1, r1	; 0x01
     f64:	1a 82       	std	Y+2, r1	; 0x02
     f66:	21 2c       	mov	r2, r1
     f68:	31 2c       	mov	r3, r1
     f6a:	81 2c       	mov	r8, r1
     f6c:	1d 82       	std	Y+5, r1	; 0x05
     f6e:	41 2c       	mov	r4, r1
     f70:	51 2c       	mov	r5, r1
     f72:	32 01       	movw	r6, r4
     f74:	18 86       	std	Y+8, r1	; 0x08
     f76:	19 86       	std	Y+9, r1	; 0x09
     f78:	1a 86       	std	Y+10, r1	; 0x0a
     f7a:	1b 86       	std	Y+11, r1	; 0x0b
     f7c:	1c 86       	std	Y+12, r1	; 0x0c
     f7e:	1d 86       	std	Y+13, r1	; 0x0d
     f80:	1e 86       	std	Y+14, r1	; 0x0e
     f82:	1f 86       	std	Y+15, r1	; 0x0f
     f84:	ee 81       	ldd	r30, Y+6	; 0x06
     f86:	ff 81       	ldd	r31, Y+7	; 0x07
     f88:	21 91       	ld	r18, Z+
     f8a:	31 91       	ld	r19, Z+
     f8c:	ff 83       	std	Y+7, r31	; 0x07
     f8e:	ee 83       	std	Y+6, r30	; 0x06
     f90:	3c 83       	std	Y+4, r19	; 0x04
     f92:	2b 83       	std	Y+3, r18	; 0x03
     f94:	a9 2c       	mov	r10, r9
     f96:	be 88       	ldd	r11, Y+22	; 0x16
     f98:	cd 88       	ldd	r12, Y+21	; 0x15
     f9a:	d9 80       	ldd	r13, Y+1	; 0x01
     f9c:	ea 80       	ldd	r14, Y+2	; 0x02
     f9e:	f2 2c       	mov	r15, r2
     fa0:	03 2d       	mov	r16, r3
     fa2:	18 2d       	mov	r17, r8
     fa4:	40 e0       	ldi	r20, 0x00	; 0
     fa6:	50 e0       	ldi	r21, 0x00	; 0
     fa8:	60 e0       	ldi	r22, 0x00	; 0
     faa:	70 e0       	ldi	r23, 0x00	; 0
     fac:	80 e0       	ldi	r24, 0x00	; 0
     fae:	90 e0       	ldi	r25, 0x00	; 0
     fb0:	0e 94 89 15 	call	0x2b12	; 0x2b12 <__muldi3>
     fb4:	a8 84       	ldd	r10, Y+8	; 0x08
     fb6:	b9 84       	ldd	r11, Y+9	; 0x09
     fb8:	ca 84       	ldd	r12, Y+10	; 0x0a
     fba:	db 84       	ldd	r13, Y+11	; 0x0b
     fbc:	ec 84       	ldd	r14, Y+12	; 0x0c
     fbe:	fd 84       	ldd	r15, Y+13	; 0x0d
     fc0:	0e 85       	ldd	r16, Y+14	; 0x0e
     fc2:	1f 85       	ldd	r17, Y+15	; 0x0f
     fc4:	0e 94 41 16 	call	0x2c82	; 0x2c82 <__adddi3>
     fc8:	28 8b       	std	Y+16, r18	; 0x10
     fca:	39 8b       	std	Y+17, r19	; 0x11
     fcc:	4a 8b       	std	Y+18, r20	; 0x12
     fce:	5b 8b       	std	Y+19, r21	; 0x13
     fd0:	6c 8b       	std	Y+20, r22	; 0x14
     fd2:	b7 2f       	mov	r27, r23
     fd4:	f8 2f       	mov	r31, r24
     fd6:	e9 2f       	mov	r30, r25
     fd8:	28 87       	std	Y+8, r18	; 0x08
     fda:	39 87       	std	Y+9, r19	; 0x09
     fdc:	4a 87       	std	Y+10, r20	; 0x0a
     fde:	5b 87       	std	Y+11, r21	; 0x0b
     fe0:	6c 87       	std	Y+12, r22	; 0x0c
     fe2:	7d 87       	std	Y+13, r23	; 0x0d
     fe4:	8e 87       	std	Y+14, r24	; 0x0e
     fe6:	9f 87       	std	Y+15, r25	; 0x0f
     fe8:	8b 81       	ldd	r24, Y+3	; 0x03
     fea:	9c 81       	ldd	r25, Y+4	; 0x04
     fec:	48 0e       	add	r4, r24
     fee:	59 1e       	adc	r5, r25
     ff0:	61 1c       	adc	r6, r1
     ff2:	71 1c       	adc	r7, r1
     ff4:	4a 97       	sbiw	r24, 0x1a	; 26
     ff6:	10 f0       	brcs	.+4      	; 0xffc <followLine+0xdc>
     ff8:	91 e0       	ldi	r25, 0x01	; 1
     ffa:	9d 83       	std	Y+5, r25	; 0x05
     ffc:	29 2d       	mov	r18, r9
     ffe:	3e 89       	ldd	r19, Y+22	; 0x16
    1000:	4d 89       	ldd	r20, Y+21	; 0x15
    1002:	59 81       	ldd	r21, Y+1	; 0x01
    1004:	6a 81       	ldd	r22, Y+2	; 0x02
    1006:	72 2d       	mov	r23, r2
    1008:	83 2d       	mov	r24, r3
    100a:	98 2d       	mov	r25, r8
    100c:	a4 e6       	ldi	r26, 0x64	; 100
    100e:	0e 94 4a 16 	call	0x2c94	; 0x2c94 <__adddi3_s8>
    1012:	92 2e       	mov	r9, r18
    1014:	3e 8b       	std	Y+22, r19	; 0x16
    1016:	4d 8b       	std	Y+21, r20	; 0x15
    1018:	59 83       	std	Y+1, r21	; 0x01
    101a:	6a 83       	std	Y+2, r22	; 0x02
    101c:	27 2e       	mov	r2, r23
    101e:	38 2e       	mov	r3, r24
    1020:	89 2e       	mov	r8, r25
    1022:	2c 32       	cpi	r18, 0x2C	; 44
    1024:	31 40       	sbci	r19, 0x01	; 1
    1026:	41 05       	cpc	r20, r1
    1028:	51 05       	cpc	r21, r1
    102a:	61 05       	cpc	r22, r1
    102c:	71 05       	cpc	r23, r1
    102e:	81 05       	cpc	r24, r1
    1030:	91 05       	cpc	r25, r1
    1032:	09 f0       	breq	.+2      	; 0x1036 <followLine+0x116>
    1034:	a7 cf       	rjmp	.-178    	; 0xf84 <followLine+0x64>
    1036:	41 14       	cp	r4, r1
    1038:	51 04       	cpc	r5, r1
    103a:	61 04       	cpc	r6, r1
    103c:	71 04       	cpc	r7, r1
    103e:	29 f1       	breq	.+74     	; 0x108a <followLine+0x16a>
    1040:	2d 81       	ldd	r18, Y+5	; 0x05
    1042:	22 23       	and	r18, r18
    1044:	11 f1       	breq	.+68     	; 0x108a <followLine+0x16a>
    1046:	93 01       	movw	r18, r6
    1048:	82 01       	movw	r16, r4
    104a:	52 01       	movw	r10, r4
    104c:	69 01       	movw	r12, r18
    104e:	e1 2c       	mov	r14, r1
    1050:	f1 2c       	mov	r15, r1
    1052:	00 e0       	ldi	r16, 0x00	; 0
    1054:	10 e0       	ldi	r17, 0x00	; 0
    1056:	28 89       	ldd	r18, Y+16	; 0x10
    1058:	39 89       	ldd	r19, Y+17	; 0x11
    105a:	4a 89       	ldd	r20, Y+18	; 0x12
    105c:	5b 89       	ldd	r21, Y+19	; 0x13
    105e:	6c 89       	ldd	r22, Y+20	; 0x14
    1060:	7b 2f       	mov	r23, r27
    1062:	8f 2f       	mov	r24, r31
    1064:	9e 2f       	mov	r25, r30
    1066:	0e 94 e4 15 	call	0x2bc8	; 0x2bc8 <__udivdi3>
    106a:	a3 2f       	mov	r26, r19
    106c:	f4 2f       	mov	r31, r20
    106e:	e5 2f       	mov	r30, r21
    1070:	42 2f       	mov	r20, r18
    1072:	5a 2f       	mov	r21, r26
    1074:	6f 2f       	mov	r22, r31
    1076:	7e 2f       	mov	r23, r30
    1078:	40 93 30 01 	sts	0x0130, r20	; 0x800130 <lineFollowLastPos.2193>
    107c:	50 93 31 01 	sts	0x0131, r21	; 0x800131 <lineFollowLastPos.2193+0x1>
    1080:	60 93 32 01 	sts	0x0132, r22	; 0x800132 <lineFollowLastPos.2193+0x2>
    1084:	70 93 33 01 	sts	0x0133, r23	; 0x800133 <lineFollowLastPos.2193+0x3>
    1088:	08 c0       	rjmp	.+16     	; 0x109a <followLine+0x17a>
    108a:	40 91 30 01 	lds	r20, 0x0130	; 0x800130 <lineFollowLastPos.2193>
    108e:	50 91 31 01 	lds	r21, 0x0131	; 0x800131 <lineFollowLastPos.2193+0x1>
    1092:	60 91 32 01 	lds	r22, 0x0132	; 0x800132 <lineFollowLastPos.2193+0x2>
    1096:	70 91 33 01 	lds	r23, 0x0133	; 0x800133 <lineFollowLastPos.2193+0x3>
    109a:	cb 01       	movw	r24, r22
    109c:	ba 01       	movw	r22, r20
    109e:	64 56       	subi	r22, 0x64	; 100
    10a0:	71 09       	sbc	r23, r1
    10a2:	81 09       	sbc	r24, r1
    10a4:	91 09       	sbc	r25, r1
    10a6:	00 91 2c 01 	lds	r16, 0x012C	; 0x80012c <lineFollowLastError.2195>
    10aa:	10 91 2d 01 	lds	r17, 0x012D	; 0x80012d <lineFollowLastError.2195+0x1>
    10ae:	20 91 2e 01 	lds	r18, 0x012E	; 0x80012e <lineFollowLastError.2195+0x2>
    10b2:	30 91 2f 01 	lds	r19, 0x012F	; 0x80012f <lineFollowLastError.2195+0x3>
    10b6:	4b 01       	movw	r8, r22
    10b8:	5c 01       	movw	r10, r24
    10ba:	80 1a       	sub	r8, r16
    10bc:	91 0a       	sbc	r9, r17
    10be:	a2 0a       	sbc	r10, r18
    10c0:	b3 0a       	sbc	r11, r19
    10c2:	60 93 2c 01 	sts	0x012C, r22	; 0x80012c <lineFollowLastError.2195>
    10c6:	70 93 2d 01 	sts	0x012D, r23	; 0x80012d <lineFollowLastError.2195+0x1>
    10ca:	80 93 2e 01 	sts	0x012E, r24	; 0x80012e <lineFollowLastError.2195+0x2>
    10ce:	90 93 2f 01 	sts	0x012F, r25	; 0x80012f <lineFollowLastError.2195+0x3>
    10d2:	0e 94 24 14 	call	0x2848	; 0x2848 <__floatsisf>
    10d6:	2f e8       	ldi	r18, 0x8F	; 143
    10d8:	32 ec       	ldi	r19, 0xC2	; 194
    10da:	45 ef       	ldi	r20, 0xF5	; 245
    10dc:	5d e3       	ldi	r21, 0x3D	; 61
    10de:	0e 94 b0 14 	call	0x2960	; 0x2960 <__mulsf3>
    10e2:	2b 01       	movw	r4, r22
    10e4:	3c 01       	movw	r6, r24
    10e6:	c5 01       	movw	r24, r10
    10e8:	b4 01       	movw	r22, r8
    10ea:	0e 94 24 14 	call	0x2848	; 0x2848 <__floatsisf>
    10ee:	2d ec       	ldi	r18, 0xCD	; 205
    10f0:	3c ec       	ldi	r19, 0xCC	; 204
    10f2:	4c e4       	ldi	r20, 0x4C	; 76
    10f4:	5d e3       	ldi	r21, 0x3D	; 61
    10f6:	0e 94 b0 14 	call	0x2960	; 0x2960 <__mulsf3>
    10fa:	9b 01       	movw	r18, r22
    10fc:	ac 01       	movw	r20, r24
    10fe:	c3 01       	movw	r24, r6
    1100:	b2 01       	movw	r22, r4
    1102:	0e 94 80 13 	call	0x2700	; 0x2700 <__addsf3>
    1106:	0e 94 ec 13 	call	0x27d8	; 0x27d8 <__fixsfsi>
    110a:	8b 01       	movw	r16, r22
    110c:	07 2e       	mov	r0, r23
    110e:	00 0c       	add	r0, r0
    1110:	22 0b       	sbc	r18, r18
    1112:	33 0b       	sbc	r19, r19
    1114:	fb 01       	movw	r30, r22
    1116:	77 ff       	sbrs	r23, 7
    1118:	04 c0       	rjmp	.+8      	; 0x1122 <followLine+0x202>
    111a:	ee 27       	eor	r30, r30
    111c:	ff 27       	eor	r31, r31
    111e:	e6 1b       	sub	r30, r22
    1120:	f7 0b       	sbc	r31, r23
    1122:	44 e1       	ldi	r20, 0x14	; 20
    1124:	50 e0       	ldi	r21, 0x00	; 0
    1126:	2a 01       	movw	r4, r20
    1128:	4e 1a       	sub	r4, r30
    112a:	5f 0a       	sbc	r5, r31
    112c:	05 2c       	mov	r0, r5
    112e:	00 0c       	add	r0, r0
    1130:	66 08       	sbc	r6, r6
    1132:	77 08       	sbc	r7, r7
    1134:	d9 01       	movw	r26, r18
    1136:	c8 01       	movw	r24, r16
    1138:	84 0d       	add	r24, r4
    113a:	95 1d       	adc	r25, r5
    113c:	a6 1d       	adc	r26, r6
    113e:	b7 1d       	adc	r27, r7
    1140:	8c 3e       	cpi	r24, 0xEC	; 236
    1142:	4f ef       	ldi	r20, 0xFF	; 255
    1144:	94 07       	cpc	r25, r20
    1146:	a4 07       	cpc	r26, r20
    1148:	b4 07       	cpc	r27, r20
    114a:	24 f4       	brge	.+8      	; 0x1154 <followLine+0x234>
    114c:	8c ee       	ldi	r24, 0xEC	; 236
    114e:	9f ef       	ldi	r25, 0xFF	; 255
    1150:	af ef       	ldi	r26, 0xFF	; 255
    1152:	bf ef       	ldi	r27, 0xFF	; 255
    1154:	40 1a       	sub	r4, r16
    1156:	51 0a       	sbc	r5, r17
    1158:	62 0a       	sbc	r6, r18
    115a:	73 0a       	sbc	r7, r19
    115c:	ec ee       	ldi	r30, 0xEC	; 236
    115e:	4e 16       	cp	r4, r30
    1160:	ef ef       	ldi	r30, 0xFF	; 255
    1162:	5e 06       	cpc	r5, r30
    1164:	6e 06       	cpc	r6, r30
    1166:	7e 06       	cpc	r7, r30
    1168:	34 f4       	brge	.+12     	; 0x1176 <followLine+0x256>
    116a:	2c ee       	ldi	r18, 0xEC	; 236
    116c:	42 2e       	mov	r4, r18
    116e:	55 24       	eor	r5, r5
    1170:	5a 94       	dec	r5
    1172:	65 2c       	mov	r6, r5
    1174:	75 2c       	mov	r7, r5
    1176:	85 31       	cpi	r24, 0x15	; 21
    1178:	91 05       	cpc	r25, r1
    117a:	a1 05       	cpc	r26, r1
    117c:	b1 05       	cpc	r27, r1
    117e:	24 f0       	brlt	.+8      	; 0x1188 <followLine+0x268>
    1180:	84 e1       	ldi	r24, 0x14	; 20
    1182:	90 e0       	ldi	r25, 0x00	; 0
    1184:	a0 e0       	ldi	r26, 0x00	; 0
    1186:	b0 e0       	ldi	r27, 0x00	; 0
    1188:	0e 94 49 04 	call	0x892	; 0x892 <motorLeft>
    118c:	d3 01       	movw	r26, r6
    118e:	c2 01       	movw	r24, r4
    1190:	85 31       	cpi	r24, 0x15	; 21
    1192:	91 05       	cpc	r25, r1
    1194:	a1 05       	cpc	r26, r1
    1196:	b1 05       	cpc	r27, r1
    1198:	24 f0       	brlt	.+8      	; 0x11a2 <followLine+0x282>
    119a:	84 e1       	ldi	r24, 0x14	; 20
    119c:	90 e0       	ldi	r25, 0x00	; 0
    119e:	a0 e0       	ldi	r26, 0x00	; 0
    11a0:	b0 e0       	ldi	r27, 0x00	; 0
    11a2:	66 96       	adiw	r28, 0x16	; 22
    11a4:	0f b6       	in	r0, 0x3f	; 63
    11a6:	f8 94       	cli
    11a8:	de bf       	out	0x3e, r29	; 62
    11aa:	0f be       	out	0x3f, r0	; 63
    11ac:	cd bf       	out	0x3d, r28	; 61
    11ae:	df 91       	pop	r29
    11b0:	cf 91       	pop	r28
    11b2:	1f 91       	pop	r17
    11b4:	0f 91       	pop	r16
    11b6:	ff 90       	pop	r15
    11b8:	ef 90       	pop	r14
    11ba:	df 90       	pop	r13
    11bc:	cf 90       	pop	r12
    11be:	bf 90       	pop	r11
    11c0:	af 90       	pop	r10
    11c2:	9f 90       	pop	r9
    11c4:	8f 90       	pop	r8
    11c6:	7f 90       	pop	r7
    11c8:	6f 90       	pop	r6
    11ca:	5f 90       	pop	r5
    11cc:	4f 90       	pop	r4
    11ce:	3f 90       	pop	r3
    11d0:	2f 90       	pop	r2
    11d2:	0c 94 90 04 	jmp	0x920	; 0x920 <motorRight>

000011d6 <flashLEDs>:
    11d6:	ff 92       	push	r15
    11d8:	0f 93       	push	r16
    11da:	1f 93       	push	r17
    11dc:	cf 93       	push	r28
    11de:	df 93       	push	r29
    11e0:	18 2f       	mov	r17, r24
    11e2:	06 2f       	mov	r16, r22
    11e4:	f4 2e       	mov	r15, r20
    11e6:	d5 e0       	ldi	r29, 0x05	; 5
    11e8:	c0 e0       	ldi	r28, 0x00	; 0
    11ea:	2f 2d       	mov	r18, r15
    11ec:	40 2f       	mov	r20, r16
    11ee:	61 2f       	mov	r22, r17
    11f0:	8c 2f       	mov	r24, r28
    11f2:	0e 94 d8 02 	call	0x5b0	; 0x5b0 <ledSet>
    11f6:	cf 5f       	subi	r28, 0xFF	; 255
    11f8:	c5 30       	cpi	r28, 0x05	; 5
    11fa:	b9 f7       	brne	.-18     	; 0x11ea <flashLEDs+0x14>
    11fc:	0e 94 05 03 	call	0x60a	; 0x60a <ledRefresh>
    1200:	8f e5       	ldi	r24, 0x5F	; 95
    1202:	9a ee       	ldi	r25, 0xEA	; 234
    1204:	01 97       	sbiw	r24, 0x01	; 1
    1206:	f1 f7       	brne	.-4      	; 0x1204 <flashLEDs+0x2e>
    1208:	00 c0       	rjmp	.+0      	; 0x120a <flashLEDs+0x34>
    120a:	00 00       	nop
    120c:	0e 94 f8 02 	call	0x5f0	; 0x5f0 <ledClear>
    1210:	0e 94 05 03 	call	0x60a	; 0x60a <ledRefresh>
    1214:	9f ef       	ldi	r25, 0xFF	; 255
    1216:	2d ee       	ldi	r18, 0xED	; 237
    1218:	82 e0       	ldi	r24, 0x02	; 2
    121a:	91 50       	subi	r25, 0x01	; 1
    121c:	20 40       	sbci	r18, 0x00	; 0
    121e:	80 40       	sbci	r24, 0x00	; 0
    1220:	e1 f7       	brne	.-8      	; 0x121a <flashLEDs+0x44>
    1222:	00 c0       	rjmp	.+0      	; 0x1224 <flashLEDs+0x4e>
    1224:	00 00       	nop
    1226:	d1 50       	subi	r29, 0x01	; 1
    1228:	f9 f6       	brne	.-66     	; 0x11e8 <flashLEDs+0x12>
    122a:	df 91       	pop	r29
    122c:	cf 91       	pop	r28
    122e:	1f 91       	pop	r17
    1230:	0f 91       	pop	r16
    1232:	ff 90       	pop	r15
    1234:	08 95       	ret

00001236 <runCommands>:
    1236:	cf 92       	push	r12
    1238:	df 92       	push	r13
    123a:	ff 92       	push	r15
    123c:	0f 93       	push	r16
    123e:	1f 93       	push	r17
    1240:	cf 93       	push	r28
    1242:	df 93       	push	r29
    1244:	00 d0       	rcall	.+0      	; 0x1246 <runCommands+0x10>
    1246:	1f 92       	push	r1
    1248:	cd b7       	in	r28, 0x3d	; 61
    124a:	de b7       	in	r29, 0x3e	; 62
    124c:	6c 01       	movw	r12, r24
    124e:	f6 01       	movw	r30, r12
    1250:	81 91       	ld	r24, Z+
    1252:	6f 01       	movw	r12, r30
    1254:	8f 33       	cpi	r24, 0x3F	; 63
    1256:	09 f4       	brne	.+2      	; 0x125a <runCommands+0x24>
    1258:	9c c0       	rjmp	.+312    	; 0x1392 <runCommands+0x15c>
    125a:	8a 30       	cpi	r24, 0x0A	; 10
    125c:	21 f4       	brne	.+8      	; 0x1266 <runCommands+0x30>
    125e:	40 e0       	ldi	r20, 0x00	; 0
    1260:	60 e0       	ldi	r22, 0x00	; 0
    1262:	82 e3       	ldi	r24, 0x32	; 50
    1264:	05 c0       	rjmp	.+10     	; 0x1270 <runCommands+0x3a>
    1266:	8b 30       	cpi	r24, 0x0B	; 11
    1268:	31 f4       	brne	.+12     	; 0x1276 <runCommands+0x40>
    126a:	40 e0       	ldi	r20, 0x00	; 0
    126c:	62 e3       	ldi	r22, 0x32	; 50
    126e:	80 e0       	ldi	r24, 0x00	; 0
    1270:	0e 94 eb 08 	call	0x11d6	; 0x11d6 <flashLEDs>
    1274:	ec cf       	rjmp	.-40     	; 0x124e <runCommands+0x18>
    1276:	8c 30       	cpi	r24, 0x0C	; 12
    1278:	19 f4       	brne	.+6      	; 0x1280 <runCommands+0x4a>
    127a:	42 e3       	ldi	r20, 0x32	; 50
    127c:	60 e0       	ldi	r22, 0x00	; 0
    127e:	f7 cf       	rjmp	.-18     	; 0x126e <runCommands+0x38>
    1280:	84 31       	cpi	r24, 0x14	; 20
    1282:	41 f5       	brne	.+80     	; 0x12d4 <runCommands+0x9e>
    1284:	1a e0       	ldi	r17, 0x0A	; 10
    1286:	88 ed       	ldi	r24, 0xD8	; 216
    1288:	0e 94 49 04 	call	0x892	; 0x892 <motorLeft>
    128c:	88 e2       	ldi	r24, 0x28	; 40
    128e:	0e 94 90 04 	call	0x920	; 0x920 <motorRight>
    1292:	2f ef       	ldi	r18, 0xFF	; 255
    1294:	80 e7       	ldi	r24, 0x70	; 112
    1296:	92 e0       	ldi	r25, 0x02	; 2
    1298:	21 50       	subi	r18, 0x01	; 1
    129a:	80 40       	sbci	r24, 0x00	; 0
    129c:	90 40       	sbci	r25, 0x00	; 0
    129e:	e1 f7       	brne	.-8      	; 0x1298 <runCommands+0x62>
    12a0:	00 c0       	rjmp	.+0      	; 0x12a2 <runCommands+0x6c>
    12a2:	00 00       	nop
    12a4:	88 e2       	ldi	r24, 0x28	; 40
    12a6:	0e 94 49 04 	call	0x892	; 0x892 <motorLeft>
    12aa:	88 ed       	ldi	r24, 0xD8	; 216
    12ac:	0e 94 90 04 	call	0x920	; 0x920 <motorRight>
    12b0:	ef ef       	ldi	r30, 0xFF	; 255
    12b2:	f0 e7       	ldi	r31, 0x70	; 112
    12b4:	22 e0       	ldi	r18, 0x02	; 2
    12b6:	e1 50       	subi	r30, 0x01	; 1
    12b8:	f0 40       	sbci	r31, 0x00	; 0
    12ba:	20 40       	sbci	r18, 0x00	; 0
    12bc:	e1 f7       	brne	.-8      	; 0x12b6 <runCommands+0x80>
    12be:	00 c0       	rjmp	.+0      	; 0x12c0 <runCommands+0x8a>
    12c0:	00 00       	nop
    12c2:	11 50       	subi	r17, 0x01	; 1
    12c4:	01 f7       	brne	.-64     	; 0x1286 <runCommands+0x50>
    12c6:	80 e0       	ldi	r24, 0x00	; 0
    12c8:	0e 94 49 04 	call	0x892	; 0x892 <motorLeft>
    12cc:	80 e0       	ldi	r24, 0x00	; 0
    12ce:	0e 94 90 04 	call	0x920	; 0x920 <motorRight>
    12d2:	bd cf       	rjmp	.-134    	; 0x124e <runCommands+0x18>
    12d4:	85 31       	cpi	r24, 0x15	; 21
    12d6:	11 f5       	brne	.+68     	; 0x131c <runCommands+0xe6>
    12d8:	1a e0       	ldi	r17, 0x0A	; 10
    12da:	88 e2       	ldi	r24, 0x28	; 40
    12dc:	0e 94 49 04 	call	0x892	; 0x892 <motorLeft>
    12e0:	88 e2       	ldi	r24, 0x28	; 40
    12e2:	0e 94 90 04 	call	0x920	; 0x920 <motorRight>
    12e6:	8f ef       	ldi	r24, 0xFF	; 255
    12e8:	90 e7       	ldi	r25, 0x70	; 112
    12ea:	e2 e0       	ldi	r30, 0x02	; 2
    12ec:	81 50       	subi	r24, 0x01	; 1
    12ee:	90 40       	sbci	r25, 0x00	; 0
    12f0:	e0 40       	sbci	r30, 0x00	; 0
    12f2:	e1 f7       	brne	.-8      	; 0x12ec <runCommands+0xb6>
    12f4:	00 c0       	rjmp	.+0      	; 0x12f6 <runCommands+0xc0>
    12f6:	00 00       	nop
    12f8:	88 ed       	ldi	r24, 0xD8	; 216
    12fa:	0e 94 49 04 	call	0x892	; 0x892 <motorLeft>
    12fe:	88 ed       	ldi	r24, 0xD8	; 216
    1300:	0e 94 90 04 	call	0x920	; 0x920 <motorRight>
    1304:	ff ef       	ldi	r31, 0xFF	; 255
    1306:	20 e7       	ldi	r18, 0x70	; 112
    1308:	82 e0       	ldi	r24, 0x02	; 2
    130a:	f1 50       	subi	r31, 0x01	; 1
    130c:	20 40       	sbci	r18, 0x00	; 0
    130e:	80 40       	sbci	r24, 0x00	; 0
    1310:	e1 f7       	brne	.-8      	; 0x130a <runCommands+0xd4>
    1312:	00 c0       	rjmp	.+0      	; 0x1314 <runCommands+0xde>
    1314:	00 00       	nop
    1316:	11 50       	subi	r17, 0x01	; 1
    1318:	01 f7       	brne	.-64     	; 0x12da <runCommands+0xa4>
    131a:	d5 cf       	rjmp	.-86     	; 0x12c6 <runCommands+0x90>
    131c:	8a 32       	cpi	r24, 0x2A	; 42
    131e:	09 f0       	breq	.+2      	; 0x1322 <runCommands+0xec>
    1320:	96 cf       	rjmp	.-212    	; 0x124e <runCommands+0x18>
    1322:	8c ee       	ldi	r24, 0xEC	; 236
    1324:	0e 94 49 04 	call	0x892	; 0x892 <motorLeft>
    1328:	84 e1       	ldi	r24, 0x14	; 20
    132a:	0e 94 90 04 	call	0x920	; 0x920 <motorRight>
    132e:	10 e0       	ldi	r17, 0x00	; 0
    1330:	1d 5f       	subi	r17, 0xFD	; 253
    1332:	0e 94 f8 02 	call	0x5f0	; 0x5f0 <ledClear>
    1336:	f1 2e       	mov	r15, r17
    1338:	00 e0       	ldi	r16, 0x00	; 0
    133a:	9e 01       	movw	r18, r28
    133c:	2f 5f       	subi	r18, 0xFF	; 255
    133e:	3f 4f       	sbci	r19, 0xFF	; 255
    1340:	ae 01       	movw	r20, r28
    1342:	4e 5f       	subi	r20, 0xFE	; 254
    1344:	5f 4f       	sbci	r21, 0xFF	; 255
    1346:	be 01       	movw	r22, r28
    1348:	6d 5f       	subi	r22, 0xFD	; 253
    134a:	7f 4f       	sbci	r23, 0xFF	; 255
    134c:	8f 2d       	mov	r24, r15
    134e:	0e 94 44 13 	call	0x2688	; 0x2688 <utilHue2RGB>
    1352:	29 81       	ldd	r18, Y+1	; 0x01
    1354:	4a 81       	ldd	r20, Y+2	; 0x02
    1356:	6b 81       	ldd	r22, Y+3	; 0x03
    1358:	80 2f       	mov	r24, r16
    135a:	0e 94 d8 02 	call	0x5b0	; 0x5b0 <ledSet>
    135e:	0f 5f       	subi	r16, 0xFF	; 255
    1360:	9e e1       	ldi	r25, 0x1E	; 30
    1362:	f9 0e       	add	r15, r25
    1364:	05 30       	cpi	r16, 0x05	; 5
    1366:	49 f7       	brne	.-46     	; 0x133a <runCommands+0x104>
    1368:	0e 94 05 03 	call	0x60a	; 0x60a <ledRefresh>
    136c:	ef e1       	ldi	r30, 0x1F	; 31
    136e:	fe e4       	ldi	r31, 0x4E	; 78
    1370:	31 97       	sbiw	r30, 0x01	; 1
    1372:	f1 f7       	brne	.-4      	; 0x1370 <runCommands+0x13a>
    1374:	00 c0       	rjmp	.+0      	; 0x1376 <runCommands+0x140>
    1376:	00 00       	nop
    1378:	19 37       	cpi	r17, 0x79	; 121
    137a:	d1 f6       	brne	.-76     	; 0x1330 <runCommands+0xfa>
    137c:	80 e0       	ldi	r24, 0x00	; 0
    137e:	0e 94 49 04 	call	0x892	; 0x892 <motorLeft>
    1382:	80 e0       	ldi	r24, 0x00	; 0
    1384:	0e 94 90 04 	call	0x920	; 0x920 <motorRight>
    1388:	0e 94 f8 02 	call	0x5f0	; 0x5f0 <ledClear>
    138c:	0e 94 05 03 	call	0x60a	; 0x60a <ledRefresh>
    1390:	5e cf       	rjmp	.-324    	; 0x124e <runCommands+0x18>
    1392:	0e 94 f8 02 	call	0x5f0	; 0x5f0 <ledClear>
    1396:	0e 94 05 03 	call	0x60a	; 0x60a <ledRefresh>
    139a:	80 e0       	ldi	r24, 0x00	; 0
    139c:	0e 94 49 04 	call	0x892	; 0x892 <motorLeft>
    13a0:	80 e0       	ldi	r24, 0x00	; 0
    13a2:	0e 94 90 04 	call	0x920	; 0x920 <motorRight>
    13a6:	0f 90       	pop	r0
    13a8:	0f 90       	pop	r0
    13aa:	0f 90       	pop	r0
    13ac:	df 91       	pop	r29
    13ae:	cf 91       	pop	r28
    13b0:	1f 91       	pop	r17
    13b2:	0f 91       	pop	r16
    13b4:	ff 90       	pop	r15
    13b6:	df 90       	pop	r13
    13b8:	cf 90       	pop	r12
    13ba:	08 95       	ret

000013bc <runCalibrationCycle.constprop.5>:
    13bc:	ff 92       	push	r15
    13be:	0f 93       	push	r16
    13c0:	1f 93       	push	r17
    13c2:	cf 93       	push	r28
    13c4:	df 93       	push	r29
    13c6:	00 d0       	rcall	.+0      	; 0x13c8 <runCalibrationCycle.constprop.5+0xc>
    13c8:	00 d0       	rcall	.+0      	; 0x13ca <runCalibrationCycle.constprop.5+0xe>
    13ca:	00 d0       	rcall	.+0      	; 0x13cc <runCalibrationCycle.constprop.5+0x10>
    13cc:	cd b7       	in	r28, 0x3d	; 61
    13ce:	de b7       	in	r29, 0x3e	; 62
    13d0:	f8 2e       	mov	r15, r24
    13d2:	00 e0       	ldi	r16, 0x00	; 0
    13d4:	10 e0       	ldi	r17, 0x00	; 0
    13d6:	10 17       	cp	r17, r16
    13d8:	10 f4       	brcc	.+4      	; 0x13de <runCalibrationCycle.constprop.5+0x22>
    13da:	60 e0       	ldi	r22, 0x00	; 0
    13dc:	01 c0       	rjmp	.+2      	; 0x13e0 <runCalibrationCycle.constprop.5+0x24>
    13de:	6a e0       	ldi	r22, 0x0A	; 10
    13e0:	20 e0       	ldi	r18, 0x00	; 0
    13e2:	46 2f       	mov	r20, r22
    13e4:	81 2f       	mov	r24, r17
    13e6:	0e 94 d8 02 	call	0x5b0	; 0x5b0 <ledSet>
    13ea:	1f 5f       	subi	r17, 0xFF	; 255
    13ec:	15 30       	cpi	r17, 0x05	; 5
    13ee:	99 f7       	brne	.-26     	; 0x13d6 <runCalibrationCycle.constprop.5+0x1a>
    13f0:	0e 94 05 03 	call	0x60a	; 0x60a <ledRefresh>
    13f4:	10 e0       	ldi	r17, 0x00	; 0
    13f6:	1f 15       	cp	r17, r15
    13f8:	41 f1       	breq	.+80     	; 0x144a <runCalibrationCycle.constprop.5+0x8e>
    13fa:	ce 01       	movw	r24, r28
    13fc:	01 96       	adiw	r24, 0x01	; 1
    13fe:	0e 94 59 03 	call	0x6b2	; 0x6b2 <lineSensorRead>
    1402:	ae 01       	movw	r20, r28
    1404:	4f 5f       	subi	r20, 0xFF	; 255
    1406:	5f 4f       	sbci	r21, 0xFF	; 255
    1408:	e4 e0       	ldi	r30, 0x04	; 4
    140a:	f2 e0       	ldi	r31, 0x02	; 2
    140c:	6b e0       	ldi	r22, 0x0B	; 11
    140e:	72 e0       	ldi	r23, 0x02	; 2
    1410:	da 01       	movw	r26, r20
    1412:	8d 91       	ld	r24, X+
    1414:	9d 91       	ld	r25, X+
    1416:	ad 01       	movw	r20, r26
    1418:	20 81       	ld	r18, Z
    141a:	31 81       	ldd	r19, Z+1	; 0x01
    141c:	28 17       	cp	r18, r24
    141e:	39 07       	cpc	r19, r25
    1420:	08 f4       	brcc	.+2      	; 0x1424 <runCalibrationCycle.constprop.5+0x68>
    1422:	9c 01       	movw	r18, r24
    1424:	21 93       	st	Z+, r18
    1426:	31 93       	st	Z+, r19
    1428:	db 01       	movw	r26, r22
    142a:	2d 91       	ld	r18, X+
    142c:	3c 91       	ld	r19, X
    142e:	82 17       	cp	r24, r18
    1430:	93 07       	cpc	r25, r19
    1432:	08 f4       	brcc	.+2      	; 0x1436 <runCalibrationCycle.constprop.5+0x7a>
    1434:	9c 01       	movw	r18, r24
    1436:	db 01       	movw	r26, r22
    1438:	2d 93       	st	X+, r18
    143a:	3d 93       	st	X+, r19
    143c:	bd 01       	movw	r22, r26
    143e:	b2 e0       	ldi	r27, 0x02	; 2
    1440:	ea 30       	cpi	r30, 0x0A	; 10
    1442:	fb 07       	cpc	r31, r27
    1444:	29 f7       	brne	.-54     	; 0x1410 <runCalibrationCycle.constprop.5+0x54>
    1446:	1f 5f       	subi	r17, 0xFF	; 255
    1448:	d6 cf       	rjmp	.-84     	; 0x13f6 <runCalibrationCycle.constprop.5+0x3a>
    144a:	0f 5f       	subi	r16, 0xFF	; 255
    144c:	05 30       	cpi	r16, 0x05	; 5
    144e:	11 f6       	brne	.-124    	; 0x13d4 <runCalibrationCycle.constprop.5+0x18>
    1450:	26 96       	adiw	r28, 0x06	; 6
    1452:	0f b6       	in	r0, 0x3f	; 63
    1454:	f8 94       	cli
    1456:	de bf       	out	0x3e, r29	; 62
    1458:	0f be       	out	0x3f, r0	; 63
    145a:	cd bf       	out	0x3d, r28	; 61
    145c:	df 91       	pop	r29
    145e:	cf 91       	pop	r28
    1460:	1f 91       	pop	r17
    1462:	0f 91       	pop	r16
    1464:	ff 90       	pop	r15
    1466:	08 95       	ret

00001468 <readCalibratedSensors.constprop.6>:
    1468:	df 92       	push	r13
    146a:	ef 92       	push	r14
    146c:	ff 92       	push	r15
    146e:	0f 93       	push	r16
    1470:	1f 93       	push	r17
    1472:	cf 93       	push	r28
    1474:	df 93       	push	r29
    1476:	86 e3       	ldi	r24, 0x36	; 54
    1478:	92 e0       	ldi	r25, 0x02	; 2
    147a:	0e 94 59 03 	call	0x6b2	; 0x6b2 <lineSensorRead>
    147e:	eb e0       	ldi	r30, 0x0B	; 11
    1480:	f2 e0       	ldi	r31, 0x02	; 2
    1482:	04 e0       	ldi	r16, 0x04	; 4
    1484:	12 e0       	ldi	r17, 0x02	; 2
    1486:	c6 e3       	ldi	r28, 0x36	; 54
    1488:	d2 e0       	ldi	r29, 0x02	; 2
    148a:	81 e1       	ldi	r24, 0x11	; 17
    148c:	e8 2e       	mov	r14, r24
    148e:	82 e0       	ldi	r24, 0x02	; 2
    1490:	f8 2e       	mov	r15, r24
    1492:	94 e6       	ldi	r25, 0x64	; 100
    1494:	d9 2e       	mov	r13, r25
    1496:	41 91       	ld	r20, Z+
    1498:	51 91       	ld	r21, Z+
    149a:	d8 01       	movw	r26, r16
    149c:	6d 91       	ld	r22, X+
    149e:	7d 91       	ld	r23, X+
    14a0:	8d 01       	movw	r16, r26
    14a2:	88 81       	ld	r24, Y
    14a4:	99 81       	ldd	r25, Y+1	; 0x01
    14a6:	84 17       	cp	r24, r20
    14a8:	95 07       	cpc	r25, r21
    14aa:	08 f4       	brcc	.+2      	; 0x14ae <readCalibratedSensors.constprop.6+0x46>
    14ac:	ca 01       	movw	r24, r20
    14ae:	68 17       	cp	r22, r24
    14b0:	79 07       	cpc	r23, r25
    14b2:	08 f4       	brcc	.+2      	; 0x14b6 <readCalibratedSensors.constprop.6+0x4e>
    14b4:	cb 01       	movw	r24, r22
    14b6:	9c 01       	movw	r18, r24
    14b8:	24 1b       	sub	r18, r20
    14ba:	35 0b       	sbc	r19, r21
    14bc:	d2 9e       	mul	r13, r18
    14be:	c0 01       	movw	r24, r0
    14c0:	d3 9e       	mul	r13, r19
    14c2:	90 0d       	add	r25, r0
    14c4:	11 24       	eor	r1, r1
    14c6:	6f 5f       	subi	r22, 0xFF	; 255
    14c8:	7f 4f       	sbci	r23, 0xFF	; 255
    14ca:	64 1b       	sub	r22, r20
    14cc:	75 0b       	sbc	r23, r21
    14ce:	0e 94 1d 15 	call	0x2a3a	; 0x2a3a <__udivmodhi4>
    14d2:	69 93       	st	Y+, r22
    14d4:	79 93       	st	Y+, r23
    14d6:	ee 16       	cp	r14, r30
    14d8:	ff 06       	cpc	r15, r31
    14da:	e9 f6       	brne	.-70     	; 0x1496 <readCalibratedSensors.constprop.6+0x2e>
    14dc:	df 91       	pop	r29
    14de:	cf 91       	pop	r28
    14e0:	1f 91       	pop	r17
    14e2:	0f 91       	pop	r16
    14e4:	ff 90       	pop	r15
    14e6:	ef 90       	pop	r14
    14e8:	df 90       	pop	r13
    14ea:	08 95       	ret

000014ec <runBarcodeProgram>:
    14ec:	3f 92       	push	r3
    14ee:	4f 92       	push	r4
    14f0:	5f 92       	push	r5
    14f2:	6f 92       	push	r6
    14f4:	7f 92       	push	r7
    14f6:	8f 92       	push	r8
    14f8:	9f 92       	push	r9
    14fa:	af 92       	push	r10
    14fc:	bf 92       	push	r11
    14fe:	cf 92       	push	r12
    1500:	df 92       	push	r13
    1502:	ef 92       	push	r14
    1504:	ff 92       	push	r15
    1506:	0f 93       	push	r16
    1508:	1f 93       	push	r17
    150a:	cf 93       	push	r28
    150c:	df 93       	push	r29
    150e:	cd b7       	in	r28, 0x3d	; 61
    1510:	de b7       	in	r29, 0x3e	; 62
    1512:	29 97       	sbiw	r28, 0x09	; 9
    1514:	0f b6       	in	r0, 0x3f	; 63
    1516:	f8 94       	cli
    1518:	de bf       	out	0x3e, r29	; 62
    151a:	0f be       	out	0x3f, r0	; 63
    151c:	cd bf       	out	0x3d, r28	; 61
    151e:	0e 94 f8 02 	call	0x5f0	; 0x5f0 <ledClear>
    1522:	0e 94 05 03 	call	0x60a	; 0x60a <ledRefresh>
    1526:	80 e0       	ldi	r24, 0x00	; 0
    1528:	0e 94 49 04 	call	0x892	; 0x892 <motorLeft>
    152c:	80 e0       	ldi	r24, 0x00	; 0
    152e:	0e 94 90 04 	call	0x920	; 0x920 <motorRight>
    1532:	81 e0       	ldi	r24, 0x01	; 1
    1534:	0e 94 df 04 	call	0x9be	; 0x9be <motorUseHardBrake>
    1538:	0e 94 ee 04 	call	0x9dc	; 0x9dc <serialInit>
    153c:	60 e0       	ldi	r22, 0x00	; 0
    153e:	7b e4       	ldi	r23, 0x4B	; 75
    1540:	80 e0       	ldi	r24, 0x00	; 0
    1542:	90 e0       	ldi	r25, 0x00	; 0
    1544:	0e 94 f7 04 	call	0x9ee	; 0x9ee <serialSetBaudRate>
    1548:	68 e0       	ldi	r22, 0x08	; 8
    154a:	ce 01       	movw	r24, r28
    154c:	01 96       	adiw	r24, 0x01	; 1
    154e:	0e 94 4e 05 	call	0xa9c	; 0xa9c <irmInit>
    1552:	2f ef       	ldi	r18, 0xFF	; 255
    1554:	39 e6       	ldi	r19, 0x69	; 105
    1556:	48 e1       	ldi	r20, 0x18	; 24
    1558:	21 50       	subi	r18, 0x01	; 1
    155a:	30 40       	sbci	r19, 0x00	; 0
    155c:	40 40       	sbci	r20, 0x00	; 0
    155e:	e1 f7       	brne	.-8      	; 0x1558 <runBarcodeProgram+0x6c>
    1560:	00 c0       	rjmp	.+0      	; 0x1562 <runBarcodeProgram+0x76>
    1562:	00 00       	nop
    1564:	10 92 05 02 	sts	0x0205, r1	; 0x800205 <maxReadings+0x1>
    1568:	10 92 04 02 	sts	0x0204, r1	; 0x800204 <maxReadings>
    156c:	8f ef       	ldi	r24, 0xFF	; 255
    156e:	9f ef       	ldi	r25, 0xFF	; 255
    1570:	90 93 0c 02 	sts	0x020C, r25	; 0x80020c <minReadings+0x1>
    1574:	80 93 0b 02 	sts	0x020B, r24	; 0x80020b <minReadings>
    1578:	10 92 07 02 	sts	0x0207, r1	; 0x800207 <maxReadings+0x3>
    157c:	10 92 06 02 	sts	0x0206, r1	; 0x800206 <maxReadings+0x2>
    1580:	90 93 0e 02 	sts	0x020E, r25	; 0x80020e <minReadings+0x3>
    1584:	80 93 0d 02 	sts	0x020D, r24	; 0x80020d <minReadings+0x2>
    1588:	10 92 09 02 	sts	0x0209, r1	; 0x800209 <maxReadings+0x5>
    158c:	10 92 08 02 	sts	0x0208, r1	; 0x800208 <maxReadings+0x4>
    1590:	90 93 10 02 	sts	0x0210, r25	; 0x800210 <minReadings+0x5>
    1594:	80 93 0f 02 	sts	0x020F, r24	; 0x80020f <minReadings+0x4>
    1598:	84 e1       	ldi	r24, 0x14	; 20
    159a:	0e 94 49 04 	call	0x892	; 0x892 <motorLeft>
    159e:	8c ee       	ldi	r24, 0xEC	; 236
    15a0:	0e 94 90 04 	call	0x920	; 0x920 <motorRight>
    15a4:	85 e0       	ldi	r24, 0x05	; 5
    15a6:	0e 94 de 09 	call	0x13bc	; 0x13bc <runCalibrationCycle.constprop.5>
    15aa:	80 e0       	ldi	r24, 0x00	; 0
    15ac:	0e 94 49 04 	call	0x892	; 0x892 <motorLeft>
    15b0:	80 e0       	ldi	r24, 0x00	; 0
    15b2:	0e 94 90 04 	call	0x920	; 0x920 <motorRight>
    15b6:	5f e7       	ldi	r21, 0x7F	; 127
    15b8:	88 e3       	ldi	r24, 0x38	; 56
    15ba:	91 e0       	ldi	r25, 0x01	; 1
    15bc:	51 50       	subi	r21, 0x01	; 1
    15be:	80 40       	sbci	r24, 0x00	; 0
    15c0:	90 40       	sbci	r25, 0x00	; 0
    15c2:	e1 f7       	brne	.-8      	; 0x15bc <runBarcodeProgram+0xd0>
    15c4:	00 c0       	rjmp	.+0      	; 0x15c6 <runBarcodeProgram+0xda>
    15c6:	00 00       	nop
    15c8:	8c ee       	ldi	r24, 0xEC	; 236
    15ca:	0e 94 49 04 	call	0x892	; 0x892 <motorLeft>
    15ce:	84 e1       	ldi	r24, 0x14	; 20
    15d0:	0e 94 90 04 	call	0x920	; 0x920 <motorRight>
    15d4:	8a e0       	ldi	r24, 0x0A	; 10
    15d6:	0e 94 de 09 	call	0x13bc	; 0x13bc <runCalibrationCycle.constprop.5>
    15da:	80 e0       	ldi	r24, 0x00	; 0
    15dc:	0e 94 49 04 	call	0x892	; 0x892 <motorLeft>
    15e0:	80 e0       	ldi	r24, 0x00	; 0
    15e2:	0e 94 90 04 	call	0x920	; 0x920 <motorRight>
    15e6:	2f e7       	ldi	r18, 0x7F	; 127
    15e8:	38 e3       	ldi	r19, 0x38	; 56
    15ea:	41 e0       	ldi	r20, 0x01	; 1
    15ec:	21 50       	subi	r18, 0x01	; 1
    15ee:	30 40       	sbci	r19, 0x00	; 0
    15f0:	40 40       	sbci	r20, 0x00	; 0
    15f2:	e1 f7       	brne	.-8      	; 0x15ec <runBarcodeProgram+0x100>
    15f4:	00 c0       	rjmp	.+0      	; 0x15f6 <runBarcodeProgram+0x10a>
    15f6:	00 00       	nop
    15f8:	84 e1       	ldi	r24, 0x14	; 20
    15fa:	0e 94 49 04 	call	0x892	; 0x892 <motorLeft>
    15fe:	8c ee       	ldi	r24, 0xEC	; 236
    1600:	0e 94 90 04 	call	0x920	; 0x920 <motorRight>
    1604:	85 e0       	ldi	r24, 0x05	; 5
    1606:	0e 94 de 09 	call	0x13bc	; 0x13bc <runCalibrationCycle.constprop.5>
    160a:	80 e0       	ldi	r24, 0x00	; 0
    160c:	0e 94 49 04 	call	0x892	; 0x892 <motorLeft>
    1610:	80 e0       	ldi	r24, 0x00	; 0
    1612:	0e 94 90 04 	call	0x920	; 0x920 <motorRight>
    1616:	0e 94 f8 02 	call	0x5f0	; 0x5f0 <ledClear>
    161a:	0e 94 05 03 	call	0x60a	; 0x60a <ledRefresh>
    161e:	46 e0       	ldi	r20, 0x06	; 6
    1620:	50 e0       	ldi	r21, 0x00	; 0
    1622:	60 e1       	ldi	r22, 0x10	; 16
    1624:	70 e0       	ldi	r23, 0x00	; 0
    1626:	8b e0       	ldi	r24, 0x0B	; 11
    1628:	92 e0       	ldi	r25, 0x02	; 2
    162a:	0e 94 2b 19 	call	0x3256	; 0x3256 <eeprom_write_block>
    162e:	46 e0       	ldi	r20, 0x06	; 6
    1630:	50 e0       	ldi	r21, 0x00	; 0
    1632:	66 e1       	ldi	r22, 0x16	; 22
    1634:	70 e0       	ldi	r23, 0x00	; 0
    1636:	84 e0       	ldi	r24, 0x04	; 4
    1638:	92 e0       	ldi	r25, 0x02	; 2
    163a:	0e 94 2b 19 	call	0x3256	; 0x3256 <eeprom_write_block>
    163e:	82 e0       	ldi	r24, 0x02	; 2
    1640:	0e 94 bb 12 	call	0x2576	; 0x2576 <utilWaitForButtonPress>
    1644:	5f ef       	ldi	r21, 0xFF	; 255
    1646:	89 e6       	ldi	r24, 0x69	; 105
    1648:	98 e1       	ldi	r25, 0x18	; 24
    164a:	51 50       	subi	r21, 0x01	; 1
    164c:	80 40       	sbci	r24, 0x00	; 0
    164e:	90 40       	sbci	r25, 0x00	; 0
    1650:	e1 f7       	brne	.-8      	; 0x164a <runBarcodeProgram+0x15e>
    1652:	00 c0       	rjmp	.+0      	; 0x1654 <runBarcodeProgram+0x168>
    1654:	00 00       	nop
    1656:	0e 94 34 0a 	call	0x1468	; 0x1468 <readCalibratedSensors.constprop.6>
    165a:	a0 90 38 02 	lds	r10, 0x0238	; 0x800238 <sensors+0x2>
    165e:	b0 90 39 02 	lds	r11, 0x0239	; 0x800239 <sensors+0x3>
    1662:	22 e4       	ldi	r18, 0x42	; 66
    1664:	a2 16       	cp	r10, r18
    1666:	b1 04       	cpc	r11, r1
    1668:	b0 f0       	brcs	.+44     	; 0x1696 <runBarcodeProgram+0x1aa>
    166a:	10 92 03 02 	sts	0x0203, r1	; 0x800203 <scanState>
    166e:	10 92 0a 02 	sts	0x020A, r1	; 0x80020a <numInstructions>
    1672:	10 92 d5 01 	sts	0x01D5, r1	; 0x8001d5 <scannedByte>
    1676:	46 e0       	ldi	r20, 0x06	; 6
    1678:	50 e0       	ldi	r21, 0x00	; 0
    167a:	60 e1       	ldi	r22, 0x10	; 16
    167c:	70 e0       	ldi	r23, 0x00	; 0
    167e:	8b e0       	ldi	r24, 0x0B	; 11
    1680:	92 e0       	ldi	r25, 0x02	; 2
    1682:	0e 94 13 19 	call	0x3226	; 0x3226 <eeprom_read_block>
    1686:	46 e0       	ldi	r20, 0x06	; 6
    1688:	50 e0       	ldi	r21, 0x00	; 0
    168a:	66 e1       	ldi	r22, 0x16	; 22
    168c:	70 e0       	ldi	r23, 0x00	; 0
    168e:	84 e0       	ldi	r24, 0x04	; 4
    1690:	92 e0       	ldi	r25, 0x02	; 2
    1692:	0e 94 13 19 	call	0x3226	; 0x3226 <eeprom_read_block>
    1696:	0e 94 d7 01 	call	0x3ae	; 0x3ae <clockMillis>
    169a:	10 92 fa 01 	sts	0x01FA, r1	; 0x8001fa <done>
    169e:	30 ed       	ldi	r19, 0xD0	; 208
    16a0:	43 2e       	mov	r4, r19
    16a2:	37 e0       	ldi	r19, 0x07	; 7
    16a4:	53 2e       	mov	r5, r19
    16a6:	61 2c       	mov	r6, r1
    16a8:	71 2c       	mov	r7, r1
    16aa:	4f e3       	ldi	r20, 0x3F	; 63
    16ac:	94 2e       	mov	r9, r20
    16ae:	01 e0       	ldi	r16, 0x01	; 1
    16b0:	53 e0       	ldi	r21, 0x03	; 3
    16b2:	85 2e       	mov	r8, r21
    16b4:	64 e0       	ldi	r22, 0x04	; 4
    16b6:	36 2e       	mov	r3, r22
    16b8:	10 91 fa 01 	lds	r17, 0x01FA	; 0x8001fa <done>
    16bc:	11 11       	cpse	r17, r1
    16be:	90 c1       	rjmp	.+800    	; 0x19e0 <runBarcodeProgram+0x4f4>
    16c0:	0e 94 d7 01 	call	0x3ae	; 0x3ae <clockMillis>
    16c4:	32 e4       	ldi	r19, 0x42	; 66
    16c6:	a3 16       	cp	r10, r19
    16c8:	b1 04       	cpc	r11, r1
    16ca:	08 f4       	brcc	.+2      	; 0x16ce <runBarcodeProgram+0x1e2>
    16cc:	47 c1       	rjmp	.+654    	; 0x195c <runBarcodeProgram+0x470>
    16ce:	80 91 03 02 	lds	r24, 0x0203	; 0x800203 <scanState>
    16d2:	81 11       	cpse	r24, r1
    16d4:	1a c0       	rjmp	.+52     	; 0x170a <runBarcodeProgram+0x21e>
    16d6:	0e 94 34 0a 	call	0x1468	; 0x1468 <readCalibratedSensors.constprop.6>
    16da:	0e 94 90 07 	call	0xf20	; 0xf20 <followLine>
    16de:	80 91 38 02 	lds	r24, 0x0238	; 0x800238 <sensors+0x2>
    16e2:	90 91 39 02 	lds	r25, 0x0239	; 0x800239 <sensors+0x3>
    16e6:	49 97       	sbiw	r24, 0x19	; 25
    16e8:	08 f0       	brcs	.+2      	; 0x16ec <runBarcodeProgram+0x200>
    16ea:	1f c1       	rjmp	.+574    	; 0x192a <runBarcodeProgram+0x43e>
    16ec:	0e 94 d7 01 	call	0x3ae	; 0x3ae <clockMillis>
    16f0:	60 93 f6 01 	sts	0x01F6, r22	; 0x8001f6 <stateTimer>
    16f4:	70 93 f7 01 	sts	0x01F7, r23	; 0x8001f7 <stateTimer+0x1>
    16f8:	80 93 f8 01 	sts	0x01F8, r24	; 0x8001f8 <stateTimer+0x2>
    16fc:	90 93 f9 01 	sts	0x01F9, r25	; 0x8001f9 <stateTimer+0x3>
    1700:	00 93 03 02 	sts	0x0203, r16	; 0x800203 <scanState>
    1704:	10 92 35 02 	sts	0x0235, r1	; 0x800235 <numBitsScanned>
    1708:	10 c1       	rjmp	.+544    	; 0x192a <runBarcodeProgram+0x43e>
    170a:	81 30       	cpi	r24, 0x01	; 1
    170c:	a9 f5       	brne	.+106    	; 0x1778 <runBarcodeProgram+0x28c>
    170e:	0e 94 34 0a 	call	0x1468	; 0x1468 <readCalibratedSensors.constprop.6>
    1712:	0e 94 90 07 	call	0xf20	; 0xf20 <followLine>
    1716:	80 91 38 02 	lds	r24, 0x0238	; 0x800238 <sensors+0x2>
    171a:	90 91 39 02 	lds	r25, 0x0239	; 0x800239 <sensors+0x3>
    171e:	82 34       	cpi	r24, 0x42	; 66
    1720:	91 05       	cpc	r25, r1
    1722:	08 f4       	brcc	.+2      	; 0x1726 <runBarcodeProgram+0x23a>
    1724:	02 c1       	rjmp	.+516    	; 0x192a <runBarcodeProgram+0x43e>
    1726:	0e 94 d7 01 	call	0x3ae	; 0x3ae <clockMillis>
    172a:	c0 90 f6 01 	lds	r12, 0x01F6	; 0x8001f6 <stateTimer>
    172e:	d0 90 f7 01 	lds	r13, 0x01F7	; 0x8001f7 <stateTimer+0x1>
    1732:	e0 90 f8 01 	lds	r14, 0x01F8	; 0x8001f8 <stateTimer+0x2>
    1736:	f0 90 f9 01 	lds	r15, 0x01F9	; 0x8001f9 <stateTimer+0x3>
    173a:	dc 01       	movw	r26, r24
    173c:	cb 01       	movw	r24, r22
    173e:	8c 19       	sub	r24, r12
    1740:	9d 09       	sbc	r25, r13
    1742:	ae 09       	sbc	r26, r14
    1744:	bf 09       	sbc	r27, r15
    1746:	80 93 31 02 	sts	0x0231, r24	; 0x800231 <blankMarkerTime>
    174a:	90 93 32 02 	sts	0x0232, r25	; 0x800232 <blankMarkerTime+0x1>
    174e:	a0 93 33 02 	sts	0x0233, r26	; 0x800233 <blankMarkerTime+0x2>
    1752:	b0 93 34 02 	sts	0x0234, r27	; 0x800234 <blankMarkerTime+0x3>
    1756:	80 93 ff 01 	sts	0x01FF, r24	; 0x8001ff <lowestReadTime>
    175a:	90 93 00 02 	sts	0x0200, r25	; 0x800200 <lowestReadTime+0x1>
    175e:	a0 93 01 02 	sts	0x0201, r26	; 0x800201 <lowestReadTime+0x2>
    1762:	b0 93 02 02 	sts	0x0202, r27	; 0x800202 <lowestReadTime+0x3>
    1766:	80 93 fb 01 	sts	0x01FB, r24	; 0x8001fb <highestReadTime>
    176a:	90 93 fc 01 	sts	0x01FC, r25	; 0x8001fc <highestReadTime+0x1>
    176e:	a0 93 fd 01 	sts	0x01FD, r26	; 0x8001fd <highestReadTime+0x2>
    1772:	b0 93 fe 01 	sts	0x01FE, r27	; 0x8001fe <highestReadTime+0x3>
    1776:	87 c0       	rjmp	.+270    	; 0x1886 <runBarcodeProgram+0x39a>
    1778:	82 30       	cpi	r24, 0x02	; 2
    177a:	09 f0       	breq	.+2      	; 0x177e <runBarcodeProgram+0x292>
    177c:	76 c0       	rjmp	.+236    	; 0x186a <runBarcodeProgram+0x37e>
    177e:	0e 94 34 0a 	call	0x1468	; 0x1468 <readCalibratedSensors.constprop.6>
    1782:	0e 94 90 07 	call	0xf20	; 0xf20 <followLine>
    1786:	80 91 38 02 	lds	r24, 0x0238	; 0x800238 <sensors+0x2>
    178a:	90 91 39 02 	lds	r25, 0x0239	; 0x800239 <sensors+0x3>
    178e:	49 97       	sbiw	r24, 0x19	; 25
    1790:	08 f0       	brcs	.+2      	; 0x1794 <runBarcodeProgram+0x2a8>
    1792:	cb c0       	rjmp	.+406    	; 0x192a <runBarcodeProgram+0x43e>
    1794:	0e 94 d7 01 	call	0x3ae	; 0x3ae <clockMillis>
    1798:	c0 90 f6 01 	lds	r12, 0x01F6	; 0x8001f6 <stateTimer>
    179c:	d0 90 f7 01 	lds	r13, 0x01F7	; 0x8001f7 <stateTimer+0x1>
    17a0:	e0 90 f8 01 	lds	r14, 0x01F8	; 0x8001f8 <stateTimer+0x2>
    17a4:	f0 90 f9 01 	lds	r15, 0x01F9	; 0x8001f9 <stateTimer+0x3>
    17a8:	9b 01       	movw	r18, r22
    17aa:	ac 01       	movw	r20, r24
    17ac:	2c 19       	sub	r18, r12
    17ae:	3d 09       	sbc	r19, r13
    17b0:	4e 09       	sbc	r20, r14
    17b2:	5f 09       	sbc	r21, r15
    17b4:	69 01       	movw	r12, r18
    17b6:	7a 01       	movw	r14, r20
    17b8:	0e 94 f8 02 	call	0x5f0	; 0x5f0 <ledClear>
    17bc:	24 e1       	ldi	r18, 0x14	; 20
    17be:	44 e1       	ldi	r20, 0x14	; 20
    17c0:	64 e1       	ldi	r22, 0x14	; 20
    17c2:	82 e0       	ldi	r24, 0x02	; 2
    17c4:	0e 94 d8 02 	call	0x5b0	; 0x5b0 <ledSet>
    17c8:	0e 94 05 03 	call	0x60a	; 0x60a <ledRefresh>
    17cc:	8f e1       	ldi	r24, 0x1F	; 31
    17ce:	9e e4       	ldi	r25, 0x4E	; 78
    17d0:	01 97       	sbiw	r24, 0x01	; 1
    17d2:	f1 f7       	brne	.-4      	; 0x17d0 <runBarcodeProgram+0x2e4>
    17d4:	00 c0       	rjmp	.+0      	; 0x17d6 <runBarcodeProgram+0x2ea>
    17d6:	00 00       	nop
    17d8:	0e 94 f8 02 	call	0x5f0	; 0x5f0 <ledClear>
    17dc:	0e 94 05 03 	call	0x60a	; 0x60a <ledRefresh>
    17e0:	80 91 ff 01 	lds	r24, 0x01FF	; 0x8001ff <lowestReadTime>
    17e4:	90 91 00 02 	lds	r25, 0x0200	; 0x800200 <lowestReadTime+0x1>
    17e8:	a0 91 01 02 	lds	r26, 0x0201	; 0x800201 <lowestReadTime+0x2>
    17ec:	b0 91 02 02 	lds	r27, 0x0202	; 0x800202 <lowestReadTime+0x3>
    17f0:	c8 16       	cp	r12, r24
    17f2:	d9 06       	cpc	r13, r25
    17f4:	ea 06       	cpc	r14, r26
    17f6:	fb 06       	cpc	r15, r27
    17f8:	10 f4       	brcc	.+4      	; 0x17fe <runBarcodeProgram+0x312>
    17fa:	d7 01       	movw	r26, r14
    17fc:	c6 01       	movw	r24, r12
    17fe:	80 93 ff 01 	sts	0x01FF, r24	; 0x8001ff <lowestReadTime>
    1802:	90 93 00 02 	sts	0x0200, r25	; 0x800200 <lowestReadTime+0x1>
    1806:	a0 93 01 02 	sts	0x0201, r26	; 0x800201 <lowestReadTime+0x2>
    180a:	b0 93 02 02 	sts	0x0202, r27	; 0x800202 <lowestReadTime+0x3>
    180e:	80 91 fb 01 	lds	r24, 0x01FB	; 0x8001fb <highestReadTime>
    1812:	90 91 fc 01 	lds	r25, 0x01FC	; 0x8001fc <highestReadTime+0x1>
    1816:	a0 91 fd 01 	lds	r26, 0x01FD	; 0x8001fd <highestReadTime+0x2>
    181a:	b0 91 fe 01 	lds	r27, 0x01FE	; 0x8001fe <highestReadTime+0x3>
    181e:	8c 15       	cp	r24, r12
    1820:	9d 05       	cpc	r25, r13
    1822:	ae 05       	cpc	r26, r14
    1824:	bf 05       	cpc	r27, r15
    1826:	10 f4       	brcc	.+4      	; 0x182c <runBarcodeProgram+0x340>
    1828:	d7 01       	movw	r26, r14
    182a:	c6 01       	movw	r24, r12
    182c:	80 93 fb 01 	sts	0x01FB, r24	; 0x8001fb <highestReadTime>
    1830:	90 93 fc 01 	sts	0x01FC, r25	; 0x8001fc <highestReadTime+0x1>
    1834:	a0 93 fd 01 	sts	0x01FD, r26	; 0x8001fd <highestReadTime+0x2>
    1838:	b0 93 fe 01 	sts	0x01FE, r27	; 0x8001fe <highestReadTime+0x3>
    183c:	80 91 35 02 	lds	r24, 0x0235	; 0x800235 <numBitsScanned>
    1840:	94 e0       	ldi	r25, 0x04	; 4
    1842:	89 9f       	mul	r24, r25
    1844:	f0 01       	movw	r30, r0
    1846:	11 24       	eor	r1, r1
    1848:	ef 5e       	subi	r30, 0xEF	; 239
    184a:	fd 4f       	sbci	r31, 0xFD	; 253
    184c:	c0 82       	st	Z, r12
    184e:	d1 82       	std	Z+1, r13	; 0x01
    1850:	e2 82       	std	Z+2, r14	; 0x02
    1852:	f3 82       	std	Z+3, r15	; 0x03
    1854:	8f 5f       	subi	r24, 0xFF	; 255
    1856:	80 93 35 02 	sts	0x0235, r24	; 0x800235 <numBitsScanned>
    185a:	88 30       	cpi	r24, 0x08	; 8
    185c:	18 f0       	brcs	.+6      	; 0x1864 <runBarcodeProgram+0x378>
    185e:	30 92 03 02 	sts	0x0203, r3	; 0x800203 <scanState>
    1862:	63 c0       	rjmp	.+198    	; 0x192a <runBarcodeProgram+0x43e>
    1864:	80 92 03 02 	sts	0x0203, r8	; 0x800203 <scanState>
    1868:	60 c0       	rjmp	.+192    	; 0x192a <runBarcodeProgram+0x43e>
    186a:	83 30       	cpi	r24, 0x03	; 3
    186c:	d1 f4       	brne	.+52     	; 0x18a2 <runBarcodeProgram+0x3b6>
    186e:	0e 94 34 0a 	call	0x1468	; 0x1468 <readCalibratedSensors.constprop.6>
    1872:	0e 94 90 07 	call	0xf20	; 0xf20 <followLine>
    1876:	80 91 38 02 	lds	r24, 0x0238	; 0x800238 <sensors+0x2>
    187a:	90 91 39 02 	lds	r25, 0x0239	; 0x800239 <sensors+0x3>
    187e:	82 34       	cpi	r24, 0x42	; 66
    1880:	91 05       	cpc	r25, r1
    1882:	08 f4       	brcc	.+2      	; 0x1886 <runBarcodeProgram+0x39a>
    1884:	52 c0       	rjmp	.+164    	; 0x192a <runBarcodeProgram+0x43e>
    1886:	0e 94 d7 01 	call	0x3ae	; 0x3ae <clockMillis>
    188a:	60 93 f6 01 	sts	0x01F6, r22	; 0x8001f6 <stateTimer>
    188e:	70 93 f7 01 	sts	0x01F7, r23	; 0x8001f7 <stateTimer+0x1>
    1892:	80 93 f8 01 	sts	0x01F8, r24	; 0x8001f8 <stateTimer+0x2>
    1896:	90 93 f9 01 	sts	0x01F9, r25	; 0x8001f9 <stateTimer+0x3>
    189a:	82 e0       	ldi	r24, 0x02	; 2
    189c:	80 93 03 02 	sts	0x0203, r24	; 0x800203 <scanState>
    18a0:	44 c0       	rjmp	.+136    	; 0x192a <runBarcodeProgram+0x43e>
    18a2:	84 30       	cpi	r24, 0x04	; 4
    18a4:	09 f0       	breq	.+2      	; 0x18a8 <runBarcodeProgram+0x3bc>
    18a6:	41 c0       	rjmp	.+130    	; 0x192a <runBarcodeProgram+0x43e>
    18a8:	0e 94 34 0a 	call	0x1468	; 0x1468 <readCalibratedSensors.constprop.6>
    18ac:	0e 94 90 07 	call	0xf20	; 0xf20 <followLine>
    18b0:	40 91 ff 01 	lds	r20, 0x01FF	; 0x8001ff <lowestReadTime>
    18b4:	50 91 00 02 	lds	r21, 0x0200	; 0x800200 <lowestReadTime+0x1>
    18b8:	60 91 01 02 	lds	r22, 0x0201	; 0x800201 <lowestReadTime+0x2>
    18bc:	70 91 02 02 	lds	r23, 0x0202	; 0x800202 <lowestReadTime+0x3>
    18c0:	80 91 fb 01 	lds	r24, 0x01FB	; 0x8001fb <highestReadTime>
    18c4:	90 91 fc 01 	lds	r25, 0x01FC	; 0x8001fc <highestReadTime+0x1>
    18c8:	a0 91 fd 01 	lds	r26, 0x01FD	; 0x8001fd <highestReadTime+0x2>
    18cc:	b0 91 fe 01 	lds	r27, 0x01FE	; 0x8001fe <highestReadTime+0x3>
    18d0:	84 1b       	sub	r24, r20
    18d2:	95 0b       	sbc	r25, r21
    18d4:	a6 0b       	sbc	r26, r22
    18d6:	b7 0b       	sbc	r27, r23
    18d8:	b6 95       	lsr	r27
    18da:	a7 95       	ror	r26
    18dc:	97 95       	ror	r25
    18de:	87 95       	ror	r24
    18e0:	84 0f       	add	r24, r20
    18e2:	95 1f       	adc	r25, r21
    18e4:	a6 1f       	adc	r26, r22
    18e6:	b7 1f       	adc	r27, r23
    18e8:	e1 e3       	ldi	r30, 0x31	; 49
    18ea:	f2 e0       	ldi	r31, 0x02	; 2
    18ec:	11 0f       	add	r17, r17
    18ee:	72 91       	ld	r23, -Z
    18f0:	62 91       	ld	r22, -Z
    18f2:	52 91       	ld	r21, -Z
    18f4:	42 91       	ld	r20, -Z
    18f6:	84 17       	cp	r24, r20
    18f8:	95 07       	cpc	r25, r21
    18fa:	a6 07       	cpc	r26, r22
    18fc:	b7 07       	cpc	r27, r23
    18fe:	08 f4       	brcc	.+2      	; 0x1902 <runBarcodeProgram+0x416>
    1900:	11 60       	ori	r17, 0x01	; 1
    1902:	22 e0       	ldi	r18, 0x02	; 2
    1904:	e1 31       	cpi	r30, 0x11	; 17
    1906:	f2 07       	cpc	r31, r18
    1908:	89 f7       	brne	.-30     	; 0x18ec <runBarcodeProgram+0x400>
    190a:	16 95       	lsr	r17
    190c:	16 95       	lsr	r17
    190e:	10 93 d5 01 	sts	0x01D5, r17	; 0x8001d5 <scannedByte>
    1912:	e0 91 0a 02 	lds	r30, 0x020A	; 0x80020a <numInstructions>
    1916:	81 e0       	ldi	r24, 0x01	; 1
    1918:	8e 0f       	add	r24, r30
    191a:	80 93 0a 02 	sts	0x020A, r24	; 0x80020a <numInstructions>
    191e:	f0 e0       	ldi	r31, 0x00	; 0
    1920:	ea 52       	subi	r30, 0x2A	; 42
    1922:	fe 4f       	sbci	r31, 0xFE	; 254
    1924:	10 83       	st	Z, r17
    1926:	10 92 03 02 	sts	0x0203, r1	; 0x800203 <scanState>
    192a:	80 91 d5 01 	lds	r24, 0x01D5	; 0x8001d5 <scannedByte>
    192e:	8f 33       	cpi	r24, 0x3F	; 63
    1930:	21 f0       	breq	.+8      	; 0x193a <runBarcodeProgram+0x44e>
    1932:	80 91 0a 02 	lds	r24, 0x020A	; 0x80020a <numInstructions>
    1936:	80 32       	cpi	r24, 0x20	; 32
    1938:	e8 f1       	brcs	.+122    	; 0x19b4 <runBarcodeProgram+0x4c8>
    193a:	80 e0       	ldi	r24, 0x00	; 0
    193c:	0e 94 49 04 	call	0x892	; 0x892 <motorLeft>
    1940:	80 e0       	ldi	r24, 0x00	; 0
    1942:	0e 94 90 04 	call	0x920	; 0x920 <motorRight>
    1946:	60 91 0a 02 	lds	r22, 0x020A	; 0x80020a <numInstructions>
    194a:	86 ed       	ldi	r24, 0xD6	; 214
    194c:	91 e0       	ldi	r25, 0x01	; 1
    194e:	0e 94 f7 05 	call	0xbee	; 0xbee <irmSendBlocking>
    1952:	86 ed       	ldi	r24, 0xD6	; 214
    1954:	91 e0       	ldi	r25, 0x01	; 1
    1956:	0e 94 1b 09 	call	0x1236	; 0x1236 <runCommands>
    195a:	24 c0       	rjmp	.+72     	; 0x19a4 <runBarcodeProgram+0x4b8>
    195c:	0e 94 d7 01 	call	0x3ae	; 0x3ae <clockMillis>
    1960:	a3 01       	movw	r20, r6
    1962:	92 01       	movw	r18, r4
    1964:	0e 94 45 15 	call	0x2a8a	; 0x2a8a <__udivmodsi4>
    1968:	62 33       	cpi	r22, 0x32	; 50
    196a:	71 05       	cpc	r23, r1
    196c:	81 05       	cpc	r24, r1
    196e:	91 05       	cpc	r25, r1
    1970:	08 f4       	brcc	.+2      	; 0x1974 <runBarcodeProgram+0x488>
    1972:	10 e4       	ldi	r17, 0x40	; 64
    1974:	20 e0       	ldi	r18, 0x00	; 0
    1976:	40 e0       	ldi	r20, 0x00	; 0
    1978:	61 2f       	mov	r22, r17
    197a:	82 e0       	ldi	r24, 0x02	; 2
    197c:	0e 94 d8 02 	call	0x5b0	; 0x5b0 <ledSet>
    1980:	0e 94 05 03 	call	0x60a	; 0x60a <ledRefresh>
    1984:	0e 94 36 05 	call	0xa6c	; 0xa6c <irmHasRX>
    1988:	88 23       	and	r24, r24
    198a:	79 f0       	breq	.+30     	; 0x19aa <runBarcodeProgram+0x4be>
    198c:	0e 94 39 05 	call	0xa72	; 0xa72 <irmGetRXLength>
    1990:	fe 01       	movw	r30, r28
    1992:	e8 0f       	add	r30, r24
    1994:	f1 1d       	adc	r31, r1
    1996:	90 82       	st	Z, r9
    1998:	ce 01       	movw	r24, r28
    199a:	01 96       	adiw	r24, 0x01	; 1
    199c:	0e 94 1b 09 	call	0x1236	; 0x1236 <runCommands>
    19a0:	0e 94 3c 05 	call	0xa78	; 0xa78 <irmClearRX>
    19a4:	00 93 fa 01 	sts	0x01FA, r16	; 0x8001fa <done>
    19a8:	05 c0       	rjmp	.+10     	; 0x19b4 <runBarcodeProgram+0x4c8>
    19aa:	0e 94 43 05 	call	0xa86	; 0xa86 <irmGetError>
    19ae:	81 11       	cpse	r24, r1
    19b0:	0e 94 46 05 	call	0xa8c	; 0xa8c <irmClearError>
    19b4:	0e 94 d3 01 	call	0x3a6	; 0x3a6 <buttonDown>
    19b8:	88 23       	and	r24, r24
    19ba:	79 f0       	breq	.+30     	; 0x19da <runBarcodeProgram+0x4ee>
    19bc:	3f e7       	ldi	r19, 0x7F	; 127
    19be:	48 e3       	ldi	r20, 0x38	; 56
    19c0:	51 e0       	ldi	r21, 0x01	; 1
    19c2:	31 50       	subi	r19, 0x01	; 1
    19c4:	40 40       	sbci	r20, 0x00	; 0
    19c6:	50 40       	sbci	r21, 0x00	; 0
    19c8:	e1 f7       	brne	.-8      	; 0x19c2 <runBarcodeProgram+0x4d6>
    19ca:	00 c0       	rjmp	.+0      	; 0x19cc <runBarcodeProgram+0x4e0>
    19cc:	00 00       	nop
    19ce:	0e 94 d3 01 	call	0x3a6	; 0x3a6 <buttonDown>
    19d2:	81 11       	cpse	r24, r1
    19d4:	fc cf       	rjmp	.-8      	; 0x19ce <runBarcodeProgram+0x4e2>
    19d6:	00 93 fa 01 	sts	0x01FA, r16	; 0x8001fa <done>
    19da:	0e 94 f6 12 	call	0x25ec	; 0x25ec <utilHandleLowPower>
    19de:	6c ce       	rjmp	.-808    	; 0x16b8 <runBarcodeProgram+0x1cc>
    19e0:	29 96       	adiw	r28, 0x09	; 9
    19e2:	0f b6       	in	r0, 0x3f	; 63
    19e4:	f8 94       	cli
    19e6:	de bf       	out	0x3e, r29	; 62
    19e8:	0f be       	out	0x3f, r0	; 63
    19ea:	cd bf       	out	0x3d, r28	; 61
    19ec:	df 91       	pop	r29
    19ee:	cf 91       	pop	r28
    19f0:	1f 91       	pop	r17
    19f2:	0f 91       	pop	r16
    19f4:	ff 90       	pop	r15
    19f6:	ef 90       	pop	r14
    19f8:	df 90       	pop	r13
    19fa:	cf 90       	pop	r12
    19fc:	bf 90       	pop	r11
    19fe:	af 90       	pop	r10
    1a00:	9f 90       	pop	r9
    1a02:	8f 90       	pop	r8
    1a04:	7f 90       	pop	r7
    1a06:	6f 90       	pop	r6
    1a08:	5f 90       	pop	r5
    1a0a:	4f 90       	pop	r4
    1a0c:	3f 90       	pop	r3
    1a0e:	08 95       	ret

00001a10 <runCalibrationCycle.constprop.0>:
    1a10:	ff 92       	push	r15
    1a12:	0f 93       	push	r16
    1a14:	1f 93       	push	r17
    1a16:	cf 93       	push	r28
    1a18:	df 93       	push	r29
    1a1a:	00 d0       	rcall	.+0      	; 0x1a1c <runCalibrationCycle.constprop.0+0xc>
    1a1c:	00 d0       	rcall	.+0      	; 0x1a1e <runCalibrationCycle.constprop.0+0xe>
    1a1e:	00 d0       	rcall	.+0      	; 0x1a20 <runCalibrationCycle.constprop.0+0x10>
    1a20:	cd b7       	in	r28, 0x3d	; 61
    1a22:	de b7       	in	r29, 0x3e	; 62
    1a24:	f8 2e       	mov	r15, r24
    1a26:	00 e0       	ldi	r16, 0x00	; 0
    1a28:	10 e0       	ldi	r17, 0x00	; 0
    1a2a:	10 17       	cp	r17, r16
    1a2c:	10 f4       	brcc	.+4      	; 0x1a32 <runCalibrationCycle.constprop.0+0x22>
    1a2e:	60 e0       	ldi	r22, 0x00	; 0
    1a30:	01 c0       	rjmp	.+2      	; 0x1a34 <runCalibrationCycle.constprop.0+0x24>
    1a32:	6a e0       	ldi	r22, 0x0A	; 10
    1a34:	20 e0       	ldi	r18, 0x00	; 0
    1a36:	46 2f       	mov	r20, r22
    1a38:	81 2f       	mov	r24, r17
    1a3a:	0e 94 d8 02 	call	0x5b0	; 0x5b0 <ledSet>
    1a3e:	1f 5f       	subi	r17, 0xFF	; 255
    1a40:	15 30       	cpi	r17, 0x05	; 5
    1a42:	99 f7       	brne	.-26     	; 0x1a2a <runCalibrationCycle.constprop.0+0x1a>
    1a44:	0e 94 05 03 	call	0x60a	; 0x60a <ledRefresh>
    1a48:	10 e0       	ldi	r17, 0x00	; 0
    1a4a:	1f 15       	cp	r17, r15
    1a4c:	41 f1       	breq	.+80     	; 0x1a9e <runCalibrationCycle.constprop.0+0x8e>
    1a4e:	ce 01       	movw	r24, r28
    1a50:	01 96       	adiw	r24, 0x01	; 1
    1a52:	0e 94 59 03 	call	0x6b2	; 0x6b2 <lineSensorRead>
    1a56:	ae 01       	movw	r20, r28
    1a58:	4f 5f       	subi	r20, 0xFF	; 255
    1a5a:	5f 4f       	sbci	r21, 0xFF	; 255
    1a5c:	e4 e0       	ldi	r30, 0x04	; 4
    1a5e:	f2 e0       	ldi	r31, 0x02	; 2
    1a60:	6b e0       	ldi	r22, 0x0B	; 11
    1a62:	72 e0       	ldi	r23, 0x02	; 2
    1a64:	da 01       	movw	r26, r20
    1a66:	8d 91       	ld	r24, X+
    1a68:	9d 91       	ld	r25, X+
    1a6a:	ad 01       	movw	r20, r26
    1a6c:	20 81       	ld	r18, Z
    1a6e:	31 81       	ldd	r19, Z+1	; 0x01
    1a70:	28 17       	cp	r18, r24
    1a72:	39 07       	cpc	r19, r25
    1a74:	08 f4       	brcc	.+2      	; 0x1a78 <runCalibrationCycle.constprop.0+0x68>
    1a76:	9c 01       	movw	r18, r24
    1a78:	21 93       	st	Z+, r18
    1a7a:	31 93       	st	Z+, r19
    1a7c:	db 01       	movw	r26, r22
    1a7e:	2d 91       	ld	r18, X+
    1a80:	3c 91       	ld	r19, X
    1a82:	82 17       	cp	r24, r18
    1a84:	93 07       	cpc	r25, r19
    1a86:	08 f4       	brcc	.+2      	; 0x1a8a <runCalibrationCycle.constprop.0+0x7a>
    1a88:	9c 01       	movw	r18, r24
    1a8a:	db 01       	movw	r26, r22
    1a8c:	2d 93       	st	X+, r18
    1a8e:	3d 93       	st	X+, r19
    1a90:	bd 01       	movw	r22, r26
    1a92:	b2 e0       	ldi	r27, 0x02	; 2
    1a94:	ea 30       	cpi	r30, 0x0A	; 10
    1a96:	fb 07       	cpc	r31, r27
    1a98:	29 f7       	brne	.-54     	; 0x1a64 <runCalibrationCycle.constprop.0+0x54>
    1a9a:	1f 5f       	subi	r17, 0xFF	; 255
    1a9c:	d6 cf       	rjmp	.-84     	; 0x1a4a <runCalibrationCycle.constprop.0+0x3a>
    1a9e:	0f 5f       	subi	r16, 0xFF	; 255
    1aa0:	05 30       	cpi	r16, 0x05	; 5
    1aa2:	11 f6       	brne	.-124    	; 0x1a28 <runCalibrationCycle.constprop.0+0x18>
    1aa4:	26 96       	adiw	r28, 0x06	; 6
    1aa6:	0f b6       	in	r0, 0x3f	; 63
    1aa8:	f8 94       	cli
    1aaa:	de bf       	out	0x3e, r29	; 62
    1aac:	0f be       	out	0x3f, r0	; 63
    1aae:	cd bf       	out	0x3d, r28	; 61
    1ab0:	df 91       	pop	r29
    1ab2:	cf 91       	pop	r28
    1ab4:	1f 91       	pop	r17
    1ab6:	0f 91       	pop	r16
    1ab8:	ff 90       	pop	r15
    1aba:	08 95       	ret

00001abc <runFenceProgram>:
    1abc:	df 92       	push	r13
    1abe:	ef 92       	push	r14
    1ac0:	ff 92       	push	r15
    1ac2:	0f 93       	push	r16
    1ac4:	1f 93       	push	r17
    1ac6:	cf 93       	push	r28
    1ac8:	df 93       	push	r29
    1aca:	0e 94 f8 02 	call	0x5f0	; 0x5f0 <ledClear>
    1ace:	0e 94 05 03 	call	0x60a	; 0x60a <ledRefresh>
    1ad2:	80 e0       	ldi	r24, 0x00	; 0
    1ad4:	0e 94 49 04 	call	0x892	; 0x892 <motorLeft>
    1ad8:	80 e0       	ldi	r24, 0x00	; 0
    1ada:	0e 94 90 04 	call	0x920	; 0x920 <motorRight>
    1ade:	81 e0       	ldi	r24, 0x01	; 1
    1ae0:	0e 94 df 04 	call	0x9be	; 0x9be <motorUseHardBrake>
    1ae4:	2f ef       	ldi	r18, 0xFF	; 255
    1ae6:	89 e6       	ldi	r24, 0x69	; 105
    1ae8:	98 e1       	ldi	r25, 0x18	; 24
    1aea:	21 50       	subi	r18, 0x01	; 1
    1aec:	80 40       	sbci	r24, 0x00	; 0
    1aee:	90 40       	sbci	r25, 0x00	; 0
    1af0:	e1 f7       	brne	.-8      	; 0x1aea <runFenceProgram+0x2e>
    1af2:	00 c0       	rjmp	.+0      	; 0x1af4 <runFenceProgram+0x38>
    1af4:	00 00       	nop
    1af6:	10 92 05 02 	sts	0x0205, r1	; 0x800205 <maxReadings+0x1>
    1afa:	10 92 04 02 	sts	0x0204, r1	; 0x800204 <maxReadings>
    1afe:	8f ef       	ldi	r24, 0xFF	; 255
    1b00:	9f ef       	ldi	r25, 0xFF	; 255
    1b02:	90 93 0c 02 	sts	0x020C, r25	; 0x80020c <minReadings+0x1>
    1b06:	80 93 0b 02 	sts	0x020B, r24	; 0x80020b <minReadings>
    1b0a:	10 92 07 02 	sts	0x0207, r1	; 0x800207 <maxReadings+0x3>
    1b0e:	10 92 06 02 	sts	0x0206, r1	; 0x800206 <maxReadings+0x2>
    1b12:	90 93 0e 02 	sts	0x020E, r25	; 0x80020e <minReadings+0x3>
    1b16:	80 93 0d 02 	sts	0x020D, r24	; 0x80020d <minReadings+0x2>
    1b1a:	10 92 09 02 	sts	0x0209, r1	; 0x800209 <maxReadings+0x5>
    1b1e:	10 92 08 02 	sts	0x0208, r1	; 0x800208 <maxReadings+0x4>
    1b22:	90 93 10 02 	sts	0x0210, r25	; 0x800210 <minReadings+0x5>
    1b26:	80 93 0f 02 	sts	0x020F, r24	; 0x80020f <minReadings+0x4>
    1b2a:	84 e1       	ldi	r24, 0x14	; 20
    1b2c:	0e 94 49 04 	call	0x892	; 0x892 <motorLeft>
    1b30:	8c ee       	ldi	r24, 0xEC	; 236
    1b32:	0e 94 90 04 	call	0x920	; 0x920 <motorRight>
    1b36:	85 e0       	ldi	r24, 0x05	; 5
    1b38:	0e 94 08 0d 	call	0x1a10	; 0x1a10 <runCalibrationCycle.constprop.0>
    1b3c:	80 e0       	ldi	r24, 0x00	; 0
    1b3e:	0e 94 49 04 	call	0x892	; 0x892 <motorLeft>
    1b42:	80 e0       	ldi	r24, 0x00	; 0
    1b44:	0e 94 90 04 	call	0x920	; 0x920 <motorRight>
    1b48:	af e7       	ldi	r26, 0x7F	; 127
    1b4a:	b8 e3       	ldi	r27, 0x38	; 56
    1b4c:	21 e0       	ldi	r18, 0x01	; 1
    1b4e:	a1 50       	subi	r26, 0x01	; 1
    1b50:	b0 40       	sbci	r27, 0x00	; 0
    1b52:	20 40       	sbci	r18, 0x00	; 0
    1b54:	e1 f7       	brne	.-8      	; 0x1b4e <runFenceProgram+0x92>
    1b56:	00 c0       	rjmp	.+0      	; 0x1b58 <runFenceProgram+0x9c>
    1b58:	00 00       	nop
    1b5a:	8c ee       	ldi	r24, 0xEC	; 236
    1b5c:	0e 94 49 04 	call	0x892	; 0x892 <motorLeft>
    1b60:	84 e1       	ldi	r24, 0x14	; 20
    1b62:	0e 94 90 04 	call	0x920	; 0x920 <motorRight>
    1b66:	8a e0       	ldi	r24, 0x0A	; 10
    1b68:	0e 94 08 0d 	call	0x1a10	; 0x1a10 <runCalibrationCycle.constprop.0>
    1b6c:	80 e0       	ldi	r24, 0x00	; 0
    1b6e:	0e 94 49 04 	call	0x892	; 0x892 <motorLeft>
    1b72:	80 e0       	ldi	r24, 0x00	; 0
    1b74:	0e 94 90 04 	call	0x920	; 0x920 <motorRight>
    1b78:	8f e7       	ldi	r24, 0x7F	; 127
    1b7a:	98 e3       	ldi	r25, 0x38	; 56
    1b7c:	a1 e0       	ldi	r26, 0x01	; 1
    1b7e:	81 50       	subi	r24, 0x01	; 1
    1b80:	90 40       	sbci	r25, 0x00	; 0
    1b82:	a0 40       	sbci	r26, 0x00	; 0
    1b84:	e1 f7       	brne	.-8      	; 0x1b7e <runFenceProgram+0xc2>
    1b86:	00 c0       	rjmp	.+0      	; 0x1b88 <runFenceProgram+0xcc>
    1b88:	00 00       	nop
    1b8a:	84 e1       	ldi	r24, 0x14	; 20
    1b8c:	0e 94 49 04 	call	0x892	; 0x892 <motorLeft>
    1b90:	8c ee       	ldi	r24, 0xEC	; 236
    1b92:	0e 94 90 04 	call	0x920	; 0x920 <motorRight>
    1b96:	85 e0       	ldi	r24, 0x05	; 5
    1b98:	0e 94 08 0d 	call	0x1a10	; 0x1a10 <runCalibrationCycle.constprop.0>
    1b9c:	46 e0       	ldi	r20, 0x06	; 6
    1b9e:	50 e0       	ldi	r21, 0x00	; 0
    1ba0:	60 e1       	ldi	r22, 0x10	; 16
    1ba2:	70 e0       	ldi	r23, 0x00	; 0
    1ba4:	8b e0       	ldi	r24, 0x0B	; 11
    1ba6:	92 e0       	ldi	r25, 0x02	; 2
    1ba8:	0e 94 2b 19 	call	0x3256	; 0x3256 <eeprom_write_block>
    1bac:	46 e0       	ldi	r20, 0x06	; 6
    1bae:	50 e0       	ldi	r21, 0x00	; 0
    1bb0:	66 e1       	ldi	r22, 0x16	; 22
    1bb2:	70 e0       	ldi	r23, 0x00	; 0
    1bb4:	84 e0       	ldi	r24, 0x04	; 4
    1bb6:	92 e0       	ldi	r25, 0x02	; 2
    1bb8:	0e 94 2b 19 	call	0x3256	; 0x3256 <eeprom_write_block>
    1bbc:	80 e0       	ldi	r24, 0x00	; 0
    1bbe:	0e 94 49 04 	call	0x892	; 0x892 <motorLeft>
    1bc2:	80 e0       	ldi	r24, 0x00	; 0
    1bc4:	0e 94 90 04 	call	0x920	; 0x920 <motorRight>
    1bc8:	0e 94 f8 02 	call	0x5f0	; 0x5f0 <ledClear>
    1bcc:	0e 94 05 03 	call	0x60a	; 0x60a <ledRefresh>
    1bd0:	46 e0       	ldi	r20, 0x06	; 6
    1bd2:	50 e0       	ldi	r21, 0x00	; 0
    1bd4:	60 e1       	ldi	r22, 0x10	; 16
    1bd6:	70 e0       	ldi	r23, 0x00	; 0
    1bd8:	8b e0       	ldi	r24, 0x0B	; 11
    1bda:	92 e0       	ldi	r25, 0x02	; 2
    1bdc:	0e 94 13 19 	call	0x3226	; 0x3226 <eeprom_read_block>
    1be0:	46 e0       	ldi	r20, 0x06	; 6
    1be2:	50 e0       	ldi	r21, 0x00	; 0
    1be4:	66 e1       	ldi	r22, 0x16	; 22
    1be6:	70 e0       	ldi	r23, 0x00	; 0
    1be8:	84 e0       	ldi	r24, 0x04	; 4
    1bea:	92 e0       	ldi	r25, 0x02	; 2
    1bec:	0e 94 13 19 	call	0x3226	; 0x3226 <eeprom_read_block>
    1bf0:	94 e6       	ldi	r25, 0x64	; 100
    1bf2:	d9 2e       	mov	r13, r25
    1bf4:	c1 e1       	ldi	r28, 0x11	; 17
    1bf6:	d2 e0       	ldi	r29, 0x02	; 2
    1bf8:	84 e6       	ldi	r24, 0x64	; 100
    1bfa:	0e 94 49 04 	call	0x892	; 0x892 <motorLeft>
    1bfe:	84 e6       	ldi	r24, 0x64	; 100
    1c00:	0e 94 90 04 	call	0x920	; 0x920 <motorRight>
    1c04:	86 e3       	ldi	r24, 0x36	; 54
    1c06:	92 e0       	ldi	r25, 0x02	; 2
    1c08:	0e 94 59 03 	call	0x6b2	; 0x6b2 <lineSensorRead>
    1c0c:	eb e0       	ldi	r30, 0x0B	; 11
    1c0e:	f2 e0       	ldi	r31, 0x02	; 2
    1c10:	84 e0       	ldi	r24, 0x04	; 4
    1c12:	e8 2e       	mov	r14, r24
    1c14:	82 e0       	ldi	r24, 0x02	; 2
    1c16:	f8 2e       	mov	r15, r24
    1c18:	06 e3       	ldi	r16, 0x36	; 54
    1c1a:	12 e0       	ldi	r17, 0x02	; 2
    1c1c:	41 91       	ld	r20, Z+
    1c1e:	51 91       	ld	r21, Z+
    1c20:	d7 01       	movw	r26, r14
    1c22:	6d 91       	ld	r22, X+
    1c24:	7d 91       	ld	r23, X+
    1c26:	7d 01       	movw	r14, r26
    1c28:	d8 01       	movw	r26, r16
    1c2a:	8d 91       	ld	r24, X+
    1c2c:	9c 91       	ld	r25, X
    1c2e:	84 17       	cp	r24, r20
    1c30:	95 07       	cpc	r25, r21
    1c32:	08 f4       	brcc	.+2      	; 0x1c36 <runFenceProgram+0x17a>
    1c34:	ca 01       	movw	r24, r20
    1c36:	68 17       	cp	r22, r24
    1c38:	79 07       	cpc	r23, r25
    1c3a:	08 f4       	brcc	.+2      	; 0x1c3e <runFenceProgram+0x182>
    1c3c:	cb 01       	movw	r24, r22
    1c3e:	9c 01       	movw	r18, r24
    1c40:	24 1b       	sub	r18, r20
    1c42:	35 0b       	sbc	r19, r21
    1c44:	d2 9e       	mul	r13, r18
    1c46:	c0 01       	movw	r24, r0
    1c48:	d3 9e       	mul	r13, r19
    1c4a:	90 0d       	add	r25, r0
    1c4c:	11 24       	eor	r1, r1
    1c4e:	6f 5f       	subi	r22, 0xFF	; 255
    1c50:	7f 4f       	sbci	r23, 0xFF	; 255
    1c52:	64 1b       	sub	r22, r20
    1c54:	75 0b       	sbc	r23, r21
    1c56:	0e 94 1d 15 	call	0x2a3a	; 0x2a3a <__udivmodhi4>
    1c5a:	d8 01       	movw	r26, r16
    1c5c:	6d 93       	st	X+, r22
    1c5e:	7d 93       	st	X+, r23
    1c60:	8d 01       	movw	r16, r26
    1c62:	ce 17       	cp	r28, r30
    1c64:	df 07       	cpc	r29, r31
    1c66:	d1 f6       	brne	.-76     	; 0x1c1c <runFenceProgram+0x160>
    1c68:	80 91 36 02 	lds	r24, 0x0236	; 0x800236 <sensors>
    1c6c:	90 91 37 02 	lds	r25, 0x0237	; 0x800237 <sensors+0x1>
    1c70:	8c 34       	cpi	r24, 0x4C	; 76
    1c72:	91 05       	cpc	r25, r1
    1c74:	70 f4       	brcc	.+28     	; 0x1c92 <runFenceProgram+0x1d6>
    1c76:	80 91 38 02 	lds	r24, 0x0238	; 0x800238 <sensors+0x2>
    1c7a:	90 91 39 02 	lds	r25, 0x0239	; 0x800239 <sensors+0x3>
    1c7e:	8c 34       	cpi	r24, 0x4C	; 76
    1c80:	91 05       	cpc	r25, r1
    1c82:	38 f4       	brcc	.+14     	; 0x1c92 <runFenceProgram+0x1d6>
    1c84:	80 91 3a 02 	lds	r24, 0x023A	; 0x80023a <sensors+0x4>
    1c88:	90 91 3b 02 	lds	r25, 0x023B	; 0x80023b <sensors+0x5>
    1c8c:	8c 34       	cpi	r24, 0x4C	; 76
    1c8e:	91 05       	cpc	r25, r1
    1c90:	50 f1       	brcs	.+84     	; 0x1ce6 <runFenceProgram+0x22a>
    1c92:	20 e0       	ldi	r18, 0x00	; 0
    1c94:	40 e0       	ldi	r20, 0x00	; 0
    1c96:	60 e4       	ldi	r22, 0x40	; 64
    1c98:	82 e0       	ldi	r24, 0x02	; 2
    1c9a:	0e 94 d8 02 	call	0x5b0	; 0x5b0 <ledSet>
    1c9e:	0e 94 05 03 	call	0x60a	; 0x60a <ledRefresh>
    1ca2:	82 ee       	ldi	r24, 0xE2	; 226
    1ca4:	0e 94 49 04 	call	0x892	; 0x892 <motorLeft>
    1ca8:	82 ee       	ldi	r24, 0xE2	; 226
    1caa:	0e 94 90 04 	call	0x920	; 0x920 <motorRight>
    1cae:	bf ef       	ldi	r27, 0xFF	; 255
    1cb0:	23 ec       	ldi	r18, 0xC3	; 195
    1cb2:	89 e0       	ldi	r24, 0x09	; 9
    1cb4:	b1 50       	subi	r27, 0x01	; 1
    1cb6:	20 40       	sbci	r18, 0x00	; 0
    1cb8:	80 40       	sbci	r24, 0x00	; 0
    1cba:	e1 f7       	brne	.-8      	; 0x1cb4 <runFenceProgram+0x1f8>
    1cbc:	00 c0       	rjmp	.+0      	; 0x1cbe <runFenceProgram+0x202>
    1cbe:	00 00       	nop
    1cc0:	8e e1       	ldi	r24, 0x1E	; 30
    1cc2:	0e 94 49 04 	call	0x892	; 0x892 <motorLeft>
    1cc6:	82 ee       	ldi	r24, 0xE2	; 226
    1cc8:	0e 94 90 04 	call	0x920	; 0x920 <motorRight>
    1ccc:	9f ef       	ldi	r25, 0xFF	; 255
    1cce:	a2 e5       	ldi	r26, 0x52	; 82
    1cd0:	b7 e0       	ldi	r27, 0x07	; 7
    1cd2:	91 50       	subi	r25, 0x01	; 1
    1cd4:	a0 40       	sbci	r26, 0x00	; 0
    1cd6:	b0 40       	sbci	r27, 0x00	; 0
    1cd8:	e1 f7       	brne	.-8      	; 0x1cd2 <runFenceProgram+0x216>
    1cda:	00 c0       	rjmp	.+0      	; 0x1cdc <runFenceProgram+0x220>
    1cdc:	00 00       	nop
    1cde:	0e 94 f8 02 	call	0x5f0	; 0x5f0 <ledClear>
    1ce2:	0e 94 05 03 	call	0x60a	; 0x60a <ledRefresh>
    1ce6:	0e 94 d3 01 	call	0x3a6	; 0x3a6 <buttonDown>
    1cea:	88 23       	and	r24, r24
    1cec:	79 f0       	breq	.+30     	; 0x1d0c <runFenceProgram+0x250>
    1cee:	2f e7       	ldi	r18, 0x7F	; 127
    1cf0:	88 e3       	ldi	r24, 0x38	; 56
    1cf2:	91 e0       	ldi	r25, 0x01	; 1
    1cf4:	21 50       	subi	r18, 0x01	; 1
    1cf6:	80 40       	sbci	r24, 0x00	; 0
    1cf8:	90 40       	sbci	r25, 0x00	; 0
    1cfa:	e1 f7       	brne	.-8      	; 0x1cf4 <runFenceProgram+0x238>
    1cfc:	00 c0       	rjmp	.+0      	; 0x1cfe <runFenceProgram+0x242>
    1cfe:	00 00       	nop
    1d00:	0e 94 d3 01 	call	0x3a6	; 0x3a6 <buttonDown>
    1d04:	81 11       	cpse	r24, r1
    1d06:	fc cf       	rjmp	.-8      	; 0x1d00 <runFenceProgram+0x244>
    1d08:	11 e0       	ldi	r17, 0x01	; 1
    1d0a:	01 c0       	rjmp	.+2      	; 0x1d0e <runFenceProgram+0x252>
    1d0c:	10 e0       	ldi	r17, 0x00	; 0
    1d0e:	0e 94 f6 12 	call	0x25ec	; 0x25ec <utilHandleLowPower>
    1d12:	11 23       	and	r17, r17
    1d14:	09 f4       	brne	.+2      	; 0x1d18 <runFenceProgram+0x25c>
    1d16:	70 cf       	rjmp	.-288    	; 0x1bf8 <runFenceProgram+0x13c>
    1d18:	df 91       	pop	r29
    1d1a:	cf 91       	pop	r28
    1d1c:	1f 91       	pop	r17
    1d1e:	0f 91       	pop	r16
    1d20:	ff 90       	pop	r15
    1d22:	ef 90       	pop	r14
    1d24:	df 90       	pop	r13
    1d26:	08 95       	ret

00001d28 <runLineDebugProgram>:
    1d28:	df 92       	push	r13
    1d2a:	ef 92       	push	r14
    1d2c:	ff 92       	push	r15
    1d2e:	0f 93       	push	r16
    1d30:	1f 93       	push	r17
    1d32:	cf 93       	push	r28
    1d34:	df 93       	push	r29
    1d36:	0e 94 f8 02 	call	0x5f0	; 0x5f0 <ledClear>
    1d3a:	0e 94 05 03 	call	0x60a	; 0x60a <ledRefresh>
    1d3e:	80 e0       	ldi	r24, 0x00	; 0
    1d40:	0e 94 49 04 	call	0x892	; 0x892 <motorLeft>
    1d44:	80 e0       	ldi	r24, 0x00	; 0
    1d46:	0e 94 90 04 	call	0x920	; 0x920 <motorRight>
    1d4a:	81 e0       	ldi	r24, 0x01	; 1
    1d4c:	0e 94 df 04 	call	0x9be	; 0x9be <motorUseHardBrake>
    1d50:	46 e0       	ldi	r20, 0x06	; 6
    1d52:	50 e0       	ldi	r21, 0x00	; 0
    1d54:	60 e1       	ldi	r22, 0x10	; 16
    1d56:	70 e0       	ldi	r23, 0x00	; 0
    1d58:	8b e0       	ldi	r24, 0x0B	; 11
    1d5a:	92 e0       	ldi	r25, 0x02	; 2
    1d5c:	0e 94 13 19 	call	0x3226	; 0x3226 <eeprom_read_block>
    1d60:	46 e0       	ldi	r20, 0x06	; 6
    1d62:	50 e0       	ldi	r21, 0x00	; 0
    1d64:	66 e1       	ldi	r22, 0x16	; 22
    1d66:	70 e0       	ldi	r23, 0x00	; 0
    1d68:	84 e0       	ldi	r24, 0x04	; 4
    1d6a:	92 e0       	ldi	r25, 0x02	; 2
    1d6c:	0e 94 13 19 	call	0x3226	; 0x3226 <eeprom_read_block>
    1d70:	01 e1       	ldi	r16, 0x11	; 17
    1d72:	12 e0       	ldi	r17, 0x02	; 2
    1d74:	94 e6       	ldi	r25, 0x64	; 100
    1d76:	d9 2e       	mov	r13, r25
    1d78:	c9 e0       	ldi	r28, 0x09	; 9
    1d7a:	d1 e0       	ldi	r29, 0x01	; 1
    1d7c:	86 e3       	ldi	r24, 0x36	; 54
    1d7e:	92 e0       	ldi	r25, 0x02	; 2
    1d80:	0e 94 59 03 	call	0x6b2	; 0x6b2 <lineSensorRead>
    1d84:	eb e0       	ldi	r30, 0x0B	; 11
    1d86:	f2 e0       	ldi	r31, 0x02	; 2
    1d88:	84 e0       	ldi	r24, 0x04	; 4
    1d8a:	e8 2e       	mov	r14, r24
    1d8c:	82 e0       	ldi	r24, 0x02	; 2
    1d8e:	f8 2e       	mov	r15, r24
    1d90:	26 e3       	ldi	r18, 0x36	; 54
    1d92:	32 e0       	ldi	r19, 0x02	; 2
    1d94:	41 91       	ld	r20, Z+
    1d96:	51 91       	ld	r21, Z+
    1d98:	d7 01       	movw	r26, r14
    1d9a:	6d 91       	ld	r22, X+
    1d9c:	7d 91       	ld	r23, X+
    1d9e:	7d 01       	movw	r14, r26
    1da0:	d9 01       	movw	r26, r18
    1da2:	8d 91       	ld	r24, X+
    1da4:	9c 91       	ld	r25, X
    1da6:	84 17       	cp	r24, r20
    1da8:	95 07       	cpc	r25, r21
    1daa:	08 f4       	brcc	.+2      	; 0x1dae <runLineDebugProgram+0x86>
    1dac:	ca 01       	movw	r24, r20
    1dae:	68 17       	cp	r22, r24
    1db0:	79 07       	cpc	r23, r25
    1db2:	08 f4       	brcc	.+2      	; 0x1db6 <runLineDebugProgram+0x8e>
    1db4:	cb 01       	movw	r24, r22
    1db6:	dc 01       	movw	r26, r24
    1db8:	a4 1b       	sub	r26, r20
    1dba:	b5 0b       	sbc	r27, r21
    1dbc:	da 9e       	mul	r13, r26
    1dbe:	c0 01       	movw	r24, r0
    1dc0:	db 9e       	mul	r13, r27
    1dc2:	90 0d       	add	r25, r0
    1dc4:	11 24       	eor	r1, r1
    1dc6:	6f 5f       	subi	r22, 0xFF	; 255
    1dc8:	7f 4f       	sbci	r23, 0xFF	; 255
    1dca:	64 1b       	sub	r22, r20
    1dcc:	75 0b       	sbc	r23, r21
    1dce:	0e 94 1d 15 	call	0x2a3a	; 0x2a3a <__udivmodhi4>
    1dd2:	d9 01       	movw	r26, r18
    1dd4:	6d 93       	st	X+, r22
    1dd6:	7d 93       	st	X+, r23
    1dd8:	9d 01       	movw	r18, r26
    1dda:	0e 17       	cp	r16, r30
    1ddc:	1f 07       	cpc	r17, r31
    1dde:	d1 f6       	brne	.-76     	; 0x1d94 <runLineDebugProgram+0x6c>
    1de0:	0e 94 f8 02 	call	0x5f0	; 0x5f0 <ledClear>
    1de4:	20 e0       	ldi	r18, 0x00	; 0
    1de6:	40 91 36 02 	lds	r20, 0x0236	; 0x800236 <sensors>
    1dea:	60 e0       	ldi	r22, 0x00	; 0
    1dec:	80 e0       	ldi	r24, 0x00	; 0
    1dee:	0e 94 d8 02 	call	0x5b0	; 0x5b0 <ledSet>
    1df2:	20 e0       	ldi	r18, 0x00	; 0
    1df4:	40 91 38 02 	lds	r20, 0x0238	; 0x800238 <sensors+0x2>
    1df8:	60 e0       	ldi	r22, 0x00	; 0
    1dfa:	82 e0       	ldi	r24, 0x02	; 2
    1dfc:	0e 94 d8 02 	call	0x5b0	; 0x5b0 <ledSet>
    1e00:	20 e0       	ldi	r18, 0x00	; 0
    1e02:	40 91 3a 02 	lds	r20, 0x023A	; 0x80023a <sensors+0x4>
    1e06:	60 e0       	ldi	r22, 0x00	; 0
    1e08:	84 e0       	ldi	r24, 0x04	; 4
    1e0a:	0e 94 d8 02 	call	0x5b0	; 0x5b0 <ledSet>
    1e0e:	0e 94 05 03 	call	0x60a	; 0x60a <ledRefresh>
    1e12:	0e 94 d3 01 	call	0x3a6	; 0x3a6 <buttonDown>
    1e16:	88 23       	and	r24, r24
    1e18:	81 f0       	breq	.+32     	; 0x1e3a <runLineDebugProgram+0x112>
    1e1a:	bf e7       	ldi	r27, 0x7F	; 127
    1e1c:	28 e3       	ldi	r18, 0x38	; 56
    1e1e:	81 e0       	ldi	r24, 0x01	; 1
    1e20:	b1 50       	subi	r27, 0x01	; 1
    1e22:	20 40       	sbci	r18, 0x00	; 0
    1e24:	80 40       	sbci	r24, 0x00	; 0
    1e26:	e1 f7       	brne	.-8      	; 0x1e20 <runLineDebugProgram+0xf8>
    1e28:	00 c0       	rjmp	.+0      	; 0x1e2a <runLineDebugProgram+0x102>
    1e2a:	00 00       	nop
    1e2c:	0e 94 d3 01 	call	0x3a6	; 0x3a6 <buttonDown>
    1e30:	81 11       	cpse	r24, r1
    1e32:	fc cf       	rjmp	.-8      	; 0x1e2c <runLineDebugProgram+0x104>
    1e34:	ff 24       	eor	r15, r15
    1e36:	f3 94       	inc	r15
    1e38:	01 c0       	rjmp	.+2      	; 0x1e3c <runLineDebugProgram+0x114>
    1e3a:	f1 2c       	mov	r15, r1
    1e3c:	80 91 3b 02 	lds	r24, 0x023B	; 0x80023b <sensors+0x5>
    1e40:	8f 93       	push	r24
    1e42:	80 91 3a 02 	lds	r24, 0x023A	; 0x80023a <sensors+0x4>
    1e46:	8f 93       	push	r24
    1e48:	80 91 39 02 	lds	r24, 0x0239	; 0x800239 <sensors+0x3>
    1e4c:	8f 93       	push	r24
    1e4e:	80 91 38 02 	lds	r24, 0x0238	; 0x800238 <sensors+0x2>
    1e52:	8f 93       	push	r24
    1e54:	80 91 37 02 	lds	r24, 0x0237	; 0x800237 <sensors+0x1>
    1e58:	8f 93       	push	r24
    1e5a:	80 91 36 02 	lds	r24, 0x0236	; 0x800236 <sensors>
    1e5e:	8f 93       	push	r24
    1e60:	df 93       	push	r29
    1e62:	cf 93       	push	r28
    1e64:	0e 94 16 05 	call	0xa2c	; 0xa2c <serialTX>
    1e68:	0e 94 f6 12 	call	0x25ec	; 0x25ec <utilHandleLowPower>
    1e6c:	8d b7       	in	r24, 0x3d	; 61
    1e6e:	9e b7       	in	r25, 0x3e	; 62
    1e70:	08 96       	adiw	r24, 0x08	; 8
    1e72:	0f b6       	in	r0, 0x3f	; 63
    1e74:	f8 94       	cli
    1e76:	9e bf       	out	0x3e, r25	; 62
    1e78:	0f be       	out	0x3f, r0	; 63
    1e7a:	8d bf       	out	0x3d, r24	; 61
    1e7c:	ff 20       	and	r15, r15
    1e7e:	09 f4       	brne	.+2      	; 0x1e82 <runLineDebugProgram+0x15a>
    1e80:	7d cf       	rjmp	.-262    	; 0x1d7c <runLineDebugProgram+0x54>
    1e82:	df 91       	pop	r29
    1e84:	cf 91       	pop	r28
    1e86:	1f 91       	pop	r17
    1e88:	0f 91       	pop	r16
    1e8a:	ff 90       	pop	r15
    1e8c:	ef 90       	pop	r14
    1e8e:	df 90       	pop	r13
    1e90:	08 95       	ret

00001e92 <runCalibrationCycle.constprop.0>:
    1e92:	ff 92       	push	r15
    1e94:	0f 93       	push	r16
    1e96:	1f 93       	push	r17
    1e98:	cf 93       	push	r28
    1e9a:	df 93       	push	r29
    1e9c:	00 d0       	rcall	.+0      	; 0x1e9e <runCalibrationCycle.constprop.0+0xc>
    1e9e:	00 d0       	rcall	.+0      	; 0x1ea0 <runCalibrationCycle.constprop.0+0xe>
    1ea0:	00 d0       	rcall	.+0      	; 0x1ea2 <runCalibrationCycle.constprop.0+0x10>
    1ea2:	cd b7       	in	r28, 0x3d	; 61
    1ea4:	de b7       	in	r29, 0x3e	; 62
    1ea6:	f8 2e       	mov	r15, r24
    1ea8:	00 e0       	ldi	r16, 0x00	; 0
    1eaa:	10 e0       	ldi	r17, 0x00	; 0
    1eac:	10 17       	cp	r17, r16
    1eae:	10 f4       	brcc	.+4      	; 0x1eb4 <runCalibrationCycle.constprop.0+0x22>
    1eb0:	60 e0       	ldi	r22, 0x00	; 0
    1eb2:	01 c0       	rjmp	.+2      	; 0x1eb6 <runCalibrationCycle.constprop.0+0x24>
    1eb4:	6a e0       	ldi	r22, 0x0A	; 10
    1eb6:	20 e0       	ldi	r18, 0x00	; 0
    1eb8:	46 2f       	mov	r20, r22
    1eba:	81 2f       	mov	r24, r17
    1ebc:	0e 94 d8 02 	call	0x5b0	; 0x5b0 <ledSet>
    1ec0:	1f 5f       	subi	r17, 0xFF	; 255
    1ec2:	15 30       	cpi	r17, 0x05	; 5
    1ec4:	99 f7       	brne	.-26     	; 0x1eac <runCalibrationCycle.constprop.0+0x1a>
    1ec6:	0e 94 05 03 	call	0x60a	; 0x60a <ledRefresh>
    1eca:	10 e0       	ldi	r17, 0x00	; 0
    1ecc:	1f 15       	cp	r17, r15
    1ece:	41 f1       	breq	.+80     	; 0x1f20 <runCalibrationCycle.constprop.0+0x8e>
    1ed0:	ce 01       	movw	r24, r28
    1ed2:	01 96       	adiw	r24, 0x01	; 1
    1ed4:	0e 94 59 03 	call	0x6b2	; 0x6b2 <lineSensorRead>
    1ed8:	ae 01       	movw	r20, r28
    1eda:	4f 5f       	subi	r20, 0xFF	; 255
    1edc:	5f 4f       	sbci	r21, 0xFF	; 255
    1ede:	e4 e0       	ldi	r30, 0x04	; 4
    1ee0:	f2 e0       	ldi	r31, 0x02	; 2
    1ee2:	6b e0       	ldi	r22, 0x0B	; 11
    1ee4:	72 e0       	ldi	r23, 0x02	; 2
    1ee6:	da 01       	movw	r26, r20
    1ee8:	8d 91       	ld	r24, X+
    1eea:	9d 91       	ld	r25, X+
    1eec:	ad 01       	movw	r20, r26
    1eee:	20 81       	ld	r18, Z
    1ef0:	31 81       	ldd	r19, Z+1	; 0x01
    1ef2:	28 17       	cp	r18, r24
    1ef4:	39 07       	cpc	r19, r25
    1ef6:	08 f4       	brcc	.+2      	; 0x1efa <runCalibrationCycle.constprop.0+0x68>
    1ef8:	9c 01       	movw	r18, r24
    1efa:	21 93       	st	Z+, r18
    1efc:	31 93       	st	Z+, r19
    1efe:	db 01       	movw	r26, r22
    1f00:	2d 91       	ld	r18, X+
    1f02:	3c 91       	ld	r19, X
    1f04:	82 17       	cp	r24, r18
    1f06:	93 07       	cpc	r25, r19
    1f08:	08 f4       	brcc	.+2      	; 0x1f0c <runCalibrationCycle.constprop.0+0x7a>
    1f0a:	9c 01       	movw	r18, r24
    1f0c:	db 01       	movw	r26, r22
    1f0e:	2d 93       	st	X+, r18
    1f10:	3d 93       	st	X+, r19
    1f12:	bd 01       	movw	r22, r26
    1f14:	b2 e0       	ldi	r27, 0x02	; 2
    1f16:	ea 30       	cpi	r30, 0x0A	; 10
    1f18:	fb 07       	cpc	r31, r27
    1f1a:	29 f7       	brne	.-54     	; 0x1ee6 <runCalibrationCycle.constprop.0+0x54>
    1f1c:	1f 5f       	subi	r17, 0xFF	; 255
    1f1e:	d6 cf       	rjmp	.-84     	; 0x1ecc <runCalibrationCycle.constprop.0+0x3a>
    1f20:	0f 5f       	subi	r16, 0xFF	; 255
    1f22:	05 30       	cpi	r16, 0x05	; 5
    1f24:	11 f6       	brne	.-124    	; 0x1eaa <runCalibrationCycle.constprop.0+0x18>
    1f26:	26 96       	adiw	r28, 0x06	; 6
    1f28:	0f b6       	in	r0, 0x3f	; 63
    1f2a:	f8 94       	cli
    1f2c:	de bf       	out	0x3e, r29	; 62
    1f2e:	0f be       	out	0x3f, r0	; 63
    1f30:	cd bf       	out	0x3d, r28	; 61
    1f32:	df 91       	pop	r29
    1f34:	cf 91       	pop	r28
    1f36:	1f 91       	pop	r17
    1f38:	0f 91       	pop	r16
    1f3a:	ff 90       	pop	r15
    1f3c:	08 95       	ret

00001f3e <runLineFollowingProgram>:
    1f3e:	2f 92       	push	r2
    1f40:	3f 92       	push	r3
    1f42:	4f 92       	push	r4
    1f44:	5f 92       	push	r5
    1f46:	6f 92       	push	r6
    1f48:	7f 92       	push	r7
    1f4a:	8f 92       	push	r8
    1f4c:	9f 92       	push	r9
    1f4e:	af 92       	push	r10
    1f50:	bf 92       	push	r11
    1f52:	cf 92       	push	r12
    1f54:	df 92       	push	r13
    1f56:	ef 92       	push	r14
    1f58:	ff 92       	push	r15
    1f5a:	0f 93       	push	r16
    1f5c:	1f 93       	push	r17
    1f5e:	cf 93       	push	r28
    1f60:	df 93       	push	r29
    1f62:	cd b7       	in	r28, 0x3d	; 61
    1f64:	de b7       	in	r29, 0x3e	; 62
    1f66:	6e 97       	sbiw	r28, 0x1e	; 30
    1f68:	0f b6       	in	r0, 0x3f	; 63
    1f6a:	f8 94       	cli
    1f6c:	de bf       	out	0x3e, r29	; 62
    1f6e:	0f be       	out	0x3f, r0	; 63
    1f70:	cd bf       	out	0x3d, r28	; 61
    1f72:	0e 94 f8 02 	call	0x5f0	; 0x5f0 <ledClear>
    1f76:	0e 94 05 03 	call	0x60a	; 0x60a <ledRefresh>
    1f7a:	80 e0       	ldi	r24, 0x00	; 0
    1f7c:	0e 94 49 04 	call	0x892	; 0x892 <motorLeft>
    1f80:	80 e0       	ldi	r24, 0x00	; 0
    1f82:	0e 94 90 04 	call	0x920	; 0x920 <motorRight>
    1f86:	81 e0       	ldi	r24, 0x01	; 1
    1f88:	0e 94 df 04 	call	0x9be	; 0x9be <motorUseHardBrake>
    1f8c:	0e 94 ee 04 	call	0x9dc	; 0x9dc <serialInit>
    1f90:	60 e8       	ldi	r22, 0x80	; 128
    1f92:	75 e2       	ldi	r23, 0x25	; 37
    1f94:	80 e0       	ldi	r24, 0x00	; 0
    1f96:	90 e0       	ldi	r25, 0x00	; 0
    1f98:	0e 94 f7 04 	call	0x9ee	; 0x9ee <serialSetBaudRate>
    1f9c:	2f ef       	ldi	r18, 0xFF	; 255
    1f9e:	39 e6       	ldi	r19, 0x69	; 105
    1fa0:	48 e1       	ldi	r20, 0x18	; 24
    1fa2:	21 50       	subi	r18, 0x01	; 1
    1fa4:	30 40       	sbci	r19, 0x00	; 0
    1fa6:	40 40       	sbci	r20, 0x00	; 0
    1fa8:	e1 f7       	brne	.-8      	; 0x1fa2 <runLineFollowingProgram+0x64>
    1faa:	00 c0       	rjmp	.+0      	; 0x1fac <runLineFollowingProgram+0x6e>
    1fac:	00 00       	nop
    1fae:	10 92 05 02 	sts	0x0205, r1	; 0x800205 <maxReadings+0x1>
    1fb2:	10 92 04 02 	sts	0x0204, r1	; 0x800204 <maxReadings>
    1fb6:	8f ef       	ldi	r24, 0xFF	; 255
    1fb8:	9f ef       	ldi	r25, 0xFF	; 255
    1fba:	90 93 0c 02 	sts	0x020C, r25	; 0x80020c <minReadings+0x1>
    1fbe:	80 93 0b 02 	sts	0x020B, r24	; 0x80020b <minReadings>
    1fc2:	10 92 07 02 	sts	0x0207, r1	; 0x800207 <maxReadings+0x3>
    1fc6:	10 92 06 02 	sts	0x0206, r1	; 0x800206 <maxReadings+0x2>
    1fca:	90 93 0e 02 	sts	0x020E, r25	; 0x80020e <minReadings+0x3>
    1fce:	80 93 0d 02 	sts	0x020D, r24	; 0x80020d <minReadings+0x2>
    1fd2:	10 92 09 02 	sts	0x0209, r1	; 0x800209 <maxReadings+0x5>
    1fd6:	10 92 08 02 	sts	0x0208, r1	; 0x800208 <maxReadings+0x4>
    1fda:	90 93 10 02 	sts	0x0210, r25	; 0x800210 <minReadings+0x5>
    1fde:	80 93 0f 02 	sts	0x020F, r24	; 0x80020f <minReadings+0x4>
    1fe2:	84 e1       	ldi	r24, 0x14	; 20
    1fe4:	0e 94 49 04 	call	0x892	; 0x892 <motorLeft>
    1fe8:	8c ee       	ldi	r24, 0xEC	; 236
    1fea:	0e 94 90 04 	call	0x920	; 0x920 <motorRight>
    1fee:	85 e0       	ldi	r24, 0x05	; 5
    1ff0:	0e 94 49 0f 	call	0x1e92	; 0x1e92 <runCalibrationCycle.constprop.0>
    1ff4:	80 e0       	ldi	r24, 0x00	; 0
    1ff6:	0e 94 49 04 	call	0x892	; 0x892 <motorLeft>
    1ffa:	80 e0       	ldi	r24, 0x00	; 0
    1ffc:	0e 94 90 04 	call	0x920	; 0x920 <motorRight>
    2000:	5f e7       	ldi	r21, 0x7F	; 127
    2002:	88 e3       	ldi	r24, 0x38	; 56
    2004:	91 e0       	ldi	r25, 0x01	; 1
    2006:	51 50       	subi	r21, 0x01	; 1
    2008:	80 40       	sbci	r24, 0x00	; 0
    200a:	90 40       	sbci	r25, 0x00	; 0
    200c:	e1 f7       	brne	.-8      	; 0x2006 <runLineFollowingProgram+0xc8>
    200e:	00 c0       	rjmp	.+0      	; 0x2010 <runLineFollowingProgram+0xd2>
    2010:	00 00       	nop
    2012:	8c ee       	ldi	r24, 0xEC	; 236
    2014:	0e 94 49 04 	call	0x892	; 0x892 <motorLeft>
    2018:	84 e1       	ldi	r24, 0x14	; 20
    201a:	0e 94 90 04 	call	0x920	; 0x920 <motorRight>
    201e:	8a e0       	ldi	r24, 0x0A	; 10
    2020:	0e 94 49 0f 	call	0x1e92	; 0x1e92 <runCalibrationCycle.constprop.0>
    2024:	80 e0       	ldi	r24, 0x00	; 0
    2026:	0e 94 49 04 	call	0x892	; 0x892 <motorLeft>
    202a:	80 e0       	ldi	r24, 0x00	; 0
    202c:	0e 94 90 04 	call	0x920	; 0x920 <motorRight>
    2030:	af e7       	ldi	r26, 0x7F	; 127
    2032:	b8 e3       	ldi	r27, 0x38	; 56
    2034:	e1 e0       	ldi	r30, 0x01	; 1
    2036:	a1 50       	subi	r26, 0x01	; 1
    2038:	b0 40       	sbci	r27, 0x00	; 0
    203a:	e0 40       	sbci	r30, 0x00	; 0
    203c:	e1 f7       	brne	.-8      	; 0x2036 <runLineFollowingProgram+0xf8>
    203e:	00 c0       	rjmp	.+0      	; 0x2040 <runLineFollowingProgram+0x102>
    2040:	00 00       	nop
    2042:	84 e1       	ldi	r24, 0x14	; 20
    2044:	0e 94 49 04 	call	0x892	; 0x892 <motorLeft>
    2048:	8c ee       	ldi	r24, 0xEC	; 236
    204a:	0e 94 90 04 	call	0x920	; 0x920 <motorRight>
    204e:	85 e0       	ldi	r24, 0x05	; 5
    2050:	0e 94 49 0f 	call	0x1e92	; 0x1e92 <runCalibrationCycle.constprop.0>
    2054:	46 e0       	ldi	r20, 0x06	; 6
    2056:	50 e0       	ldi	r21, 0x00	; 0
    2058:	60 e1       	ldi	r22, 0x10	; 16
    205a:	70 e0       	ldi	r23, 0x00	; 0
    205c:	8b e0       	ldi	r24, 0x0B	; 11
    205e:	92 e0       	ldi	r25, 0x02	; 2
    2060:	0e 94 2b 19 	call	0x3256	; 0x3256 <eeprom_write_block>
    2064:	46 e0       	ldi	r20, 0x06	; 6
    2066:	50 e0       	ldi	r21, 0x00	; 0
    2068:	66 e1       	ldi	r22, 0x16	; 22
    206a:	70 e0       	ldi	r23, 0x00	; 0
    206c:	84 e0       	ldi	r24, 0x04	; 4
    206e:	92 e0       	ldi	r25, 0x02	; 2
    2070:	0e 94 2b 19 	call	0x3256	; 0x3256 <eeprom_write_block>
    2074:	46 e0       	ldi	r20, 0x06	; 6
    2076:	50 e0       	ldi	r21, 0x00	; 0
    2078:	60 e1       	ldi	r22, 0x10	; 16
    207a:	70 e0       	ldi	r23, 0x00	; 0
    207c:	8b e0       	ldi	r24, 0x0B	; 11
    207e:	92 e0       	ldi	r25, 0x02	; 2
    2080:	0e 94 13 19 	call	0x3226	; 0x3226 <eeprom_read_block>
    2084:	46 e0       	ldi	r20, 0x06	; 6
    2086:	50 e0       	ldi	r21, 0x00	; 0
    2088:	66 e1       	ldi	r22, 0x16	; 22
    208a:	70 e0       	ldi	r23, 0x00	; 0
    208c:	84 e0       	ldi	r24, 0x04	; 4
    208e:	92 e0       	ldi	r25, 0x02	; 2
    2090:	0e 94 13 19 	call	0x3226	; 0x3226 <eeprom_read_block>
    2094:	1a 86       	std	Y+10, r1	; 0x0a
    2096:	1b 86       	std	Y+11, r1	; 0x0b
    2098:	1c 86       	std	Y+12, r1	; 0x0c
    209a:	1d 86       	std	Y+13, r1	; 0x0d
    209c:	24 e6       	ldi	r18, 0x64	; 100
    209e:	30 e0       	ldi	r19, 0x00	; 0
    20a0:	40 e0       	ldi	r20, 0x00	; 0
    20a2:	50 e0       	ldi	r21, 0x00	; 0
    20a4:	29 83       	std	Y+1, r18	; 0x01
    20a6:	3a 83       	std	Y+2, r19	; 0x02
    20a8:	4b 83       	std	Y+3, r20	; 0x03
    20aa:	5c 83       	std	Y+4, r21	; 0x04
    20ac:	86 e3       	ldi	r24, 0x36	; 54
    20ae:	92 e0       	ldi	r25, 0x02	; 2
    20b0:	0e 94 59 03 	call	0x6b2	; 0x6b2 <lineSensorRead>
    20b4:	eb e0       	ldi	r30, 0x0B	; 11
    20b6:	f2 e0       	ldi	r31, 0x02	; 2
    20b8:	04 e0       	ldi	r16, 0x04	; 4
    20ba:	12 e0       	ldi	r17, 0x02	; 2
    20bc:	46 e3       	ldi	r20, 0x36	; 54
    20be:	52 e0       	ldi	r21, 0x02	; 2
    20c0:	5f 87       	std	Y+15, r21	; 0x0f
    20c2:	4e 87       	std	Y+14, r20	; 0x0e
    20c4:	58 87       	std	Y+8, r21	; 0x08
    20c6:	4f 83       	std	Y+7, r20	; 0x07
    20c8:	41 91       	ld	r20, Z+
    20ca:	51 91       	ld	r21, Z+
    20cc:	d8 01       	movw	r26, r16
    20ce:	6d 91       	ld	r22, X+
    20d0:	7d 91       	ld	r23, X+
    20d2:	8d 01       	movw	r16, r26
    20d4:	af 81       	ldd	r26, Y+7	; 0x07
    20d6:	b8 85       	ldd	r27, Y+8	; 0x08
    20d8:	2d 91       	ld	r18, X+
    20da:	3c 91       	ld	r19, X
    20dc:	24 17       	cp	r18, r20
    20de:	35 07       	cpc	r19, r21
    20e0:	08 f4       	brcc	.+2      	; 0x20e4 <runLineFollowingProgram+0x1a6>
    20e2:	9a 01       	movw	r18, r20
    20e4:	62 17       	cp	r22, r18
    20e6:	73 07       	cpc	r23, r19
    20e8:	08 f4       	brcc	.+2      	; 0x20ec <runLineFollowingProgram+0x1ae>
    20ea:	9b 01       	movw	r18, r22
    20ec:	24 1b       	sub	r18, r20
    20ee:	35 0b       	sbc	r19, r21
    20f0:	b4 e6       	ldi	r27, 0x64	; 100
    20f2:	b2 9f       	mul	r27, r18
    20f4:	c0 01       	movw	r24, r0
    20f6:	b3 9f       	mul	r27, r19
    20f8:	90 0d       	add	r25, r0
    20fa:	11 24       	eor	r1, r1
    20fc:	6f 5f       	subi	r22, 0xFF	; 255
    20fe:	7f 4f       	sbci	r23, 0xFF	; 255
    2100:	64 1b       	sub	r22, r20
    2102:	75 0b       	sbc	r23, r21
    2104:	0e 94 1d 15 	call	0x2a3a	; 0x2a3a <__udivmodhi4>
    2108:	af 81       	ldd	r26, Y+7	; 0x07
    210a:	b8 85       	ldd	r27, Y+8	; 0x08
    210c:	6d 93       	st	X+, r22
    210e:	7d 93       	st	X+, r23
    2110:	b8 87       	std	Y+8, r27	; 0x08
    2112:	af 83       	std	Y+7, r26	; 0x07
    2114:	b2 e0       	ldi	r27, 0x02	; 2
    2116:	e1 31       	cpi	r30, 0x11	; 17
    2118:	fb 07       	cpc	r31, r27
    211a:	b1 f6       	brne	.-84     	; 0x20c8 <runLineFollowingProgram+0x18a>
    211c:	91 2c       	mov	r9, r1
    211e:	1e 8e       	std	Y+30, r1	; 0x1e
    2120:	1d 8e       	std	Y+29, r1	; 0x1d
    2122:	1d 82       	std	Y+5, r1	; 0x05
    2124:	1e 82       	std	Y+6, r1	; 0x06
    2126:	21 2c       	mov	r2, r1
    2128:	31 2c       	mov	r3, r1
    212a:	81 2c       	mov	r8, r1
    212c:	19 86       	std	Y+9, r1	; 0x09
    212e:	41 2c       	mov	r4, r1
    2130:	51 2c       	mov	r5, r1
    2132:	32 01       	movw	r6, r4
    2134:	18 8a       	std	Y+16, r1	; 0x10
    2136:	19 8a       	std	Y+17, r1	; 0x11
    2138:	1a 8a       	std	Y+18, r1	; 0x12
    213a:	1b 8a       	std	Y+19, r1	; 0x13
    213c:	1c 8a       	std	Y+20, r1	; 0x14
    213e:	1d 8a       	std	Y+21, r1	; 0x15
    2140:	1e 8a       	std	Y+22, r1	; 0x16
    2142:	1f 8a       	std	Y+23, r1	; 0x17
    2144:	ee 85       	ldd	r30, Y+14	; 0x0e
    2146:	ff 85       	ldd	r31, Y+15	; 0x0f
    2148:	21 91       	ld	r18, Z+
    214a:	31 91       	ld	r19, Z+
    214c:	ff 87       	std	Y+15, r31	; 0x0f
    214e:	ee 87       	std	Y+14, r30	; 0x0e
    2150:	38 87       	std	Y+8, r19	; 0x08
    2152:	2f 83       	std	Y+7, r18	; 0x07
    2154:	a9 2c       	mov	r10, r9
    2156:	be 8c       	ldd	r11, Y+30	; 0x1e
    2158:	cd 8c       	ldd	r12, Y+29	; 0x1d
    215a:	dd 80       	ldd	r13, Y+5	; 0x05
    215c:	ee 80       	ldd	r14, Y+6	; 0x06
    215e:	f2 2c       	mov	r15, r2
    2160:	03 2d       	mov	r16, r3
    2162:	18 2d       	mov	r17, r8
    2164:	40 e0       	ldi	r20, 0x00	; 0
    2166:	50 e0       	ldi	r21, 0x00	; 0
    2168:	60 e0       	ldi	r22, 0x00	; 0
    216a:	70 e0       	ldi	r23, 0x00	; 0
    216c:	80 e0       	ldi	r24, 0x00	; 0
    216e:	90 e0       	ldi	r25, 0x00	; 0
    2170:	0e 94 89 15 	call	0x2b12	; 0x2b12 <__muldi3>
    2174:	a8 88       	ldd	r10, Y+16	; 0x10
    2176:	b9 88       	ldd	r11, Y+17	; 0x11
    2178:	ca 88       	ldd	r12, Y+18	; 0x12
    217a:	db 88       	ldd	r13, Y+19	; 0x13
    217c:	ec 88       	ldd	r14, Y+20	; 0x14
    217e:	fd 88       	ldd	r15, Y+21	; 0x15
    2180:	0e 89       	ldd	r16, Y+22	; 0x16
    2182:	1f 89       	ldd	r17, Y+23	; 0x17
    2184:	0e 94 41 16 	call	0x2c82	; 0x2c82 <__adddi3>
    2188:	28 8f       	std	Y+24, r18	; 0x18
    218a:	39 8f       	std	Y+25, r19	; 0x19
    218c:	4a 8f       	std	Y+26, r20	; 0x1a
    218e:	5b 8f       	std	Y+27, r21	; 0x1b
    2190:	6c 8f       	std	Y+28, r22	; 0x1c
    2192:	b7 2f       	mov	r27, r23
    2194:	f8 2f       	mov	r31, r24
    2196:	e9 2f       	mov	r30, r25
    2198:	28 8b       	std	Y+16, r18	; 0x10
    219a:	39 8b       	std	Y+17, r19	; 0x11
    219c:	4a 8b       	std	Y+18, r20	; 0x12
    219e:	5b 8b       	std	Y+19, r21	; 0x13
    21a0:	6c 8b       	std	Y+20, r22	; 0x14
    21a2:	7d 8b       	std	Y+21, r23	; 0x15
    21a4:	8e 8b       	std	Y+22, r24	; 0x16
    21a6:	9f 8b       	std	Y+23, r25	; 0x17
    21a8:	4f 81       	ldd	r20, Y+7	; 0x07
    21aa:	58 85       	ldd	r21, Y+8	; 0x08
    21ac:	44 0e       	add	r4, r20
    21ae:	55 1e       	adc	r5, r21
    21b0:	61 1c       	adc	r6, r1
    21b2:	71 1c       	adc	r7, r1
    21b4:	4e 32       	cpi	r20, 0x2E	; 46
    21b6:	51 05       	cpc	r21, r1
    21b8:	10 f0       	brcs	.+4      	; 0x21be <runLineFollowingProgram+0x280>
    21ba:	51 e0       	ldi	r21, 0x01	; 1
    21bc:	59 87       	std	Y+9, r21	; 0x09
    21be:	29 2d       	mov	r18, r9
    21c0:	3e 8d       	ldd	r19, Y+30	; 0x1e
    21c2:	4d 8d       	ldd	r20, Y+29	; 0x1d
    21c4:	5d 81       	ldd	r21, Y+5	; 0x05
    21c6:	6e 81       	ldd	r22, Y+6	; 0x06
    21c8:	72 2d       	mov	r23, r2
    21ca:	83 2d       	mov	r24, r3
    21cc:	98 2d       	mov	r25, r8
    21ce:	a4 e6       	ldi	r26, 0x64	; 100
    21d0:	0e 94 4a 16 	call	0x2c94	; 0x2c94 <__adddi3_s8>
    21d4:	92 2e       	mov	r9, r18
    21d6:	3e 8f       	std	Y+30, r19	; 0x1e
    21d8:	4d 8f       	std	Y+29, r20	; 0x1d
    21da:	5d 83       	std	Y+5, r21	; 0x05
    21dc:	6e 83       	std	Y+6, r22	; 0x06
    21de:	27 2e       	mov	r2, r23
    21e0:	38 2e       	mov	r3, r24
    21e2:	89 2e       	mov	r8, r25
    21e4:	2c 32       	cpi	r18, 0x2C	; 44
    21e6:	31 40       	sbci	r19, 0x01	; 1
    21e8:	41 05       	cpc	r20, r1
    21ea:	51 05       	cpc	r21, r1
    21ec:	61 05       	cpc	r22, r1
    21ee:	71 05       	cpc	r23, r1
    21f0:	81 05       	cpc	r24, r1
    21f2:	91 05       	cpc	r25, r1
    21f4:	09 f0       	breq	.+2      	; 0x21f8 <runLineFollowingProgram+0x2ba>
    21f6:	a6 cf       	rjmp	.-180    	; 0x2144 <runLineFollowingProgram+0x206>
    21f8:	41 14       	cp	r4, r1
    21fa:	51 04       	cpc	r5, r1
    21fc:	61 04       	cpc	r6, r1
    21fe:	71 04       	cpc	r7, r1
    2200:	c9 f0       	breq	.+50     	; 0x2234 <runLineFollowingProgram+0x2f6>
    2202:	29 85       	ldd	r18, Y+9	; 0x09
    2204:	22 23       	and	r18, r18
    2206:	b1 f0       	breq	.+44     	; 0x2234 <runLineFollowingProgram+0x2f6>
    2208:	93 01       	movw	r18, r6
    220a:	82 01       	movw	r16, r4
    220c:	52 01       	movw	r10, r4
    220e:	69 01       	movw	r12, r18
    2210:	e1 2c       	mov	r14, r1
    2212:	f1 2c       	mov	r15, r1
    2214:	00 e0       	ldi	r16, 0x00	; 0
    2216:	10 e0       	ldi	r17, 0x00	; 0
    2218:	28 8d       	ldd	r18, Y+24	; 0x18
    221a:	39 8d       	ldd	r19, Y+25	; 0x19
    221c:	4a 8d       	ldd	r20, Y+26	; 0x1a
    221e:	5b 8d       	ldd	r21, Y+27	; 0x1b
    2220:	6c 8d       	ldd	r22, Y+28	; 0x1c
    2222:	7b 2f       	mov	r23, r27
    2224:	8f 2f       	mov	r24, r31
    2226:	9e 2f       	mov	r25, r30
    2228:	0e 94 e4 15 	call	0x2bc8	; 0x2bc8 <__udivdi3>
    222c:	29 83       	std	Y+1, r18	; 0x01
    222e:	3a 83       	std	Y+2, r19	; 0x02
    2230:	4b 83       	std	Y+3, r20	; 0x03
    2232:	5c 83       	std	Y+4, r21	; 0x04
    2234:	49 80       	ldd	r4, Y+1	; 0x01
    2236:	5a 80       	ldd	r5, Y+2	; 0x02
    2238:	6b 80       	ldd	r6, Y+3	; 0x03
    223a:	7c 80       	ldd	r7, Y+4	; 0x04
    223c:	34 e6       	ldi	r19, 0x64	; 100
    223e:	43 1a       	sub	r4, r19
    2240:	51 08       	sbc	r5, r1
    2242:	61 08       	sbc	r6, r1
    2244:	71 08       	sbc	r7, r1
    2246:	c3 01       	movw	r24, r6
    2248:	b2 01       	movw	r22, r4
    224a:	2a 85       	ldd	r18, Y+10	; 0x0a
    224c:	3b 85       	ldd	r19, Y+11	; 0x0b
    224e:	4c 85       	ldd	r20, Y+12	; 0x0c
    2250:	5d 85       	ldd	r21, Y+13	; 0x0d
    2252:	62 1b       	sub	r22, r18
    2254:	73 0b       	sbc	r23, r19
    2256:	84 0b       	sbc	r24, r20
    2258:	95 0b       	sbc	r25, r21
    225a:	0e 94 24 14 	call	0x2848	; 0x2848 <__floatsisf>
    225e:	2d ec       	ldi	r18, 0xCD	; 205
    2260:	3c ec       	ldi	r19, 0xCC	; 204
    2262:	4c e8       	ldi	r20, 0x8C	; 140
    2264:	5f e3       	ldi	r21, 0x3F	; 63
    2266:	0e 94 b0 14 	call	0x2960	; 0x2960 <__mulsf3>
    226a:	4b 01       	movw	r8, r22
    226c:	5c 01       	movw	r10, r24
    226e:	c3 01       	movw	r24, r6
    2270:	b2 01       	movw	r22, r4
    2272:	0e 94 24 14 	call	0x2848	; 0x2848 <__floatsisf>
    2276:	2d ec       	ldi	r18, 0xCD	; 205
    2278:	3c ec       	ldi	r19, 0xCC	; 204
    227a:	4c e4       	ldi	r20, 0x4C	; 76
    227c:	5f e3       	ldi	r21, 0x3F	; 63
    227e:	0e 94 b0 14 	call	0x2960	; 0x2960 <__mulsf3>
    2282:	9b 01       	movw	r18, r22
    2284:	ac 01       	movw	r20, r24
    2286:	c5 01       	movw	r24, r10
    2288:	b4 01       	movw	r22, r8
    228a:	0e 94 80 13 	call	0x2700	; 0x2700 <__addsf3>
    228e:	0e 94 ec 13 	call	0x27d8	; 0x27d8 <__fixsfsi>
    2292:	6b 01       	movw	r12, r22
    2294:	07 2e       	mov	r0, r23
    2296:	00 0c       	add	r0, r0
    2298:	ee 08       	sbc	r14, r14
    229a:	ff 08       	sbc	r15, r15
    229c:	9b 01       	movw	r18, r22
    229e:	77 ff       	sbrs	r23, 7
    22a0:	04 c0       	rjmp	.+8      	; 0x22aa <runLineFollowingProgram+0x36c>
    22a2:	22 27       	eor	r18, r18
    22a4:	33 27       	eor	r19, r19
    22a6:	26 1b       	sub	r18, r22
    22a8:	37 0b       	sbc	r19, r23
    22aa:	44 e6       	ldi	r20, 0x64	; 100
    22ac:	84 2e       	mov	r8, r20
    22ae:	91 2c       	mov	r9, r1
    22b0:	82 1a       	sub	r8, r18
    22b2:	93 0a       	sbc	r9, r19
    22b4:	09 2c       	mov	r0, r9
    22b6:	00 0c       	add	r0, r0
    22b8:	aa 08       	sbc	r10, r10
    22ba:	bb 08       	sbc	r11, r11
    22bc:	d7 01       	movw	r26, r14
    22be:	c6 01       	movw	r24, r12
    22c0:	88 0d       	add	r24, r8
    22c2:	99 1d       	adc	r25, r9
    22c4:	aa 1d       	adc	r26, r10
    22c6:	bb 1d       	adc	r27, r11
    22c8:	8c 39       	cpi	r24, 0x9C	; 156
    22ca:	3f ef       	ldi	r19, 0xFF	; 255
    22cc:	93 07       	cpc	r25, r19
    22ce:	a3 07       	cpc	r26, r19
    22d0:	b3 07       	cpc	r27, r19
    22d2:	24 f4       	brge	.+8      	; 0x22dc <runLineFollowingProgram+0x39e>
    22d4:	8c e9       	ldi	r24, 0x9C	; 156
    22d6:	9f ef       	ldi	r25, 0xFF	; 255
    22d8:	af ef       	ldi	r26, 0xFF	; 255
    22da:	bf ef       	ldi	r27, 0xFF	; 255
    22dc:	8c 18       	sub	r8, r12
    22de:	9d 08       	sbc	r9, r13
    22e0:	ae 08       	sbc	r10, r14
    22e2:	bf 08       	sbc	r11, r15
    22e4:	4c e9       	ldi	r20, 0x9C	; 156
    22e6:	84 16       	cp	r8, r20
    22e8:	4f ef       	ldi	r20, 0xFF	; 255
    22ea:	94 06       	cpc	r9, r20
    22ec:	a4 06       	cpc	r10, r20
    22ee:	b4 06       	cpc	r11, r20
    22f0:	34 f4       	brge	.+12     	; 0x22fe <runLineFollowingProgram+0x3c0>
    22f2:	2c e9       	ldi	r18, 0x9C	; 156
    22f4:	82 2e       	mov	r8, r18
    22f6:	99 24       	eor	r9, r9
    22f8:	9a 94       	dec	r9
    22fa:	a9 2c       	mov	r10, r9
    22fc:	b9 2c       	mov	r11, r9
    22fe:	85 36       	cpi	r24, 0x65	; 101
    2300:	91 05       	cpc	r25, r1
    2302:	a1 05       	cpc	r26, r1
    2304:	b1 05       	cpc	r27, r1
    2306:	24 f0       	brlt	.+8      	; 0x2310 <runLineFollowingProgram+0x3d2>
    2308:	84 e6       	ldi	r24, 0x64	; 100
    230a:	90 e0       	ldi	r25, 0x00	; 0
    230c:	a0 e0       	ldi	r26, 0x00	; 0
    230e:	b0 e0       	ldi	r27, 0x00	; 0
    2310:	0e 94 49 04 	call	0x892	; 0x892 <motorLeft>
    2314:	d5 01       	movw	r26, r10
    2316:	c4 01       	movw	r24, r8
    2318:	85 36       	cpi	r24, 0x65	; 101
    231a:	91 05       	cpc	r25, r1
    231c:	a1 05       	cpc	r26, r1
    231e:	b1 05       	cpc	r27, r1
    2320:	24 f0       	brlt	.+8      	; 0x232a <runLineFollowingProgram+0x3ec>
    2322:	84 e6       	ldi	r24, 0x64	; 100
    2324:	90 e0       	ldi	r25, 0x00	; 0
    2326:	a0 e0       	ldi	r26, 0x00	; 0
    2328:	b0 e0       	ldi	r27, 0x00	; 0
    232a:	0e 94 90 04 	call	0x920	; 0x920 <motorRight>
    232e:	0e 94 d3 01 	call	0x3a6	; 0x3a6 <buttonDown>
    2332:	88 23       	and	r24, r24
    2334:	81 f0       	breq	.+32     	; 0x2356 <runLineFollowingProgram+0x418>
    2336:	5f e7       	ldi	r21, 0x7F	; 127
    2338:	88 e3       	ldi	r24, 0x38	; 56
    233a:	91 e0       	ldi	r25, 0x01	; 1
    233c:	51 50       	subi	r21, 0x01	; 1
    233e:	80 40       	sbci	r24, 0x00	; 0
    2340:	90 40       	sbci	r25, 0x00	; 0
    2342:	e1 f7       	brne	.-8      	; 0x233c <runLineFollowingProgram+0x3fe>
    2344:	00 c0       	rjmp	.+0      	; 0x2346 <runLineFollowingProgram+0x408>
    2346:	00 00       	nop
    2348:	0e 94 d3 01 	call	0x3a6	; 0x3a6 <buttonDown>
    234c:	81 11       	cpse	r24, r1
    234e:	fc cf       	rjmp	.-8      	; 0x2348 <runLineFollowingProgram+0x40a>
    2350:	a1 e0       	ldi	r26, 0x01	; 1
    2352:	ae 83       	std	Y+6, r26	; 0x06
    2354:	01 c0       	rjmp	.+2      	; 0x2358 <runLineFollowingProgram+0x41a>
    2356:	1e 82       	std	Y+6, r1	; 0x06
    2358:	14 2d       	mov	r17, r4
    235a:	15 36       	cpi	r17, 0x65	; 101
    235c:	0c f0       	brlt	.+2      	; 0x2360 <runLineFollowingProgram+0x422>
    235e:	50 c0       	rjmp	.+160    	; 0x2400 <runLineFollowingProgram+0x4c2>
    2360:	4d 82       	std	Y+5, r4	; 0x05
    2362:	1c 39       	cpi	r17, 0x9C	; 156
    2364:	1c f4       	brge	.+6      	; 0x236c <runLineFollowingProgram+0x42e>
    2366:	ec e9       	ldi	r30, 0x9C	; 156
    2368:	ed 83       	std	Y+5, r30	; 0x05
    236a:	02 c0       	rjmp	.+4      	; 0x2370 <runLineFollowingProgram+0x432>
    236c:	1e 3c       	cpi	r17, 0xCE	; 206
    236e:	7c f4       	brge	.+30     	; 0x238e <runLineFollowingProgram+0x450>
    2370:	2d 81       	ldd	r18, Y+5	; 0x05
    2372:	33 27       	eor	r19, r19
    2374:	21 95       	neg	r18
    2376:	0c f4       	brge	.+2      	; 0x237a <runLineFollowingProgram+0x43c>
    2378:	30 95       	com	r19
    237a:	a9 01       	movw	r20, r18
    237c:	42 53       	subi	r20, 0x32	; 50
    237e:	20 e0       	ldi	r18, 0x00	; 0
    2380:	60 e0       	ldi	r22, 0x00	; 0
    2382:	80 e0       	ldi	r24, 0x00	; 0
    2384:	0e 94 d8 02 	call	0x5b0	; 0x5b0 <ledSet>
    2388:	20 e0       	ldi	r18, 0x00	; 0
    238a:	42 e3       	ldi	r20, 0x32	; 50
    238c:	0f c0       	rjmp	.+30     	; 0x23ac <runLineFollowingProgram+0x46e>
    238e:	47 fe       	sbrs	r4, 7
    2390:	1a c0       	rjmp	.+52     	; 0x23c6 <runLineFollowingProgram+0x488>
    2392:	20 e0       	ldi	r18, 0x00	; 0
    2394:	40 e0       	ldi	r20, 0x00	; 0
    2396:	60 e0       	ldi	r22, 0x00	; 0
    2398:	80 e0       	ldi	r24, 0x00	; 0
    239a:	0e 94 d8 02 	call	0x5b0	; 0x5b0 <ledSet>
    239e:	84 2d       	mov	r24, r4
    23a0:	99 27       	eor	r25, r25
    23a2:	81 95       	neg	r24
    23a4:	0c f4       	brge	.+2      	; 0x23a8 <runLineFollowingProgram+0x46a>
    23a6:	90 95       	com	r25
    23a8:	ac 01       	movw	r20, r24
    23aa:	20 e0       	ldi	r18, 0x00	; 0
    23ac:	60 e0       	ldi	r22, 0x00	; 0
    23ae:	81 e0       	ldi	r24, 0x01	; 1
    23b0:	0e 94 d8 02 	call	0x5b0	; 0x5b0 <ledSet>
    23b4:	20 e0       	ldi	r18, 0x00	; 0
    23b6:	42 e3       	ldi	r20, 0x32	; 50
    23b8:	60 e0       	ldi	r22, 0x00	; 0
    23ba:	82 e0       	ldi	r24, 0x02	; 2
    23bc:	0e 94 d8 02 	call	0x5b0	; 0x5b0 <ledSet>
    23c0:	20 e0       	ldi	r18, 0x00	; 0
    23c2:	40 e0       	ldi	r20, 0x00	; 0
    23c4:	16 c0       	rjmp	.+44     	; 0x23f2 <runLineFollowingProgram+0x4b4>
    23c6:	13 33       	cpi	r17, 0x33	; 51
    23c8:	ec f4       	brge	.+58     	; 0x2404 <runLineFollowingProgram+0x4c6>
    23ca:	20 e0       	ldi	r18, 0x00	; 0
    23cc:	40 e0       	ldi	r20, 0x00	; 0
    23ce:	60 e0       	ldi	r22, 0x00	; 0
    23d0:	80 e0       	ldi	r24, 0x00	; 0
    23d2:	0e 94 d8 02 	call	0x5b0	; 0x5b0 <ledSet>
    23d6:	20 e0       	ldi	r18, 0x00	; 0
    23d8:	40 e0       	ldi	r20, 0x00	; 0
    23da:	60 e0       	ldi	r22, 0x00	; 0
    23dc:	81 e0       	ldi	r24, 0x01	; 1
    23de:	0e 94 d8 02 	call	0x5b0	; 0x5b0 <ledSet>
    23e2:	20 e0       	ldi	r18, 0x00	; 0
    23e4:	42 e3       	ldi	r20, 0x32	; 50
    23e6:	60 e0       	ldi	r22, 0x00	; 0
    23e8:	82 e0       	ldi	r24, 0x02	; 2
    23ea:	0e 94 d8 02 	call	0x5b0	; 0x5b0 <ledSet>
    23ee:	20 e0       	ldi	r18, 0x00	; 0
    23f0:	44 2d       	mov	r20, r4
    23f2:	60 e0       	ldi	r22, 0x00	; 0
    23f4:	83 e0       	ldi	r24, 0x03	; 3
    23f6:	0e 94 d8 02 	call	0x5b0	; 0x5b0 <ledSet>
    23fa:	20 e0       	ldi	r18, 0x00	; 0
    23fc:	40 e0       	ldi	r20, 0x00	; 0
    23fe:	1d c0       	rjmp	.+58     	; 0x243a <runLineFollowingProgram+0x4fc>
    2400:	94 e6       	ldi	r25, 0x64	; 100
    2402:	9d 83       	std	Y+5, r25	; 0x05
    2404:	20 e0       	ldi	r18, 0x00	; 0
    2406:	40 e0       	ldi	r20, 0x00	; 0
    2408:	60 e0       	ldi	r22, 0x00	; 0
    240a:	80 e0       	ldi	r24, 0x00	; 0
    240c:	0e 94 d8 02 	call	0x5b0	; 0x5b0 <ledSet>
    2410:	20 e0       	ldi	r18, 0x00	; 0
    2412:	40 e0       	ldi	r20, 0x00	; 0
    2414:	60 e0       	ldi	r22, 0x00	; 0
    2416:	81 e0       	ldi	r24, 0x01	; 1
    2418:	0e 94 d8 02 	call	0x5b0	; 0x5b0 <ledSet>
    241c:	20 e0       	ldi	r18, 0x00	; 0
    241e:	42 e3       	ldi	r20, 0x32	; 50
    2420:	60 e0       	ldi	r22, 0x00	; 0
    2422:	82 e0       	ldi	r24, 0x02	; 2
    2424:	0e 94 d8 02 	call	0x5b0	; 0x5b0 <ledSet>
    2428:	20 e0       	ldi	r18, 0x00	; 0
    242a:	42 e3       	ldi	r20, 0x32	; 50
    242c:	60 e0       	ldi	r22, 0x00	; 0
    242e:	83 e0       	ldi	r24, 0x03	; 3
    2430:	0e 94 d8 02 	call	0x5b0	; 0x5b0 <ledSet>
    2434:	4d 81       	ldd	r20, Y+5	; 0x05
    2436:	42 53       	subi	r20, 0x32	; 50
    2438:	20 e0       	ldi	r18, 0x00	; 0
    243a:	60 e0       	ldi	r22, 0x00	; 0
    243c:	84 e0       	ldi	r24, 0x04	; 4
    243e:	0e 94 d8 02 	call	0x5b0	; 0x5b0 <ledSet>
    2442:	0e 94 05 03 	call	0x60a	; 0x60a <ledRefresh>
    2446:	0e 94 f6 12 	call	0x25ec	; 0x25ec <utilHandleLowPower>
    244a:	ae 81       	ldd	r26, Y+6	; 0x06
    244c:	a1 11       	cpse	r26, r1
    244e:	05 c0       	rjmp	.+10     	; 0x245a <runLineFollowingProgram+0x51c>
    2450:	4a 86       	std	Y+10, r4	; 0x0a
    2452:	5b 86       	std	Y+11, r5	; 0x0b
    2454:	6c 86       	std	Y+12, r6	; 0x0c
    2456:	7d 86       	std	Y+13, r7	; 0x0d
    2458:	29 ce       	rjmp	.-942    	; 0x20ac <runLineFollowingProgram+0x16e>
    245a:	6e 96       	adiw	r28, 0x1e	; 30
    245c:	0f b6       	in	r0, 0x3f	; 63
    245e:	f8 94       	cli
    2460:	de bf       	out	0x3e, r29	; 62
    2462:	0f be       	out	0x3f, r0	; 63
    2464:	cd bf       	out	0x3d, r28	; 61
    2466:	df 91       	pop	r29
    2468:	cf 91       	pop	r28
    246a:	1f 91       	pop	r17
    246c:	0f 91       	pop	r16
    246e:	ff 90       	pop	r15
    2470:	ef 90       	pop	r14
    2472:	df 90       	pop	r13
    2474:	cf 90       	pop	r12
    2476:	bf 90       	pop	r11
    2478:	af 90       	pop	r10
    247a:	9f 90       	pop	r9
    247c:	8f 90       	pop	r8
    247e:	7f 90       	pop	r7
    2480:	6f 90       	pop	r6
    2482:	5f 90       	pop	r5
    2484:	4f 90       	pop	r4
    2486:	3f 90       	pop	r3
    2488:	2f 90       	pop	r2
    248a:	08 95       	ret

0000248c <runRaveProgram>:
    248c:	ef 92       	push	r14
    248e:	ff 92       	push	r15
    2490:	0f 93       	push	r16
    2492:	1f 93       	push	r17
    2494:	cf 93       	push	r28
    2496:	df 93       	push	r29
    2498:	00 d0       	rcall	.+0      	; 0x249a <runRaveProgram+0xe>
    249a:	1f 92       	push	r1
    249c:	cd b7       	in	r28, 0x3d	; 61
    249e:	de b7       	in	r29, 0x3e	; 62
    24a0:	e1 2c       	mov	r14, r1
    24a2:	00 e0       	ldi	r16, 0x00	; 0
    24a4:	0d 5f       	subi	r16, 0xFD	; 253
    24a6:	0e 94 f8 02 	call	0x5f0	; 0x5f0 <ledClear>
    24aa:	f0 2e       	mov	r15, r16
    24ac:	10 e0       	ldi	r17, 0x00	; 0
    24ae:	9e 01       	movw	r18, r28
    24b0:	2f 5f       	subi	r18, 0xFF	; 255
    24b2:	3f 4f       	sbci	r19, 0xFF	; 255
    24b4:	ae 01       	movw	r20, r28
    24b6:	4e 5f       	subi	r20, 0xFE	; 254
    24b8:	5f 4f       	sbci	r21, 0xFF	; 255
    24ba:	be 01       	movw	r22, r28
    24bc:	6d 5f       	subi	r22, 0xFD	; 253
    24be:	7f 4f       	sbci	r23, 0xFF	; 255
    24c0:	8f 2d       	mov	r24, r15
    24c2:	0e 94 44 13 	call	0x2688	; 0x2688 <utilHue2RGB>
    24c6:	29 81       	ldd	r18, Y+1	; 0x01
    24c8:	4a 81       	ldd	r20, Y+2	; 0x02
    24ca:	6b 81       	ldd	r22, Y+3	; 0x03
    24cc:	81 2f       	mov	r24, r17
    24ce:	0e 94 d8 02 	call	0x5b0	; 0x5b0 <ledSet>
    24d2:	1f 5f       	subi	r17, 0xFF	; 255
    24d4:	2e e1       	ldi	r18, 0x1E	; 30
    24d6:	f2 0e       	add	r15, r18
    24d8:	15 30       	cpi	r17, 0x05	; 5
    24da:	49 f7       	brne	.-46     	; 0x24ae <runRaveProgram+0x22>
    24dc:	0e 94 05 03 	call	0x60a	; 0x60a <ledRefresh>
    24e0:	8f e1       	ldi	r24, 0x1F	; 31
    24e2:	9e e4       	ldi	r25, 0x4E	; 78
    24e4:	01 97       	sbiw	r24, 0x01	; 1
    24e6:	f1 f7       	brne	.-4      	; 0x24e4 <runRaveProgram+0x58>
    24e8:	00 c0       	rjmp	.+0      	; 0x24ea <runRaveProgram+0x5e>
    24ea:	00 00       	nop
    24ec:	0e 94 d3 01 	call	0x3a6	; 0x3a6 <buttonDown>
    24f0:	88 23       	and	r24, r24
    24f2:	c1 f2       	breq	.-80     	; 0x24a4 <runRaveProgram+0x18>
    24f4:	9f e7       	ldi	r25, 0x7F	; 127
    24f6:	28 e3       	ldi	r18, 0x38	; 56
    24f8:	81 e0       	ldi	r24, 0x01	; 1
    24fa:	91 50       	subi	r25, 0x01	; 1
    24fc:	20 40       	sbci	r18, 0x00	; 0
    24fe:	80 40       	sbci	r24, 0x00	; 0
    2500:	e1 f7       	brne	.-8      	; 0x24fa <runRaveProgram+0x6e>
    2502:	00 c0       	rjmp	.+0      	; 0x2504 <runRaveProgram+0x78>
    2504:	00 00       	nop
    2506:	0e 94 d3 01 	call	0x3a6	; 0x3a6 <buttonDown>
    250a:	81 11       	cpse	r24, r1
    250c:	fc cf       	rjmp	.-8      	; 0x2506 <runRaveProgram+0x7a>
    250e:	e1 10       	cpse	r14, r1
    2510:	09 c0       	rjmp	.+18     	; 0x2524 <runRaveProgram+0x98>
    2512:	8c ee       	ldi	r24, 0xEC	; 236
    2514:	0e 94 49 04 	call	0x892	; 0x892 <motorLeft>
    2518:	84 e1       	ldi	r24, 0x14	; 20
    251a:	0e 94 90 04 	call	0x920	; 0x920 <motorRight>
    251e:	ee 24       	eor	r14, r14
    2520:	e3 94       	inc	r14
    2522:	c0 cf       	rjmp	.-128    	; 0x24a4 <runRaveProgram+0x18>
    2524:	0f 90       	pop	r0
    2526:	0f 90       	pop	r0
    2528:	0f 90       	pop	r0
    252a:	df 91       	pop	r29
    252c:	cf 91       	pop	r28
    252e:	1f 91       	pop	r17
    2530:	0f 91       	pop	r16
    2532:	ff 90       	pop	r15
    2534:	ef 90       	pop	r14
    2536:	08 95       	ret

00002538 <colorDistFunc>:
    2538:	70 e0       	ldi	r23, 0x00	; 0
    253a:	68 1b       	sub	r22, r24
    253c:	71 09       	sbc	r23, r1
    253e:	77 ff       	sbrs	r23, 7
    2540:	03 c0       	rjmp	.+6      	; 0x2548 <colorDistFunc+0x10>
    2542:	71 95       	neg	r23
    2544:	61 95       	neg	r22
    2546:	71 09       	sbc	r23, r1
    2548:	ab 01       	movw	r20, r22
    254a:	44 0f       	add	r20, r20
    254c:	55 1f       	adc	r21, r21
    254e:	46 0f       	add	r20, r22
    2550:	57 1f       	adc	r21, r23
    2552:	05 2e       	mov	r0, r21
    2554:	00 0c       	add	r0, r0
    2556:	66 0b       	sbc	r22, r22
    2558:	77 0b       	sbc	r23, r23
    255a:	8f ef       	ldi	r24, 0xFF	; 255
    255c:	90 e0       	ldi	r25, 0x00	; 0
    255e:	a0 e0       	ldi	r26, 0x00	; 0
    2560:	b0 e0       	ldi	r27, 0x00	; 0
    2562:	84 1b       	sub	r24, r20
    2564:	95 0b       	sbc	r25, r21
    2566:	a6 0b       	sbc	r26, r22
    2568:	b7 0b       	sbc	r27, r23
    256a:	b7 ff       	sbrs	r27, 7
    256c:	03 c0       	rjmp	.+6      	; 0x2574 <colorDistFunc+0x3c>
    256e:	80 e0       	ldi	r24, 0x00	; 0
    2570:	90 e0       	ldi	r25, 0x00	; 0
    2572:	dc 01       	movw	r26, r24
    2574:	08 95       	ret

00002576 <utilWaitForButtonPress>:
    2576:	cf 92       	push	r12
    2578:	df 92       	push	r13
    257a:	ef 92       	push	r14
    257c:	ff 92       	push	r15
    257e:	cf 93       	push	r28
    2580:	c8 2f       	mov	r28, r24
    2582:	84 ef       	ldi	r24, 0xF4	; 244
    2584:	c8 2e       	mov	r12, r24
    2586:	dd 24       	eor	r13, r13
    2588:	d3 94       	inc	r13
    258a:	e1 2c       	mov	r14, r1
    258c:	f1 2c       	mov	r15, r1
    258e:	0e 94 d7 01 	call	0x3ae	; 0x3ae <clockMillis>
    2592:	a7 01       	movw	r20, r14
    2594:	96 01       	movw	r18, r12
    2596:	0e 94 45 15 	call	0x2a8a	; 0x2a8a <__udivmodsi4>
    259a:	62 33       	cpi	r22, 0x32	; 50
    259c:	71 05       	cpc	r23, r1
    259e:	81 05       	cpc	r24, r1
    25a0:	91 05       	cpc	r25, r1
    25a2:	10 f0       	brcs	.+4      	; 0x25a8 <utilWaitForButtonPress+0x32>
    25a4:	40 e0       	ldi	r20, 0x00	; 0
    25a6:	01 c0       	rjmp	.+2      	; 0x25aa <utilWaitForButtonPress+0x34>
    25a8:	40 e4       	ldi	r20, 0x40	; 64
    25aa:	20 e0       	ldi	r18, 0x00	; 0
    25ac:	60 e0       	ldi	r22, 0x00	; 0
    25ae:	8c 2f       	mov	r24, r28
    25b0:	0e 94 d8 02 	call	0x5b0	; 0x5b0 <ledSet>
    25b4:	0e 94 05 03 	call	0x60a	; 0x60a <ledRefresh>
    25b8:	0e 94 d3 01 	call	0x3a6	; 0x3a6 <buttonDown>
    25bc:	88 23       	and	r24, r24
    25be:	39 f3       	breq	.-50     	; 0x258e <utilWaitForButtonPress+0x18>
    25c0:	2f e7       	ldi	r18, 0x7F	; 127
    25c2:	88 e3       	ldi	r24, 0x38	; 56
    25c4:	91 e0       	ldi	r25, 0x01	; 1
    25c6:	21 50       	subi	r18, 0x01	; 1
    25c8:	80 40       	sbci	r24, 0x00	; 0
    25ca:	90 40       	sbci	r25, 0x00	; 0
    25cc:	e1 f7       	brne	.-8      	; 0x25c6 <utilWaitForButtonPress+0x50>
    25ce:	00 c0       	rjmp	.+0      	; 0x25d0 <utilWaitForButtonPress+0x5a>
    25d0:	00 00       	nop
    25d2:	0e 94 d3 01 	call	0x3a6	; 0x3a6 <buttonDown>
    25d6:	81 11       	cpse	r24, r1
    25d8:	fc cf       	rjmp	.-8      	; 0x25d2 <utilWaitForButtonPress+0x5c>
    25da:	0e 94 f8 02 	call	0x5f0	; 0x5f0 <ledClear>
    25de:	cf 91       	pop	r28
    25e0:	ff 90       	pop	r15
    25e2:	ef 90       	pop	r14
    25e4:	df 90       	pop	r13
    25e6:	cf 90       	pop	r12
    25e8:	0c 94 05 03 	jmp	0x60a	; 0x60a <ledRefresh>

000025ec <utilHandleLowPower>:
    25ec:	cf 93       	push	r28
    25ee:	df 93       	push	r29
    25f0:	0e 94 a5 01 	call	0x34a	; 0x34a <batteryRead>
    25f4:	0e 94 cb 01 	call	0x396	; 0x396 <batteryGetMillivolts>
    25f8:	86 31       	cpi	r24, 0x16	; 22
    25fa:	9d 40       	sbci	r25, 0x0D	; 13
    25fc:	08 f0       	brcs	.+2      	; 0x2600 <utilHandleLowPower+0x14>
    25fe:	41 c0       	rjmp	.+130    	; 0x2682 <utilHandleLowPower+0x96>
    2600:	80 e0       	ldi	r24, 0x00	; 0
    2602:	0e 94 49 04 	call	0x892	; 0x892 <motorLeft>
    2606:	80 e0       	ldi	r24, 0x00	; 0
    2608:	0e 94 90 04 	call	0x920	; 0x920 <motorRight>
    260c:	0e 94 f8 02 	call	0x5f0	; 0x5f0 <ledClear>
    2610:	0e 94 05 03 	call	0x60a	; 0x60a <ledRefresh>
    2614:	8f ef       	ldi	r24, 0xFF	; 255
    2616:	94 e3       	ldi	r25, 0x34	; 52
    2618:	2c e0       	ldi	r18, 0x0C	; 12
    261a:	81 50       	subi	r24, 0x01	; 1
    261c:	90 40       	sbci	r25, 0x00	; 0
    261e:	20 40       	sbci	r18, 0x00	; 0
    2620:	e1 f7       	brne	.-8      	; 0x261a <utilHandleLowPower+0x2e>
    2622:	00 c0       	rjmp	.+0      	; 0x2624 <utilHandleLowPower+0x38>
    2624:	00 00       	nop
    2626:	d4 e1       	ldi	r29, 0x14	; 20
    2628:	c0 e0       	ldi	r28, 0x00	; 0
    262a:	20 e0       	ldi	r18, 0x00	; 0
    262c:	40 e0       	ldi	r20, 0x00	; 0
    262e:	60 e4       	ldi	r22, 0x40	; 64
    2630:	8c 2f       	mov	r24, r28
    2632:	0e 94 d8 02 	call	0x5b0	; 0x5b0 <ledSet>
    2636:	cf 5f       	subi	r28, 0xFF	; 255
    2638:	c5 30       	cpi	r28, 0x05	; 5
    263a:	b9 f7       	brne	.-18     	; 0x262a <utilHandleLowPower+0x3e>
    263c:	0e 94 05 03 	call	0x60a	; 0x60a <ledRefresh>
    2640:	8f e3       	ldi	r24, 0x3F	; 63
    2642:	9c e9       	ldi	r25, 0x9C	; 156
    2644:	01 97       	sbiw	r24, 0x01	; 1
    2646:	f1 f7       	brne	.-4      	; 0x2644 <utilHandleLowPower+0x58>
    2648:	00 c0       	rjmp	.+0      	; 0x264a <utilHandleLowPower+0x5e>
    264a:	00 00       	nop
    264c:	0e 94 f8 02 	call	0x5f0	; 0x5f0 <ledClear>
    2650:	0e 94 05 03 	call	0x60a	; 0x60a <ledRefresh>
    2654:	9f ef       	ldi	r25, 0xFF	; 255
    2656:	20 e7       	ldi	r18, 0x70	; 112
    2658:	82 e0       	ldi	r24, 0x02	; 2
    265a:	91 50       	subi	r25, 0x01	; 1
    265c:	20 40       	sbci	r18, 0x00	; 0
    265e:	80 40       	sbci	r24, 0x00	; 0
    2660:	e1 f7       	brne	.-8      	; 0x265a <utilHandleLowPower+0x6e>
    2662:	00 c0       	rjmp	.+0      	; 0x2664 <utilHandleLowPower+0x78>
    2664:	00 00       	nop
    2666:	d1 50       	subi	r29, 0x01	; 1
    2668:	f9 f6       	brne	.-66     	; 0x2628 <utilHandleLowPower+0x3c>
    266a:	80 91 7a 00 	lds	r24, 0x007A	; 0x80007a <__TEXT_REGION_LENGTH__+0x7f807a>
    266e:	8f 77       	andi	r24, 0x7F	; 127
    2670:	80 93 7a 00 	sts	0x007A, r24	; 0x80007a <__TEXT_REGION_LENGTH__+0x7f807a>
    2674:	83 b7       	in	r24, 0x33	; 51
    2676:	84 60       	ori	r24, 0x04	; 4
    2678:	83 bf       	out	0x33, r24	; 51
    267a:	83 b7       	in	r24, 0x33	; 51
    267c:	81 60       	ori	r24, 0x01	; 1
    267e:	83 bf       	out	0x33, r24	; 51
    2680:	88 95       	sleep
    2682:	df 91       	pop	r29
    2684:	cf 91       	pop	r28
    2686:	08 95       	ret

00002688 <utilHue2RGB>:
    2688:	cf 92       	push	r12
    268a:	df 92       	push	r13
    268c:	ef 92       	push	r14
    268e:	ff 92       	push	r15
    2690:	0f 93       	push	r16
    2692:	1f 93       	push	r17
    2694:	cf 93       	push	r28
    2696:	df 93       	push	r29
    2698:	d8 2f       	mov	r29, r24
    269a:	6b 01       	movw	r12, r22
    269c:	7a 01       	movw	r14, r20
    269e:	89 01       	movw	r16, r18
    26a0:	60 e0       	ldi	r22, 0x00	; 0
    26a2:	0e 94 9c 12 	call	0x2538	; 0x2538 <colorDistFunc>
    26a6:	c8 2f       	mov	r28, r24
    26a8:	6f ef       	ldi	r22, 0xFF	; 255
    26aa:	8d 2f       	mov	r24, r29
    26ac:	0e 94 9c 12 	call	0x2538	; 0x2538 <colorDistFunc>
    26b0:	9c 2f       	mov	r25, r28
    26b2:	c8 17       	cp	r28, r24
    26b4:	08 f4       	brcc	.+2      	; 0x26b8 <utilHue2RGB+0x30>
    26b6:	98 2f       	mov	r25, r24
    26b8:	f6 01       	movw	r30, r12
    26ba:	90 83       	st	Z, r25
    26bc:	65 e5       	ldi	r22, 0x55	; 85
    26be:	8d 2f       	mov	r24, r29
    26c0:	0e 94 9c 12 	call	0x2538	; 0x2538 <colorDistFunc>
    26c4:	f7 01       	movw	r30, r14
    26c6:	80 83       	st	Z, r24
    26c8:	6a ea       	ldi	r22, 0xAA	; 170
    26ca:	8d 2f       	mov	r24, r29
    26cc:	0e 94 9c 12 	call	0x2538	; 0x2538 <colorDistFunc>
    26d0:	f8 01       	movw	r30, r16
    26d2:	80 83       	st	Z, r24
    26d4:	df 91       	pop	r29
    26d6:	cf 91       	pop	r28
    26d8:	1f 91       	pop	r17
    26da:	0f 91       	pop	r16
    26dc:	ff 90       	pop	r15
    26de:	ef 90       	pop	r14
    26e0:	df 90       	pop	r13
    26e2:	cf 90       	pop	r12
    26e4:	08 95       	ret

000026e6 <xabcInit>:
    26e6:	80 e0       	ldi	r24, 0x00	; 0
    26e8:	90 e0       	ldi	r25, 0x00	; 0
    26ea:	0e 94 23 19 	call	0x3246	; 0x3246 <eeprom_read_byte>
    26ee:	61 e0       	ldi	r22, 0x01	; 1
    26f0:	68 0f       	add	r22, r24
    26f2:	60 93 34 01 	sts	0x0134, r22	; 0x800134 <a>
    26f6:	80 e0       	ldi	r24, 0x00	; 0
    26f8:	90 e0       	ldi	r25, 0x00	; 0
    26fa:	0c 94 35 19 	jmp	0x326a	; 0x326a <eeprom_write_byte>

000026fe <__subsf3>:
    26fe:	50 58       	subi	r21, 0x80	; 128

00002700 <__addsf3>:
    2700:	bb 27       	eor	r27, r27
    2702:	aa 27       	eor	r26, r26
    2704:	0e 94 97 13 	call	0x272e	; 0x272e <__addsf3x>
    2708:	0c 94 76 14 	jmp	0x28ec	; 0x28ec <__fp_round>
    270c:	0e 94 68 14 	call	0x28d0	; 0x28d0 <__fp_pscA>
    2710:	38 f0       	brcs	.+14     	; 0x2720 <__addsf3+0x20>
    2712:	0e 94 6f 14 	call	0x28de	; 0x28de <__fp_pscB>
    2716:	20 f0       	brcs	.+8      	; 0x2720 <__addsf3+0x20>
    2718:	39 f4       	brne	.+14     	; 0x2728 <__addsf3+0x28>
    271a:	9f 3f       	cpi	r25, 0xFF	; 255
    271c:	19 f4       	brne	.+6      	; 0x2724 <__addsf3+0x24>
    271e:	26 f4       	brtc	.+8      	; 0x2728 <__addsf3+0x28>
    2720:	0c 94 65 14 	jmp	0x28ca	; 0x28ca <__fp_nan>
    2724:	0e f4       	brtc	.+2      	; 0x2728 <__addsf3+0x28>
    2726:	e0 95       	com	r30
    2728:	e7 fb       	bst	r30, 7
    272a:	0c 94 5f 14 	jmp	0x28be	; 0x28be <__fp_inf>

0000272e <__addsf3x>:
    272e:	e9 2f       	mov	r30, r25
    2730:	0e 94 87 14 	call	0x290e	; 0x290e <__fp_split3>
    2734:	58 f3       	brcs	.-42     	; 0x270c <__addsf3+0xc>
    2736:	ba 17       	cp	r27, r26
    2738:	62 07       	cpc	r22, r18
    273a:	73 07       	cpc	r23, r19
    273c:	84 07       	cpc	r24, r20
    273e:	95 07       	cpc	r25, r21
    2740:	20 f0       	brcs	.+8      	; 0x274a <__addsf3x+0x1c>
    2742:	79 f4       	brne	.+30     	; 0x2762 <__addsf3x+0x34>
    2744:	a6 f5       	brtc	.+104    	; 0x27ae <__addsf3x+0x80>
    2746:	0c 94 a9 14 	jmp	0x2952	; 0x2952 <__fp_zero>
    274a:	0e f4       	brtc	.+2      	; 0x274e <__addsf3x+0x20>
    274c:	e0 95       	com	r30
    274e:	0b 2e       	mov	r0, r27
    2750:	ba 2f       	mov	r27, r26
    2752:	a0 2d       	mov	r26, r0
    2754:	0b 01       	movw	r0, r22
    2756:	b9 01       	movw	r22, r18
    2758:	90 01       	movw	r18, r0
    275a:	0c 01       	movw	r0, r24
    275c:	ca 01       	movw	r24, r20
    275e:	a0 01       	movw	r20, r0
    2760:	11 24       	eor	r1, r1
    2762:	ff 27       	eor	r31, r31
    2764:	59 1b       	sub	r21, r25
    2766:	99 f0       	breq	.+38     	; 0x278e <__addsf3x+0x60>
    2768:	59 3f       	cpi	r21, 0xF9	; 249
    276a:	50 f4       	brcc	.+20     	; 0x2780 <__addsf3x+0x52>
    276c:	50 3e       	cpi	r21, 0xE0	; 224
    276e:	68 f1       	brcs	.+90     	; 0x27ca <__addsf3x+0x9c>
    2770:	1a 16       	cp	r1, r26
    2772:	f0 40       	sbci	r31, 0x00	; 0
    2774:	a2 2f       	mov	r26, r18
    2776:	23 2f       	mov	r18, r19
    2778:	34 2f       	mov	r19, r20
    277a:	44 27       	eor	r20, r20
    277c:	58 5f       	subi	r21, 0xF8	; 248
    277e:	f3 cf       	rjmp	.-26     	; 0x2766 <__addsf3x+0x38>
    2780:	46 95       	lsr	r20
    2782:	37 95       	ror	r19
    2784:	27 95       	ror	r18
    2786:	a7 95       	ror	r26
    2788:	f0 40       	sbci	r31, 0x00	; 0
    278a:	53 95       	inc	r21
    278c:	c9 f7       	brne	.-14     	; 0x2780 <__addsf3x+0x52>
    278e:	7e f4       	brtc	.+30     	; 0x27ae <__addsf3x+0x80>
    2790:	1f 16       	cp	r1, r31
    2792:	ba 0b       	sbc	r27, r26
    2794:	62 0b       	sbc	r22, r18
    2796:	73 0b       	sbc	r23, r19
    2798:	84 0b       	sbc	r24, r20
    279a:	ba f0       	brmi	.+46     	; 0x27ca <__addsf3x+0x9c>
    279c:	91 50       	subi	r25, 0x01	; 1
    279e:	a1 f0       	breq	.+40     	; 0x27c8 <__addsf3x+0x9a>
    27a0:	ff 0f       	add	r31, r31
    27a2:	bb 1f       	adc	r27, r27
    27a4:	66 1f       	adc	r22, r22
    27a6:	77 1f       	adc	r23, r23
    27a8:	88 1f       	adc	r24, r24
    27aa:	c2 f7       	brpl	.-16     	; 0x279c <__addsf3x+0x6e>
    27ac:	0e c0       	rjmp	.+28     	; 0x27ca <__addsf3x+0x9c>
    27ae:	ba 0f       	add	r27, r26
    27b0:	62 1f       	adc	r22, r18
    27b2:	73 1f       	adc	r23, r19
    27b4:	84 1f       	adc	r24, r20
    27b6:	48 f4       	brcc	.+18     	; 0x27ca <__addsf3x+0x9c>
    27b8:	87 95       	ror	r24
    27ba:	77 95       	ror	r23
    27bc:	67 95       	ror	r22
    27be:	b7 95       	ror	r27
    27c0:	f7 95       	ror	r31
    27c2:	9e 3f       	cpi	r25, 0xFE	; 254
    27c4:	08 f0       	brcs	.+2      	; 0x27c8 <__addsf3x+0x9a>
    27c6:	b0 cf       	rjmp	.-160    	; 0x2728 <__addsf3+0x28>
    27c8:	93 95       	inc	r25
    27ca:	88 0f       	add	r24, r24
    27cc:	08 f0       	brcs	.+2      	; 0x27d0 <__addsf3x+0xa2>
    27ce:	99 27       	eor	r25, r25
    27d0:	ee 0f       	add	r30, r30
    27d2:	97 95       	ror	r25
    27d4:	87 95       	ror	r24
    27d6:	08 95       	ret

000027d8 <__fixsfsi>:
    27d8:	0e 94 f3 13 	call	0x27e6	; 0x27e6 <__fixunssfsi>
    27dc:	68 94       	set
    27de:	b1 11       	cpse	r27, r1
    27e0:	0c 94 aa 14 	jmp	0x2954	; 0x2954 <__fp_szero>
    27e4:	08 95       	ret

000027e6 <__fixunssfsi>:
    27e6:	0e 94 8f 14 	call	0x291e	; 0x291e <__fp_splitA>
    27ea:	88 f0       	brcs	.+34     	; 0x280e <__fixunssfsi+0x28>
    27ec:	9f 57       	subi	r25, 0x7F	; 127
    27ee:	98 f0       	brcs	.+38     	; 0x2816 <__fixunssfsi+0x30>
    27f0:	b9 2f       	mov	r27, r25
    27f2:	99 27       	eor	r25, r25
    27f4:	b7 51       	subi	r27, 0x17	; 23
    27f6:	b0 f0       	brcs	.+44     	; 0x2824 <__fixunssfsi+0x3e>
    27f8:	e1 f0       	breq	.+56     	; 0x2832 <__fixunssfsi+0x4c>
    27fa:	66 0f       	add	r22, r22
    27fc:	77 1f       	adc	r23, r23
    27fe:	88 1f       	adc	r24, r24
    2800:	99 1f       	adc	r25, r25
    2802:	1a f0       	brmi	.+6      	; 0x280a <__fixunssfsi+0x24>
    2804:	ba 95       	dec	r27
    2806:	c9 f7       	brne	.-14     	; 0x27fa <__fixunssfsi+0x14>
    2808:	14 c0       	rjmp	.+40     	; 0x2832 <__fixunssfsi+0x4c>
    280a:	b1 30       	cpi	r27, 0x01	; 1
    280c:	91 f0       	breq	.+36     	; 0x2832 <__fixunssfsi+0x4c>
    280e:	0e 94 a9 14 	call	0x2952	; 0x2952 <__fp_zero>
    2812:	b1 e0       	ldi	r27, 0x01	; 1
    2814:	08 95       	ret
    2816:	0c 94 a9 14 	jmp	0x2952	; 0x2952 <__fp_zero>
    281a:	67 2f       	mov	r22, r23
    281c:	78 2f       	mov	r23, r24
    281e:	88 27       	eor	r24, r24
    2820:	b8 5f       	subi	r27, 0xF8	; 248
    2822:	39 f0       	breq	.+14     	; 0x2832 <__fixunssfsi+0x4c>
    2824:	b9 3f       	cpi	r27, 0xF9	; 249
    2826:	cc f3       	brlt	.-14     	; 0x281a <__fixunssfsi+0x34>
    2828:	86 95       	lsr	r24
    282a:	77 95       	ror	r23
    282c:	67 95       	ror	r22
    282e:	b3 95       	inc	r27
    2830:	d9 f7       	brne	.-10     	; 0x2828 <__fixunssfsi+0x42>
    2832:	3e f4       	brtc	.+14     	; 0x2842 <__fixunssfsi+0x5c>
    2834:	90 95       	com	r25
    2836:	80 95       	com	r24
    2838:	70 95       	com	r23
    283a:	61 95       	neg	r22
    283c:	7f 4f       	sbci	r23, 0xFF	; 255
    283e:	8f 4f       	sbci	r24, 0xFF	; 255
    2840:	9f 4f       	sbci	r25, 0xFF	; 255
    2842:	08 95       	ret

00002844 <__floatunsisf>:
    2844:	e8 94       	clt
    2846:	09 c0       	rjmp	.+18     	; 0x285a <__floatsisf+0x12>

00002848 <__floatsisf>:
    2848:	97 fb       	bst	r25, 7
    284a:	3e f4       	brtc	.+14     	; 0x285a <__floatsisf+0x12>
    284c:	90 95       	com	r25
    284e:	80 95       	com	r24
    2850:	70 95       	com	r23
    2852:	61 95       	neg	r22
    2854:	7f 4f       	sbci	r23, 0xFF	; 255
    2856:	8f 4f       	sbci	r24, 0xFF	; 255
    2858:	9f 4f       	sbci	r25, 0xFF	; 255
    285a:	99 23       	and	r25, r25
    285c:	a9 f0       	breq	.+42     	; 0x2888 <__floatsisf+0x40>
    285e:	f9 2f       	mov	r31, r25
    2860:	96 e9       	ldi	r25, 0x96	; 150
    2862:	bb 27       	eor	r27, r27
    2864:	93 95       	inc	r25
    2866:	f6 95       	lsr	r31
    2868:	87 95       	ror	r24
    286a:	77 95       	ror	r23
    286c:	67 95       	ror	r22
    286e:	b7 95       	ror	r27
    2870:	f1 11       	cpse	r31, r1
    2872:	f8 cf       	rjmp	.-16     	; 0x2864 <__floatsisf+0x1c>
    2874:	fa f4       	brpl	.+62     	; 0x28b4 <__floatsisf+0x6c>
    2876:	bb 0f       	add	r27, r27
    2878:	11 f4       	brne	.+4      	; 0x287e <__floatsisf+0x36>
    287a:	60 ff       	sbrs	r22, 0
    287c:	1b c0       	rjmp	.+54     	; 0x28b4 <__floatsisf+0x6c>
    287e:	6f 5f       	subi	r22, 0xFF	; 255
    2880:	7f 4f       	sbci	r23, 0xFF	; 255
    2882:	8f 4f       	sbci	r24, 0xFF	; 255
    2884:	9f 4f       	sbci	r25, 0xFF	; 255
    2886:	16 c0       	rjmp	.+44     	; 0x28b4 <__floatsisf+0x6c>
    2888:	88 23       	and	r24, r24
    288a:	11 f0       	breq	.+4      	; 0x2890 <__floatsisf+0x48>
    288c:	96 e9       	ldi	r25, 0x96	; 150
    288e:	11 c0       	rjmp	.+34     	; 0x28b2 <__floatsisf+0x6a>
    2890:	77 23       	and	r23, r23
    2892:	21 f0       	breq	.+8      	; 0x289c <__floatsisf+0x54>
    2894:	9e e8       	ldi	r25, 0x8E	; 142
    2896:	87 2f       	mov	r24, r23
    2898:	76 2f       	mov	r23, r22
    289a:	05 c0       	rjmp	.+10     	; 0x28a6 <__floatsisf+0x5e>
    289c:	66 23       	and	r22, r22
    289e:	71 f0       	breq	.+28     	; 0x28bc <__floatsisf+0x74>
    28a0:	96 e8       	ldi	r25, 0x86	; 134
    28a2:	86 2f       	mov	r24, r22
    28a4:	70 e0       	ldi	r23, 0x00	; 0
    28a6:	60 e0       	ldi	r22, 0x00	; 0
    28a8:	2a f0       	brmi	.+10     	; 0x28b4 <__floatsisf+0x6c>
    28aa:	9a 95       	dec	r25
    28ac:	66 0f       	add	r22, r22
    28ae:	77 1f       	adc	r23, r23
    28b0:	88 1f       	adc	r24, r24
    28b2:	da f7       	brpl	.-10     	; 0x28aa <__floatsisf+0x62>
    28b4:	88 0f       	add	r24, r24
    28b6:	96 95       	lsr	r25
    28b8:	87 95       	ror	r24
    28ba:	97 f9       	bld	r25, 7
    28bc:	08 95       	ret

000028be <__fp_inf>:
    28be:	97 f9       	bld	r25, 7
    28c0:	9f 67       	ori	r25, 0x7F	; 127
    28c2:	80 e8       	ldi	r24, 0x80	; 128
    28c4:	70 e0       	ldi	r23, 0x00	; 0
    28c6:	60 e0       	ldi	r22, 0x00	; 0
    28c8:	08 95       	ret

000028ca <__fp_nan>:
    28ca:	9f ef       	ldi	r25, 0xFF	; 255
    28cc:	80 ec       	ldi	r24, 0xC0	; 192
    28ce:	08 95       	ret

000028d0 <__fp_pscA>:
    28d0:	00 24       	eor	r0, r0
    28d2:	0a 94       	dec	r0
    28d4:	16 16       	cp	r1, r22
    28d6:	17 06       	cpc	r1, r23
    28d8:	18 06       	cpc	r1, r24
    28da:	09 06       	cpc	r0, r25
    28dc:	08 95       	ret

000028de <__fp_pscB>:
    28de:	00 24       	eor	r0, r0
    28e0:	0a 94       	dec	r0
    28e2:	12 16       	cp	r1, r18
    28e4:	13 06       	cpc	r1, r19
    28e6:	14 06       	cpc	r1, r20
    28e8:	05 06       	cpc	r0, r21
    28ea:	08 95       	ret

000028ec <__fp_round>:
    28ec:	09 2e       	mov	r0, r25
    28ee:	03 94       	inc	r0
    28f0:	00 0c       	add	r0, r0
    28f2:	11 f4       	brne	.+4      	; 0x28f8 <__fp_round+0xc>
    28f4:	88 23       	and	r24, r24
    28f6:	52 f0       	brmi	.+20     	; 0x290c <__fp_round+0x20>
    28f8:	bb 0f       	add	r27, r27
    28fa:	40 f4       	brcc	.+16     	; 0x290c <__fp_round+0x20>
    28fc:	bf 2b       	or	r27, r31
    28fe:	11 f4       	brne	.+4      	; 0x2904 <__fp_round+0x18>
    2900:	60 ff       	sbrs	r22, 0
    2902:	04 c0       	rjmp	.+8      	; 0x290c <__fp_round+0x20>
    2904:	6f 5f       	subi	r22, 0xFF	; 255
    2906:	7f 4f       	sbci	r23, 0xFF	; 255
    2908:	8f 4f       	sbci	r24, 0xFF	; 255
    290a:	9f 4f       	sbci	r25, 0xFF	; 255
    290c:	08 95       	ret

0000290e <__fp_split3>:
    290e:	57 fd       	sbrc	r21, 7
    2910:	90 58       	subi	r25, 0x80	; 128
    2912:	44 0f       	add	r20, r20
    2914:	55 1f       	adc	r21, r21
    2916:	59 f0       	breq	.+22     	; 0x292e <__fp_splitA+0x10>
    2918:	5f 3f       	cpi	r21, 0xFF	; 255
    291a:	71 f0       	breq	.+28     	; 0x2938 <__fp_splitA+0x1a>
    291c:	47 95       	ror	r20

0000291e <__fp_splitA>:
    291e:	88 0f       	add	r24, r24
    2920:	97 fb       	bst	r25, 7
    2922:	99 1f       	adc	r25, r25
    2924:	61 f0       	breq	.+24     	; 0x293e <__fp_splitA+0x20>
    2926:	9f 3f       	cpi	r25, 0xFF	; 255
    2928:	79 f0       	breq	.+30     	; 0x2948 <__fp_splitA+0x2a>
    292a:	87 95       	ror	r24
    292c:	08 95       	ret
    292e:	12 16       	cp	r1, r18
    2930:	13 06       	cpc	r1, r19
    2932:	14 06       	cpc	r1, r20
    2934:	55 1f       	adc	r21, r21
    2936:	f2 cf       	rjmp	.-28     	; 0x291c <__fp_split3+0xe>
    2938:	46 95       	lsr	r20
    293a:	f1 df       	rcall	.-30     	; 0x291e <__fp_splitA>
    293c:	08 c0       	rjmp	.+16     	; 0x294e <__fp_splitA+0x30>
    293e:	16 16       	cp	r1, r22
    2940:	17 06       	cpc	r1, r23
    2942:	18 06       	cpc	r1, r24
    2944:	99 1f       	adc	r25, r25
    2946:	f1 cf       	rjmp	.-30     	; 0x292a <__fp_splitA+0xc>
    2948:	86 95       	lsr	r24
    294a:	71 05       	cpc	r23, r1
    294c:	61 05       	cpc	r22, r1
    294e:	08 94       	sec
    2950:	08 95       	ret

00002952 <__fp_zero>:
    2952:	e8 94       	clt

00002954 <__fp_szero>:
    2954:	bb 27       	eor	r27, r27
    2956:	66 27       	eor	r22, r22
    2958:	77 27       	eor	r23, r23
    295a:	cb 01       	movw	r24, r22
    295c:	97 f9       	bld	r25, 7
    295e:	08 95       	ret

00002960 <__mulsf3>:
    2960:	0e 94 c3 14 	call	0x2986	; 0x2986 <__mulsf3x>
    2964:	0c 94 76 14 	jmp	0x28ec	; 0x28ec <__fp_round>
    2968:	0e 94 68 14 	call	0x28d0	; 0x28d0 <__fp_pscA>
    296c:	38 f0       	brcs	.+14     	; 0x297c <__mulsf3+0x1c>
    296e:	0e 94 6f 14 	call	0x28de	; 0x28de <__fp_pscB>
    2972:	20 f0       	brcs	.+8      	; 0x297c <__mulsf3+0x1c>
    2974:	95 23       	and	r25, r21
    2976:	11 f0       	breq	.+4      	; 0x297c <__mulsf3+0x1c>
    2978:	0c 94 5f 14 	jmp	0x28be	; 0x28be <__fp_inf>
    297c:	0c 94 65 14 	jmp	0x28ca	; 0x28ca <__fp_nan>
    2980:	11 24       	eor	r1, r1
    2982:	0c 94 aa 14 	jmp	0x2954	; 0x2954 <__fp_szero>

00002986 <__mulsf3x>:
    2986:	0e 94 87 14 	call	0x290e	; 0x290e <__fp_split3>
    298a:	70 f3       	brcs	.-36     	; 0x2968 <__mulsf3+0x8>

0000298c <__mulsf3_pse>:
    298c:	95 9f       	mul	r25, r21
    298e:	c1 f3       	breq	.-16     	; 0x2980 <__mulsf3+0x20>
    2990:	95 0f       	add	r25, r21
    2992:	50 e0       	ldi	r21, 0x00	; 0
    2994:	55 1f       	adc	r21, r21
    2996:	62 9f       	mul	r22, r18
    2998:	f0 01       	movw	r30, r0
    299a:	72 9f       	mul	r23, r18
    299c:	bb 27       	eor	r27, r27
    299e:	f0 0d       	add	r31, r0
    29a0:	b1 1d       	adc	r27, r1
    29a2:	63 9f       	mul	r22, r19
    29a4:	aa 27       	eor	r26, r26
    29a6:	f0 0d       	add	r31, r0
    29a8:	b1 1d       	adc	r27, r1
    29aa:	aa 1f       	adc	r26, r26
    29ac:	64 9f       	mul	r22, r20
    29ae:	66 27       	eor	r22, r22
    29b0:	b0 0d       	add	r27, r0
    29b2:	a1 1d       	adc	r26, r1
    29b4:	66 1f       	adc	r22, r22
    29b6:	82 9f       	mul	r24, r18
    29b8:	22 27       	eor	r18, r18
    29ba:	b0 0d       	add	r27, r0
    29bc:	a1 1d       	adc	r26, r1
    29be:	62 1f       	adc	r22, r18
    29c0:	73 9f       	mul	r23, r19
    29c2:	b0 0d       	add	r27, r0
    29c4:	a1 1d       	adc	r26, r1
    29c6:	62 1f       	adc	r22, r18
    29c8:	83 9f       	mul	r24, r19
    29ca:	a0 0d       	add	r26, r0
    29cc:	61 1d       	adc	r22, r1
    29ce:	22 1f       	adc	r18, r18
    29d0:	74 9f       	mul	r23, r20
    29d2:	33 27       	eor	r19, r19
    29d4:	a0 0d       	add	r26, r0
    29d6:	61 1d       	adc	r22, r1
    29d8:	23 1f       	adc	r18, r19
    29da:	84 9f       	mul	r24, r20
    29dc:	60 0d       	add	r22, r0
    29de:	21 1d       	adc	r18, r1
    29e0:	82 2f       	mov	r24, r18
    29e2:	76 2f       	mov	r23, r22
    29e4:	6a 2f       	mov	r22, r26
    29e6:	11 24       	eor	r1, r1
    29e8:	9f 57       	subi	r25, 0x7F	; 127
    29ea:	50 40       	sbci	r21, 0x00	; 0
    29ec:	9a f0       	brmi	.+38     	; 0x2a14 <__mulsf3_pse+0x88>
    29ee:	f1 f0       	breq	.+60     	; 0x2a2c <__mulsf3_pse+0xa0>
    29f0:	88 23       	and	r24, r24
    29f2:	4a f0       	brmi	.+18     	; 0x2a06 <__mulsf3_pse+0x7a>
    29f4:	ee 0f       	add	r30, r30
    29f6:	ff 1f       	adc	r31, r31
    29f8:	bb 1f       	adc	r27, r27
    29fa:	66 1f       	adc	r22, r22
    29fc:	77 1f       	adc	r23, r23
    29fe:	88 1f       	adc	r24, r24
    2a00:	91 50       	subi	r25, 0x01	; 1
    2a02:	50 40       	sbci	r21, 0x00	; 0
    2a04:	a9 f7       	brne	.-22     	; 0x29f0 <__mulsf3_pse+0x64>
    2a06:	9e 3f       	cpi	r25, 0xFE	; 254
    2a08:	51 05       	cpc	r21, r1
    2a0a:	80 f0       	brcs	.+32     	; 0x2a2c <__mulsf3_pse+0xa0>
    2a0c:	0c 94 5f 14 	jmp	0x28be	; 0x28be <__fp_inf>
    2a10:	0c 94 aa 14 	jmp	0x2954	; 0x2954 <__fp_szero>
    2a14:	5f 3f       	cpi	r21, 0xFF	; 255
    2a16:	e4 f3       	brlt	.-8      	; 0x2a10 <__mulsf3_pse+0x84>
    2a18:	98 3e       	cpi	r25, 0xE8	; 232
    2a1a:	d4 f3       	brlt	.-12     	; 0x2a10 <__mulsf3_pse+0x84>
    2a1c:	86 95       	lsr	r24
    2a1e:	77 95       	ror	r23
    2a20:	67 95       	ror	r22
    2a22:	b7 95       	ror	r27
    2a24:	f7 95       	ror	r31
    2a26:	e7 95       	ror	r30
    2a28:	9f 5f       	subi	r25, 0xFF	; 255
    2a2a:	c1 f7       	brne	.-16     	; 0x2a1c <__mulsf3_pse+0x90>
    2a2c:	fe 2b       	or	r31, r30
    2a2e:	88 0f       	add	r24, r24
    2a30:	91 1d       	adc	r25, r1
    2a32:	96 95       	lsr	r25
    2a34:	87 95       	ror	r24
    2a36:	97 f9       	bld	r25, 7
    2a38:	08 95       	ret

00002a3a <__udivmodhi4>:
    2a3a:	aa 1b       	sub	r26, r26
    2a3c:	bb 1b       	sub	r27, r27
    2a3e:	51 e1       	ldi	r21, 0x11	; 17
    2a40:	07 c0       	rjmp	.+14     	; 0x2a50 <__udivmodhi4_ep>

00002a42 <__udivmodhi4_loop>:
    2a42:	aa 1f       	adc	r26, r26
    2a44:	bb 1f       	adc	r27, r27
    2a46:	a6 17       	cp	r26, r22
    2a48:	b7 07       	cpc	r27, r23
    2a4a:	10 f0       	brcs	.+4      	; 0x2a50 <__udivmodhi4_ep>
    2a4c:	a6 1b       	sub	r26, r22
    2a4e:	b7 0b       	sbc	r27, r23

00002a50 <__udivmodhi4_ep>:
    2a50:	88 1f       	adc	r24, r24
    2a52:	99 1f       	adc	r25, r25
    2a54:	5a 95       	dec	r21
    2a56:	a9 f7       	brne	.-22     	; 0x2a42 <__udivmodhi4_loop>
    2a58:	80 95       	com	r24
    2a5a:	90 95       	com	r25
    2a5c:	bc 01       	movw	r22, r24
    2a5e:	cd 01       	movw	r24, r26
    2a60:	08 95       	ret

00002a62 <__divmodhi4>:
    2a62:	97 fb       	bst	r25, 7
    2a64:	07 2e       	mov	r0, r23
    2a66:	16 f4       	brtc	.+4      	; 0x2a6c <__divmodhi4+0xa>
    2a68:	00 94       	com	r0
    2a6a:	07 d0       	rcall	.+14     	; 0x2a7a <__divmodhi4_neg1>
    2a6c:	77 fd       	sbrc	r23, 7
    2a6e:	09 d0       	rcall	.+18     	; 0x2a82 <__divmodhi4_neg2>
    2a70:	0e 94 1d 15 	call	0x2a3a	; 0x2a3a <__udivmodhi4>
    2a74:	07 fc       	sbrc	r0, 7
    2a76:	05 d0       	rcall	.+10     	; 0x2a82 <__divmodhi4_neg2>
    2a78:	3e f4       	brtc	.+14     	; 0x2a88 <__divmodhi4_exit>

00002a7a <__divmodhi4_neg1>:
    2a7a:	90 95       	com	r25
    2a7c:	81 95       	neg	r24
    2a7e:	9f 4f       	sbci	r25, 0xFF	; 255
    2a80:	08 95       	ret

00002a82 <__divmodhi4_neg2>:
    2a82:	70 95       	com	r23
    2a84:	61 95       	neg	r22
    2a86:	7f 4f       	sbci	r23, 0xFF	; 255

00002a88 <__divmodhi4_exit>:
    2a88:	08 95       	ret

00002a8a <__udivmodsi4>:
    2a8a:	a1 e2       	ldi	r26, 0x21	; 33
    2a8c:	1a 2e       	mov	r1, r26
    2a8e:	aa 1b       	sub	r26, r26
    2a90:	bb 1b       	sub	r27, r27
    2a92:	fd 01       	movw	r30, r26
    2a94:	0d c0       	rjmp	.+26     	; 0x2ab0 <__udivmodsi4_ep>

00002a96 <__udivmodsi4_loop>:
    2a96:	aa 1f       	adc	r26, r26
    2a98:	bb 1f       	adc	r27, r27
    2a9a:	ee 1f       	adc	r30, r30
    2a9c:	ff 1f       	adc	r31, r31
    2a9e:	a2 17       	cp	r26, r18
    2aa0:	b3 07       	cpc	r27, r19
    2aa2:	e4 07       	cpc	r30, r20
    2aa4:	f5 07       	cpc	r31, r21
    2aa6:	20 f0       	brcs	.+8      	; 0x2ab0 <__udivmodsi4_ep>
    2aa8:	a2 1b       	sub	r26, r18
    2aaa:	b3 0b       	sbc	r27, r19
    2aac:	e4 0b       	sbc	r30, r20
    2aae:	f5 0b       	sbc	r31, r21

00002ab0 <__udivmodsi4_ep>:
    2ab0:	66 1f       	adc	r22, r22
    2ab2:	77 1f       	adc	r23, r23
    2ab4:	88 1f       	adc	r24, r24
    2ab6:	99 1f       	adc	r25, r25
    2ab8:	1a 94       	dec	r1
    2aba:	69 f7       	brne	.-38     	; 0x2a96 <__udivmodsi4_loop>
    2abc:	60 95       	com	r22
    2abe:	70 95       	com	r23
    2ac0:	80 95       	com	r24
    2ac2:	90 95       	com	r25
    2ac4:	9b 01       	movw	r18, r22
    2ac6:	ac 01       	movw	r20, r24
    2ac8:	bd 01       	movw	r22, r26
    2aca:	cf 01       	movw	r24, r30
    2acc:	08 95       	ret

00002ace <__umulhisi3>:
    2ace:	a2 9f       	mul	r26, r18
    2ad0:	b0 01       	movw	r22, r0
    2ad2:	b3 9f       	mul	r27, r19
    2ad4:	c0 01       	movw	r24, r0
    2ad6:	a3 9f       	mul	r26, r19
    2ad8:	70 0d       	add	r23, r0
    2ada:	81 1d       	adc	r24, r1
    2adc:	11 24       	eor	r1, r1
    2ade:	91 1d       	adc	r25, r1
    2ae0:	b2 9f       	mul	r27, r18
    2ae2:	70 0d       	add	r23, r0
    2ae4:	81 1d       	adc	r24, r1
    2ae6:	11 24       	eor	r1, r1
    2ae8:	91 1d       	adc	r25, r1
    2aea:	08 95       	ret

00002aec <__muluhisi3>:
    2aec:	0e 94 67 15 	call	0x2ace	; 0x2ace <__umulhisi3>
    2af0:	a5 9f       	mul	r26, r21
    2af2:	90 0d       	add	r25, r0
    2af4:	b4 9f       	mul	r27, r20
    2af6:	90 0d       	add	r25, r0
    2af8:	a4 9f       	mul	r26, r20
    2afa:	80 0d       	add	r24, r0
    2afc:	91 1d       	adc	r25, r1
    2afe:	11 24       	eor	r1, r1
    2b00:	08 95       	ret

00002b02 <__mulshisi3>:
    2b02:	b7 ff       	sbrs	r27, 7
    2b04:	0c 94 76 15 	jmp	0x2aec	; 0x2aec <__muluhisi3>

00002b08 <__mulohisi3>:
    2b08:	0e 94 76 15 	call	0x2aec	; 0x2aec <__muluhisi3>
    2b0c:	82 1b       	sub	r24, r18
    2b0e:	93 0b       	sbc	r25, r19
    2b10:	08 95       	ret

00002b12 <__muldi3>:
    2b12:	df 93       	push	r29
    2b14:	cf 93       	push	r28
    2b16:	1f 93       	push	r17
    2b18:	0f 93       	push	r16
    2b1a:	9a 9d       	mul	r25, r10
    2b1c:	f0 2d       	mov	r31, r0
    2b1e:	21 9f       	mul	r18, r17
    2b20:	f0 0d       	add	r31, r0
    2b22:	8b 9d       	mul	r24, r11
    2b24:	f0 0d       	add	r31, r0
    2b26:	8a 9d       	mul	r24, r10
    2b28:	e0 2d       	mov	r30, r0
    2b2a:	f1 0d       	add	r31, r1
    2b2c:	03 9f       	mul	r16, r19
    2b2e:	f0 0d       	add	r31, r0
    2b30:	02 9f       	mul	r16, r18
    2b32:	e0 0d       	add	r30, r0
    2b34:	f1 1d       	adc	r31, r1
    2b36:	4e 9d       	mul	r20, r14
    2b38:	e0 0d       	add	r30, r0
    2b3a:	f1 1d       	adc	r31, r1
    2b3c:	5e 9d       	mul	r21, r14
    2b3e:	f0 0d       	add	r31, r0
    2b40:	4f 9d       	mul	r20, r15
    2b42:	f0 0d       	add	r31, r0
    2b44:	7f 93       	push	r23
    2b46:	6f 93       	push	r22
    2b48:	bf 92       	push	r11
    2b4a:	af 92       	push	r10
    2b4c:	5f 93       	push	r21
    2b4e:	4f 93       	push	r20
    2b50:	d5 01       	movw	r26, r10
    2b52:	0e 94 67 15 	call	0x2ace	; 0x2ace <__umulhisi3>
    2b56:	8b 01       	movw	r16, r22
    2b58:	ac 01       	movw	r20, r24
    2b5a:	d7 01       	movw	r26, r14
    2b5c:	0e 94 67 15 	call	0x2ace	; 0x2ace <__umulhisi3>
    2b60:	eb 01       	movw	r28, r22
    2b62:	e8 0f       	add	r30, r24
    2b64:	f9 1f       	adc	r31, r25
    2b66:	d6 01       	movw	r26, r12
    2b68:	0e 94 d9 15 	call	0x2bb2	; 0x2bb2 <__muldi3_6>
    2b6c:	2f 91       	pop	r18
    2b6e:	3f 91       	pop	r19
    2b70:	d6 01       	movw	r26, r12
    2b72:	0e 94 67 15 	call	0x2ace	; 0x2ace <__umulhisi3>
    2b76:	c6 0f       	add	r28, r22
    2b78:	d7 1f       	adc	r29, r23
    2b7a:	e8 1f       	adc	r30, r24
    2b7c:	f9 1f       	adc	r31, r25
    2b7e:	af 91       	pop	r26
    2b80:	bf 91       	pop	r27
    2b82:	0e 94 d9 15 	call	0x2bb2	; 0x2bb2 <__muldi3_6>
    2b86:	2f 91       	pop	r18
    2b88:	3f 91       	pop	r19
    2b8a:	0e 94 67 15 	call	0x2ace	; 0x2ace <__umulhisi3>
    2b8e:	c6 0f       	add	r28, r22
    2b90:	d7 1f       	adc	r29, r23
    2b92:	e8 1f       	adc	r30, r24
    2b94:	f9 1f       	adc	r31, r25
    2b96:	d6 01       	movw	r26, r12
    2b98:	0e 94 67 15 	call	0x2ace	; 0x2ace <__umulhisi3>
    2b9c:	e6 0f       	add	r30, r22
    2b9e:	f7 1f       	adc	r31, r23
    2ba0:	98 01       	movw	r18, r16
    2ba2:	be 01       	movw	r22, r28
    2ba4:	cf 01       	movw	r24, r30
    2ba6:	11 24       	eor	r1, r1
    2ba8:	0f 91       	pop	r16
    2baa:	1f 91       	pop	r17
    2bac:	cf 91       	pop	r28
    2bae:	df 91       	pop	r29
    2bb0:	08 95       	ret

00002bb2 <__muldi3_6>:
    2bb2:	0e 94 67 15 	call	0x2ace	; 0x2ace <__umulhisi3>
    2bb6:	46 0f       	add	r20, r22
    2bb8:	57 1f       	adc	r21, r23
    2bba:	c8 1f       	adc	r28, r24
    2bbc:	d9 1f       	adc	r29, r25
    2bbe:	08 f4       	brcc	.+2      	; 0x2bc2 <__muldi3_6+0x10>
    2bc0:	31 96       	adiw	r30, 0x01	; 1
    2bc2:	08 95       	ret

00002bc4 <__umoddi3>:
    2bc4:	68 94       	set
    2bc6:	01 c0       	rjmp	.+2      	; 0x2bca <__udivdi3_umoddi3>

00002bc8 <__udivdi3>:
    2bc8:	e8 94       	clt

00002bca <__udivdi3_umoddi3>:
    2bca:	8f 92       	push	r8
    2bcc:	9f 92       	push	r9
    2bce:	cf 93       	push	r28
    2bd0:	df 93       	push	r29
    2bd2:	0e 94 f0 15 	call	0x2be0	; 0x2be0 <__udivmod64>
    2bd6:	df 91       	pop	r29
    2bd8:	cf 91       	pop	r28
    2bda:	9f 90       	pop	r9
    2bdc:	8f 90       	pop	r8
    2bde:	08 95       	ret

00002be0 <__udivmod64>:
    2be0:	88 24       	eor	r8, r8
    2be2:	99 24       	eor	r9, r9
    2be4:	f4 01       	movw	r30, r8
    2be6:	e4 01       	movw	r28, r8
    2be8:	b0 e4       	ldi	r27, 0x40	; 64
    2bea:	9f 93       	push	r25
    2bec:	aa 27       	eor	r26, r26
    2bee:	9a 15       	cp	r25, r10
    2bf0:	8b 04       	cpc	r8, r11
    2bf2:	9c 04       	cpc	r9, r12
    2bf4:	ed 05       	cpc	r30, r13
    2bf6:	fe 05       	cpc	r31, r14
    2bf8:	cf 05       	cpc	r28, r15
    2bfa:	d0 07       	cpc	r29, r16
    2bfc:	a1 07       	cpc	r26, r17
    2bfe:	98 f4       	brcc	.+38     	; 0x2c26 <__udivmod64+0x46>
    2c00:	ad 2f       	mov	r26, r29
    2c02:	dc 2f       	mov	r29, r28
    2c04:	cf 2f       	mov	r28, r31
    2c06:	fe 2f       	mov	r31, r30
    2c08:	e9 2d       	mov	r30, r9
    2c0a:	98 2c       	mov	r9, r8
    2c0c:	89 2e       	mov	r8, r25
    2c0e:	98 2f       	mov	r25, r24
    2c10:	87 2f       	mov	r24, r23
    2c12:	76 2f       	mov	r23, r22
    2c14:	65 2f       	mov	r22, r21
    2c16:	54 2f       	mov	r21, r20
    2c18:	43 2f       	mov	r20, r19
    2c1a:	32 2f       	mov	r19, r18
    2c1c:	22 27       	eor	r18, r18
    2c1e:	b8 50       	subi	r27, 0x08	; 8
    2c20:	31 f7       	brne	.-52     	; 0x2bee <__udivmod64+0xe>
    2c22:	bf 91       	pop	r27
    2c24:	27 c0       	rjmp	.+78     	; 0x2c74 <__udivmod64+0x94>
    2c26:	1b 2e       	mov	r1, r27
    2c28:	bf 91       	pop	r27
    2c2a:	bb 27       	eor	r27, r27
    2c2c:	22 0f       	add	r18, r18
    2c2e:	33 1f       	adc	r19, r19
    2c30:	44 1f       	adc	r20, r20
    2c32:	55 1f       	adc	r21, r21
    2c34:	66 1f       	adc	r22, r22
    2c36:	77 1f       	adc	r23, r23
    2c38:	88 1f       	adc	r24, r24
    2c3a:	99 1f       	adc	r25, r25
    2c3c:	88 1c       	adc	r8, r8
    2c3e:	99 1c       	adc	r9, r9
    2c40:	ee 1f       	adc	r30, r30
    2c42:	ff 1f       	adc	r31, r31
    2c44:	cc 1f       	adc	r28, r28
    2c46:	dd 1f       	adc	r29, r29
    2c48:	aa 1f       	adc	r26, r26
    2c4a:	bb 1f       	adc	r27, r27
    2c4c:	8a 14       	cp	r8, r10
    2c4e:	9b 04       	cpc	r9, r11
    2c50:	ec 05       	cpc	r30, r12
    2c52:	fd 05       	cpc	r31, r13
    2c54:	ce 05       	cpc	r28, r14
    2c56:	df 05       	cpc	r29, r15
    2c58:	a0 07       	cpc	r26, r16
    2c5a:	b1 07       	cpc	r27, r17
    2c5c:	48 f0       	brcs	.+18     	; 0x2c70 <__udivmod64+0x90>
    2c5e:	8a 18       	sub	r8, r10
    2c60:	9b 08       	sbc	r9, r11
    2c62:	ec 09       	sbc	r30, r12
    2c64:	fd 09       	sbc	r31, r13
    2c66:	ce 09       	sbc	r28, r14
    2c68:	df 09       	sbc	r29, r15
    2c6a:	a0 0b       	sbc	r26, r16
    2c6c:	b1 0b       	sbc	r27, r17
    2c6e:	21 60       	ori	r18, 0x01	; 1
    2c70:	1a 94       	dec	r1
    2c72:	e1 f6       	brne	.-72     	; 0x2c2c <__udivmod64+0x4c>
    2c74:	2e f4       	brtc	.+10     	; 0x2c80 <__udivmod64+0xa0>
    2c76:	94 01       	movw	r18, r8
    2c78:	af 01       	movw	r20, r30
    2c7a:	be 01       	movw	r22, r28
    2c7c:	cd 01       	movw	r24, r26
    2c7e:	00 0c       	add	r0, r0
    2c80:	08 95       	ret

00002c82 <__adddi3>:
    2c82:	2a 0d       	add	r18, r10
    2c84:	3b 1d       	adc	r19, r11
    2c86:	4c 1d       	adc	r20, r12
    2c88:	5d 1d       	adc	r21, r13
    2c8a:	6e 1d       	adc	r22, r14
    2c8c:	7f 1d       	adc	r23, r15
    2c8e:	80 1f       	adc	r24, r16
    2c90:	91 1f       	adc	r25, r17
    2c92:	08 95       	ret

00002c94 <__adddi3_s8>:
    2c94:	00 24       	eor	r0, r0
    2c96:	a7 fd       	sbrc	r26, 7
    2c98:	00 94       	com	r0
    2c9a:	2a 0f       	add	r18, r26
    2c9c:	30 1d       	adc	r19, r0
    2c9e:	40 1d       	adc	r20, r0
    2ca0:	50 1d       	adc	r21, r0
    2ca2:	60 1d       	adc	r22, r0
    2ca4:	70 1d       	adc	r23, r0
    2ca6:	80 1d       	adc	r24, r0
    2ca8:	90 1d       	adc	r25, r0
    2caa:	08 95       	ret

00002cac <vsnprintf>:
    2cac:	ae e0       	ldi	r26, 0x0E	; 14
    2cae:	b0 e0       	ldi	r27, 0x00	; 0
    2cb0:	ec e5       	ldi	r30, 0x5C	; 92
    2cb2:	f6 e1       	ldi	r31, 0x16	; 22
    2cb4:	0c 94 51 19 	jmp	0x32a2	; 0x32a2 <__prologue_saves__+0x1c>
    2cb8:	8c 01       	movw	r16, r24
    2cba:	fa 01       	movw	r30, r20
    2cbc:	86 e0       	ldi	r24, 0x06	; 6
    2cbe:	8c 83       	std	Y+4, r24	; 0x04
    2cc0:	1a 83       	std	Y+2, r17	; 0x02
    2cc2:	09 83       	std	Y+1, r16	; 0x01
    2cc4:	77 ff       	sbrs	r23, 7
    2cc6:	02 c0       	rjmp	.+4      	; 0x2ccc <vsnprintf+0x20>
    2cc8:	60 e0       	ldi	r22, 0x00	; 0
    2cca:	70 e8       	ldi	r23, 0x80	; 128
    2ccc:	cb 01       	movw	r24, r22
    2cce:	01 97       	sbiw	r24, 0x01	; 1
    2cd0:	9e 83       	std	Y+6, r25	; 0x06
    2cd2:	8d 83       	std	Y+5, r24	; 0x05
    2cd4:	a9 01       	movw	r20, r18
    2cd6:	bf 01       	movw	r22, r30
    2cd8:	ce 01       	movw	r24, r28
    2cda:	01 96       	adiw	r24, 0x01	; 1
    2cdc:	0e 94 82 16 	call	0x2d04	; 0x2d04 <vfprintf>
    2ce0:	4d 81       	ldd	r20, Y+5	; 0x05
    2ce2:	5e 81       	ldd	r21, Y+6	; 0x06
    2ce4:	57 fd       	sbrc	r21, 7
    2ce6:	0a c0       	rjmp	.+20     	; 0x2cfc <vsnprintf+0x50>
    2ce8:	2f 81       	ldd	r18, Y+7	; 0x07
    2cea:	38 85       	ldd	r19, Y+8	; 0x08
    2cec:	42 17       	cp	r20, r18
    2cee:	53 07       	cpc	r21, r19
    2cf0:	0c f4       	brge	.+2      	; 0x2cf4 <vsnprintf+0x48>
    2cf2:	9a 01       	movw	r18, r20
    2cf4:	f8 01       	movw	r30, r16
    2cf6:	e2 0f       	add	r30, r18
    2cf8:	f3 1f       	adc	r31, r19
    2cfa:	10 82       	st	Z, r1
    2cfc:	2e 96       	adiw	r28, 0x0e	; 14
    2cfe:	e4 e0       	ldi	r30, 0x04	; 4
    2d00:	0c 94 6d 19 	jmp	0x32da	; 0x32da <__epilogue_restores__+0x1c>

00002d04 <vfprintf>:
    2d04:	ab e0       	ldi	r26, 0x0B	; 11
    2d06:	b0 e0       	ldi	r27, 0x00	; 0
    2d08:	e8 e8       	ldi	r30, 0x88	; 136
    2d0a:	f6 e1       	ldi	r31, 0x16	; 22
    2d0c:	0c 94 43 19 	jmp	0x3286	; 0x3286 <__prologue_saves__>
    2d10:	6c 01       	movw	r12, r24
    2d12:	7b 01       	movw	r14, r22
    2d14:	8a 01       	movw	r16, r20
    2d16:	fc 01       	movw	r30, r24
    2d18:	17 82       	std	Z+7, r1	; 0x07
    2d1a:	16 82       	std	Z+6, r1	; 0x06
    2d1c:	83 81       	ldd	r24, Z+3	; 0x03
    2d1e:	81 ff       	sbrs	r24, 1
    2d20:	cc c1       	rjmp	.+920    	; 0x30ba <vfprintf+0x3b6>
    2d22:	ce 01       	movw	r24, r28
    2d24:	01 96       	adiw	r24, 0x01	; 1
    2d26:	3c 01       	movw	r6, r24
    2d28:	f6 01       	movw	r30, r12
    2d2a:	93 81       	ldd	r25, Z+3	; 0x03
    2d2c:	f7 01       	movw	r30, r14
    2d2e:	93 fd       	sbrc	r25, 3
    2d30:	85 91       	lpm	r24, Z+
    2d32:	93 ff       	sbrs	r25, 3
    2d34:	81 91       	ld	r24, Z+
    2d36:	7f 01       	movw	r14, r30
    2d38:	88 23       	and	r24, r24
    2d3a:	09 f4       	brne	.+2      	; 0x2d3e <vfprintf+0x3a>
    2d3c:	ba c1       	rjmp	.+884    	; 0x30b2 <vfprintf+0x3ae>
    2d3e:	85 32       	cpi	r24, 0x25	; 37
    2d40:	39 f4       	brne	.+14     	; 0x2d50 <vfprintf+0x4c>
    2d42:	93 fd       	sbrc	r25, 3
    2d44:	85 91       	lpm	r24, Z+
    2d46:	93 ff       	sbrs	r25, 3
    2d48:	81 91       	ld	r24, Z+
    2d4a:	7f 01       	movw	r14, r30
    2d4c:	85 32       	cpi	r24, 0x25	; 37
    2d4e:	29 f4       	brne	.+10     	; 0x2d5a <vfprintf+0x56>
    2d50:	b6 01       	movw	r22, r12
    2d52:	90 e0       	ldi	r25, 0x00	; 0
    2d54:	0e 94 79 18 	call	0x30f2	; 0x30f2 <fputc>
    2d58:	e7 cf       	rjmp	.-50     	; 0x2d28 <vfprintf+0x24>
    2d5a:	91 2c       	mov	r9, r1
    2d5c:	21 2c       	mov	r2, r1
    2d5e:	31 2c       	mov	r3, r1
    2d60:	ff e1       	ldi	r31, 0x1F	; 31
    2d62:	f3 15       	cp	r31, r3
    2d64:	d8 f0       	brcs	.+54     	; 0x2d9c <vfprintf+0x98>
    2d66:	8b 32       	cpi	r24, 0x2B	; 43
    2d68:	79 f0       	breq	.+30     	; 0x2d88 <vfprintf+0x84>
    2d6a:	38 f4       	brcc	.+14     	; 0x2d7a <vfprintf+0x76>
    2d6c:	80 32       	cpi	r24, 0x20	; 32
    2d6e:	79 f0       	breq	.+30     	; 0x2d8e <vfprintf+0x8a>
    2d70:	83 32       	cpi	r24, 0x23	; 35
    2d72:	a1 f4       	brne	.+40     	; 0x2d9c <vfprintf+0x98>
    2d74:	23 2d       	mov	r18, r3
    2d76:	20 61       	ori	r18, 0x10	; 16
    2d78:	1d c0       	rjmp	.+58     	; 0x2db4 <vfprintf+0xb0>
    2d7a:	8d 32       	cpi	r24, 0x2D	; 45
    2d7c:	61 f0       	breq	.+24     	; 0x2d96 <vfprintf+0x92>
    2d7e:	80 33       	cpi	r24, 0x30	; 48
    2d80:	69 f4       	brne	.+26     	; 0x2d9c <vfprintf+0x98>
    2d82:	23 2d       	mov	r18, r3
    2d84:	21 60       	ori	r18, 0x01	; 1
    2d86:	16 c0       	rjmp	.+44     	; 0x2db4 <vfprintf+0xb0>
    2d88:	83 2d       	mov	r24, r3
    2d8a:	82 60       	ori	r24, 0x02	; 2
    2d8c:	38 2e       	mov	r3, r24
    2d8e:	e3 2d       	mov	r30, r3
    2d90:	e4 60       	ori	r30, 0x04	; 4
    2d92:	3e 2e       	mov	r3, r30
    2d94:	2a c0       	rjmp	.+84     	; 0x2dea <vfprintf+0xe6>
    2d96:	f3 2d       	mov	r31, r3
    2d98:	f8 60       	ori	r31, 0x08	; 8
    2d9a:	1d c0       	rjmp	.+58     	; 0x2dd6 <vfprintf+0xd2>
    2d9c:	37 fc       	sbrc	r3, 7
    2d9e:	2d c0       	rjmp	.+90     	; 0x2dfa <vfprintf+0xf6>
    2da0:	20 ed       	ldi	r18, 0xD0	; 208
    2da2:	28 0f       	add	r18, r24
    2da4:	2a 30       	cpi	r18, 0x0A	; 10
    2da6:	40 f0       	brcs	.+16     	; 0x2db8 <vfprintf+0xb4>
    2da8:	8e 32       	cpi	r24, 0x2E	; 46
    2daa:	b9 f4       	brne	.+46     	; 0x2dda <vfprintf+0xd6>
    2dac:	36 fc       	sbrc	r3, 6
    2dae:	81 c1       	rjmp	.+770    	; 0x30b2 <vfprintf+0x3ae>
    2db0:	23 2d       	mov	r18, r3
    2db2:	20 64       	ori	r18, 0x40	; 64
    2db4:	32 2e       	mov	r3, r18
    2db6:	19 c0       	rjmp	.+50     	; 0x2dea <vfprintf+0xe6>
    2db8:	36 fe       	sbrs	r3, 6
    2dba:	06 c0       	rjmp	.+12     	; 0x2dc8 <vfprintf+0xc4>
    2dbc:	8a e0       	ldi	r24, 0x0A	; 10
    2dbe:	98 9e       	mul	r9, r24
    2dc0:	20 0d       	add	r18, r0
    2dc2:	11 24       	eor	r1, r1
    2dc4:	92 2e       	mov	r9, r18
    2dc6:	11 c0       	rjmp	.+34     	; 0x2dea <vfprintf+0xe6>
    2dc8:	ea e0       	ldi	r30, 0x0A	; 10
    2dca:	2e 9e       	mul	r2, r30
    2dcc:	20 0d       	add	r18, r0
    2dce:	11 24       	eor	r1, r1
    2dd0:	22 2e       	mov	r2, r18
    2dd2:	f3 2d       	mov	r31, r3
    2dd4:	f0 62       	ori	r31, 0x20	; 32
    2dd6:	3f 2e       	mov	r3, r31
    2dd8:	08 c0       	rjmp	.+16     	; 0x2dea <vfprintf+0xe6>
    2dda:	8c 36       	cpi	r24, 0x6C	; 108
    2ddc:	21 f4       	brne	.+8      	; 0x2de6 <vfprintf+0xe2>
    2dde:	83 2d       	mov	r24, r3
    2de0:	80 68       	ori	r24, 0x80	; 128
    2de2:	38 2e       	mov	r3, r24
    2de4:	02 c0       	rjmp	.+4      	; 0x2dea <vfprintf+0xe6>
    2de6:	88 36       	cpi	r24, 0x68	; 104
    2de8:	41 f4       	brne	.+16     	; 0x2dfa <vfprintf+0xf6>
    2dea:	f7 01       	movw	r30, r14
    2dec:	93 fd       	sbrc	r25, 3
    2dee:	85 91       	lpm	r24, Z+
    2df0:	93 ff       	sbrs	r25, 3
    2df2:	81 91       	ld	r24, Z+
    2df4:	7f 01       	movw	r14, r30
    2df6:	81 11       	cpse	r24, r1
    2df8:	b3 cf       	rjmp	.-154    	; 0x2d60 <vfprintf+0x5c>
    2dfa:	98 2f       	mov	r25, r24
    2dfc:	9f 7d       	andi	r25, 0xDF	; 223
    2dfe:	95 54       	subi	r25, 0x45	; 69
    2e00:	93 30       	cpi	r25, 0x03	; 3
    2e02:	28 f4       	brcc	.+10     	; 0x2e0e <vfprintf+0x10a>
    2e04:	0c 5f       	subi	r16, 0xFC	; 252
    2e06:	1f 4f       	sbci	r17, 0xFF	; 255
    2e08:	9f e3       	ldi	r25, 0x3F	; 63
    2e0a:	99 83       	std	Y+1, r25	; 0x01
    2e0c:	0d c0       	rjmp	.+26     	; 0x2e28 <vfprintf+0x124>
    2e0e:	83 36       	cpi	r24, 0x63	; 99
    2e10:	31 f0       	breq	.+12     	; 0x2e1e <vfprintf+0x11a>
    2e12:	83 37       	cpi	r24, 0x73	; 115
    2e14:	71 f0       	breq	.+28     	; 0x2e32 <vfprintf+0x12e>
    2e16:	83 35       	cpi	r24, 0x53	; 83
    2e18:	09 f0       	breq	.+2      	; 0x2e1c <vfprintf+0x118>
    2e1a:	59 c0       	rjmp	.+178    	; 0x2ece <vfprintf+0x1ca>
    2e1c:	21 c0       	rjmp	.+66     	; 0x2e60 <vfprintf+0x15c>
    2e1e:	f8 01       	movw	r30, r16
    2e20:	80 81       	ld	r24, Z
    2e22:	89 83       	std	Y+1, r24	; 0x01
    2e24:	0e 5f       	subi	r16, 0xFE	; 254
    2e26:	1f 4f       	sbci	r17, 0xFF	; 255
    2e28:	88 24       	eor	r8, r8
    2e2a:	83 94       	inc	r8
    2e2c:	91 2c       	mov	r9, r1
    2e2e:	53 01       	movw	r10, r6
    2e30:	13 c0       	rjmp	.+38     	; 0x2e58 <vfprintf+0x154>
    2e32:	28 01       	movw	r4, r16
    2e34:	f2 e0       	ldi	r31, 0x02	; 2
    2e36:	4f 0e       	add	r4, r31
    2e38:	51 1c       	adc	r5, r1
    2e3a:	f8 01       	movw	r30, r16
    2e3c:	a0 80       	ld	r10, Z
    2e3e:	b1 80       	ldd	r11, Z+1	; 0x01
    2e40:	36 fe       	sbrs	r3, 6
    2e42:	03 c0       	rjmp	.+6      	; 0x2e4a <vfprintf+0x146>
    2e44:	69 2d       	mov	r22, r9
    2e46:	70 e0       	ldi	r23, 0x00	; 0
    2e48:	02 c0       	rjmp	.+4      	; 0x2e4e <vfprintf+0x14a>
    2e4a:	6f ef       	ldi	r22, 0xFF	; 255
    2e4c:	7f ef       	ldi	r23, 0xFF	; 255
    2e4e:	c5 01       	movw	r24, r10
    2e50:	0e 94 6e 18 	call	0x30dc	; 0x30dc <strnlen>
    2e54:	4c 01       	movw	r8, r24
    2e56:	82 01       	movw	r16, r4
    2e58:	f3 2d       	mov	r31, r3
    2e5a:	ff 77       	andi	r31, 0x7F	; 127
    2e5c:	3f 2e       	mov	r3, r31
    2e5e:	16 c0       	rjmp	.+44     	; 0x2e8c <vfprintf+0x188>
    2e60:	28 01       	movw	r4, r16
    2e62:	22 e0       	ldi	r18, 0x02	; 2
    2e64:	42 0e       	add	r4, r18
    2e66:	51 1c       	adc	r5, r1
    2e68:	f8 01       	movw	r30, r16
    2e6a:	a0 80       	ld	r10, Z
    2e6c:	b1 80       	ldd	r11, Z+1	; 0x01
    2e6e:	36 fe       	sbrs	r3, 6
    2e70:	03 c0       	rjmp	.+6      	; 0x2e78 <vfprintf+0x174>
    2e72:	69 2d       	mov	r22, r9
    2e74:	70 e0       	ldi	r23, 0x00	; 0
    2e76:	02 c0       	rjmp	.+4      	; 0x2e7c <vfprintf+0x178>
    2e78:	6f ef       	ldi	r22, 0xFF	; 255
    2e7a:	7f ef       	ldi	r23, 0xFF	; 255
    2e7c:	c5 01       	movw	r24, r10
    2e7e:	0e 94 63 18 	call	0x30c6	; 0x30c6 <strnlen_P>
    2e82:	4c 01       	movw	r8, r24
    2e84:	f3 2d       	mov	r31, r3
    2e86:	f0 68       	ori	r31, 0x80	; 128
    2e88:	3f 2e       	mov	r3, r31
    2e8a:	82 01       	movw	r16, r4
    2e8c:	33 fc       	sbrc	r3, 3
    2e8e:	1b c0       	rjmp	.+54     	; 0x2ec6 <vfprintf+0x1c2>
    2e90:	82 2d       	mov	r24, r2
    2e92:	90 e0       	ldi	r25, 0x00	; 0
    2e94:	88 16       	cp	r8, r24
    2e96:	99 06       	cpc	r9, r25
    2e98:	b0 f4       	brcc	.+44     	; 0x2ec6 <vfprintf+0x1c2>
    2e9a:	b6 01       	movw	r22, r12
    2e9c:	80 e2       	ldi	r24, 0x20	; 32
    2e9e:	90 e0       	ldi	r25, 0x00	; 0
    2ea0:	0e 94 79 18 	call	0x30f2	; 0x30f2 <fputc>
    2ea4:	2a 94       	dec	r2
    2ea6:	f4 cf       	rjmp	.-24     	; 0x2e90 <vfprintf+0x18c>
    2ea8:	f5 01       	movw	r30, r10
    2eaa:	37 fc       	sbrc	r3, 7
    2eac:	85 91       	lpm	r24, Z+
    2eae:	37 fe       	sbrs	r3, 7
    2eb0:	81 91       	ld	r24, Z+
    2eb2:	5f 01       	movw	r10, r30
    2eb4:	b6 01       	movw	r22, r12
    2eb6:	90 e0       	ldi	r25, 0x00	; 0
    2eb8:	0e 94 79 18 	call	0x30f2	; 0x30f2 <fputc>
    2ebc:	21 10       	cpse	r2, r1
    2ebe:	2a 94       	dec	r2
    2ec0:	21 e0       	ldi	r18, 0x01	; 1
    2ec2:	82 1a       	sub	r8, r18
    2ec4:	91 08       	sbc	r9, r1
    2ec6:	81 14       	cp	r8, r1
    2ec8:	91 04       	cpc	r9, r1
    2eca:	71 f7       	brne	.-36     	; 0x2ea8 <vfprintf+0x1a4>
    2ecc:	e8 c0       	rjmp	.+464    	; 0x309e <vfprintf+0x39a>
    2ece:	84 36       	cpi	r24, 0x64	; 100
    2ed0:	11 f0       	breq	.+4      	; 0x2ed6 <vfprintf+0x1d2>
    2ed2:	89 36       	cpi	r24, 0x69	; 105
    2ed4:	41 f5       	brne	.+80     	; 0x2f26 <vfprintf+0x222>
    2ed6:	f8 01       	movw	r30, r16
    2ed8:	37 fe       	sbrs	r3, 7
    2eda:	07 c0       	rjmp	.+14     	; 0x2eea <vfprintf+0x1e6>
    2edc:	60 81       	ld	r22, Z
    2ede:	71 81       	ldd	r23, Z+1	; 0x01
    2ee0:	82 81       	ldd	r24, Z+2	; 0x02
    2ee2:	93 81       	ldd	r25, Z+3	; 0x03
    2ee4:	0c 5f       	subi	r16, 0xFC	; 252
    2ee6:	1f 4f       	sbci	r17, 0xFF	; 255
    2ee8:	08 c0       	rjmp	.+16     	; 0x2efa <vfprintf+0x1f6>
    2eea:	60 81       	ld	r22, Z
    2eec:	71 81       	ldd	r23, Z+1	; 0x01
    2eee:	07 2e       	mov	r0, r23
    2ef0:	00 0c       	add	r0, r0
    2ef2:	88 0b       	sbc	r24, r24
    2ef4:	99 0b       	sbc	r25, r25
    2ef6:	0e 5f       	subi	r16, 0xFE	; 254
    2ef8:	1f 4f       	sbci	r17, 0xFF	; 255
    2efa:	f3 2d       	mov	r31, r3
    2efc:	ff 76       	andi	r31, 0x6F	; 111
    2efe:	3f 2e       	mov	r3, r31
    2f00:	97 ff       	sbrs	r25, 7
    2f02:	09 c0       	rjmp	.+18     	; 0x2f16 <vfprintf+0x212>
    2f04:	90 95       	com	r25
    2f06:	80 95       	com	r24
    2f08:	70 95       	com	r23
    2f0a:	61 95       	neg	r22
    2f0c:	7f 4f       	sbci	r23, 0xFF	; 255
    2f0e:	8f 4f       	sbci	r24, 0xFF	; 255
    2f10:	9f 4f       	sbci	r25, 0xFF	; 255
    2f12:	f0 68       	ori	r31, 0x80	; 128
    2f14:	3f 2e       	mov	r3, r31
    2f16:	2a e0       	ldi	r18, 0x0A	; 10
    2f18:	30 e0       	ldi	r19, 0x00	; 0
    2f1a:	a3 01       	movw	r20, r6
    2f1c:	0e 94 b5 18 	call	0x316a	; 0x316a <__ultoa_invert>
    2f20:	88 2e       	mov	r8, r24
    2f22:	86 18       	sub	r8, r6
    2f24:	45 c0       	rjmp	.+138    	; 0x2fb0 <vfprintf+0x2ac>
    2f26:	85 37       	cpi	r24, 0x75	; 117
    2f28:	31 f4       	brne	.+12     	; 0x2f36 <vfprintf+0x232>
    2f2a:	23 2d       	mov	r18, r3
    2f2c:	2f 7e       	andi	r18, 0xEF	; 239
    2f2e:	b2 2e       	mov	r11, r18
    2f30:	2a e0       	ldi	r18, 0x0A	; 10
    2f32:	30 e0       	ldi	r19, 0x00	; 0
    2f34:	25 c0       	rjmp	.+74     	; 0x2f80 <vfprintf+0x27c>
    2f36:	93 2d       	mov	r25, r3
    2f38:	99 7f       	andi	r25, 0xF9	; 249
    2f3a:	b9 2e       	mov	r11, r25
    2f3c:	8f 36       	cpi	r24, 0x6F	; 111
    2f3e:	c1 f0       	breq	.+48     	; 0x2f70 <vfprintf+0x26c>
    2f40:	18 f4       	brcc	.+6      	; 0x2f48 <vfprintf+0x244>
    2f42:	88 35       	cpi	r24, 0x58	; 88
    2f44:	79 f0       	breq	.+30     	; 0x2f64 <vfprintf+0x260>
    2f46:	b5 c0       	rjmp	.+362    	; 0x30b2 <vfprintf+0x3ae>
    2f48:	80 37       	cpi	r24, 0x70	; 112
    2f4a:	19 f0       	breq	.+6      	; 0x2f52 <vfprintf+0x24e>
    2f4c:	88 37       	cpi	r24, 0x78	; 120
    2f4e:	21 f0       	breq	.+8      	; 0x2f58 <vfprintf+0x254>
    2f50:	b0 c0       	rjmp	.+352    	; 0x30b2 <vfprintf+0x3ae>
    2f52:	e9 2f       	mov	r30, r25
    2f54:	e0 61       	ori	r30, 0x10	; 16
    2f56:	be 2e       	mov	r11, r30
    2f58:	b4 fe       	sbrs	r11, 4
    2f5a:	0d c0       	rjmp	.+26     	; 0x2f76 <vfprintf+0x272>
    2f5c:	fb 2d       	mov	r31, r11
    2f5e:	f4 60       	ori	r31, 0x04	; 4
    2f60:	bf 2e       	mov	r11, r31
    2f62:	09 c0       	rjmp	.+18     	; 0x2f76 <vfprintf+0x272>
    2f64:	34 fe       	sbrs	r3, 4
    2f66:	0a c0       	rjmp	.+20     	; 0x2f7c <vfprintf+0x278>
    2f68:	29 2f       	mov	r18, r25
    2f6a:	26 60       	ori	r18, 0x06	; 6
    2f6c:	b2 2e       	mov	r11, r18
    2f6e:	06 c0       	rjmp	.+12     	; 0x2f7c <vfprintf+0x278>
    2f70:	28 e0       	ldi	r18, 0x08	; 8
    2f72:	30 e0       	ldi	r19, 0x00	; 0
    2f74:	05 c0       	rjmp	.+10     	; 0x2f80 <vfprintf+0x27c>
    2f76:	20 e1       	ldi	r18, 0x10	; 16
    2f78:	30 e0       	ldi	r19, 0x00	; 0
    2f7a:	02 c0       	rjmp	.+4      	; 0x2f80 <vfprintf+0x27c>
    2f7c:	20 e1       	ldi	r18, 0x10	; 16
    2f7e:	32 e0       	ldi	r19, 0x02	; 2
    2f80:	f8 01       	movw	r30, r16
    2f82:	b7 fe       	sbrs	r11, 7
    2f84:	07 c0       	rjmp	.+14     	; 0x2f94 <vfprintf+0x290>
    2f86:	60 81       	ld	r22, Z
    2f88:	71 81       	ldd	r23, Z+1	; 0x01
    2f8a:	82 81       	ldd	r24, Z+2	; 0x02
    2f8c:	93 81       	ldd	r25, Z+3	; 0x03
    2f8e:	0c 5f       	subi	r16, 0xFC	; 252
    2f90:	1f 4f       	sbci	r17, 0xFF	; 255
    2f92:	06 c0       	rjmp	.+12     	; 0x2fa0 <vfprintf+0x29c>
    2f94:	60 81       	ld	r22, Z
    2f96:	71 81       	ldd	r23, Z+1	; 0x01
    2f98:	80 e0       	ldi	r24, 0x00	; 0
    2f9a:	90 e0       	ldi	r25, 0x00	; 0
    2f9c:	0e 5f       	subi	r16, 0xFE	; 254
    2f9e:	1f 4f       	sbci	r17, 0xFF	; 255
    2fa0:	a3 01       	movw	r20, r6
    2fa2:	0e 94 b5 18 	call	0x316a	; 0x316a <__ultoa_invert>
    2fa6:	88 2e       	mov	r8, r24
    2fa8:	86 18       	sub	r8, r6
    2faa:	fb 2d       	mov	r31, r11
    2fac:	ff 77       	andi	r31, 0x7F	; 127
    2fae:	3f 2e       	mov	r3, r31
    2fb0:	36 fe       	sbrs	r3, 6
    2fb2:	0d c0       	rjmp	.+26     	; 0x2fce <vfprintf+0x2ca>
    2fb4:	23 2d       	mov	r18, r3
    2fb6:	2e 7f       	andi	r18, 0xFE	; 254
    2fb8:	a2 2e       	mov	r10, r18
    2fba:	89 14       	cp	r8, r9
    2fbc:	58 f4       	brcc	.+22     	; 0x2fd4 <vfprintf+0x2d0>
    2fbe:	34 fe       	sbrs	r3, 4
    2fc0:	0b c0       	rjmp	.+22     	; 0x2fd8 <vfprintf+0x2d4>
    2fc2:	32 fc       	sbrc	r3, 2
    2fc4:	09 c0       	rjmp	.+18     	; 0x2fd8 <vfprintf+0x2d4>
    2fc6:	83 2d       	mov	r24, r3
    2fc8:	8e 7e       	andi	r24, 0xEE	; 238
    2fca:	a8 2e       	mov	r10, r24
    2fcc:	05 c0       	rjmp	.+10     	; 0x2fd8 <vfprintf+0x2d4>
    2fce:	b8 2c       	mov	r11, r8
    2fd0:	a3 2c       	mov	r10, r3
    2fd2:	03 c0       	rjmp	.+6      	; 0x2fda <vfprintf+0x2d6>
    2fd4:	b8 2c       	mov	r11, r8
    2fd6:	01 c0       	rjmp	.+2      	; 0x2fda <vfprintf+0x2d6>
    2fd8:	b9 2c       	mov	r11, r9
    2fda:	a4 fe       	sbrs	r10, 4
    2fdc:	0f c0       	rjmp	.+30     	; 0x2ffc <vfprintf+0x2f8>
    2fde:	fe 01       	movw	r30, r28
    2fe0:	e8 0d       	add	r30, r8
    2fe2:	f1 1d       	adc	r31, r1
    2fe4:	80 81       	ld	r24, Z
    2fe6:	80 33       	cpi	r24, 0x30	; 48
    2fe8:	21 f4       	brne	.+8      	; 0x2ff2 <vfprintf+0x2ee>
    2fea:	9a 2d       	mov	r25, r10
    2fec:	99 7e       	andi	r25, 0xE9	; 233
    2fee:	a9 2e       	mov	r10, r25
    2ff0:	09 c0       	rjmp	.+18     	; 0x3004 <vfprintf+0x300>
    2ff2:	a2 fe       	sbrs	r10, 2
    2ff4:	06 c0       	rjmp	.+12     	; 0x3002 <vfprintf+0x2fe>
    2ff6:	b3 94       	inc	r11
    2ff8:	b3 94       	inc	r11
    2ffa:	04 c0       	rjmp	.+8      	; 0x3004 <vfprintf+0x300>
    2ffc:	8a 2d       	mov	r24, r10
    2ffe:	86 78       	andi	r24, 0x86	; 134
    3000:	09 f0       	breq	.+2      	; 0x3004 <vfprintf+0x300>
    3002:	b3 94       	inc	r11
    3004:	a3 fc       	sbrc	r10, 3
    3006:	11 c0       	rjmp	.+34     	; 0x302a <vfprintf+0x326>
    3008:	a0 fe       	sbrs	r10, 0
    300a:	06 c0       	rjmp	.+12     	; 0x3018 <vfprintf+0x314>
    300c:	b2 14       	cp	r11, r2
    300e:	88 f4       	brcc	.+34     	; 0x3032 <vfprintf+0x32e>
    3010:	28 0c       	add	r2, r8
    3012:	92 2c       	mov	r9, r2
    3014:	9b 18       	sub	r9, r11
    3016:	0e c0       	rjmp	.+28     	; 0x3034 <vfprintf+0x330>
    3018:	b2 14       	cp	r11, r2
    301a:	60 f4       	brcc	.+24     	; 0x3034 <vfprintf+0x330>
    301c:	b6 01       	movw	r22, r12
    301e:	80 e2       	ldi	r24, 0x20	; 32
    3020:	90 e0       	ldi	r25, 0x00	; 0
    3022:	0e 94 79 18 	call	0x30f2	; 0x30f2 <fputc>
    3026:	b3 94       	inc	r11
    3028:	f7 cf       	rjmp	.-18     	; 0x3018 <vfprintf+0x314>
    302a:	b2 14       	cp	r11, r2
    302c:	18 f4       	brcc	.+6      	; 0x3034 <vfprintf+0x330>
    302e:	2b 18       	sub	r2, r11
    3030:	02 c0       	rjmp	.+4      	; 0x3036 <vfprintf+0x332>
    3032:	98 2c       	mov	r9, r8
    3034:	21 2c       	mov	r2, r1
    3036:	a4 fe       	sbrs	r10, 4
    3038:	10 c0       	rjmp	.+32     	; 0x305a <vfprintf+0x356>
    303a:	b6 01       	movw	r22, r12
    303c:	80 e3       	ldi	r24, 0x30	; 48
    303e:	90 e0       	ldi	r25, 0x00	; 0
    3040:	0e 94 79 18 	call	0x30f2	; 0x30f2 <fputc>
    3044:	a2 fe       	sbrs	r10, 2
    3046:	17 c0       	rjmp	.+46     	; 0x3076 <vfprintf+0x372>
    3048:	a1 fc       	sbrc	r10, 1
    304a:	03 c0       	rjmp	.+6      	; 0x3052 <vfprintf+0x34e>
    304c:	88 e7       	ldi	r24, 0x78	; 120
    304e:	90 e0       	ldi	r25, 0x00	; 0
    3050:	02 c0       	rjmp	.+4      	; 0x3056 <vfprintf+0x352>
    3052:	88 e5       	ldi	r24, 0x58	; 88
    3054:	90 e0       	ldi	r25, 0x00	; 0
    3056:	b6 01       	movw	r22, r12
    3058:	0c c0       	rjmp	.+24     	; 0x3072 <vfprintf+0x36e>
    305a:	8a 2d       	mov	r24, r10
    305c:	86 78       	andi	r24, 0x86	; 134
    305e:	59 f0       	breq	.+22     	; 0x3076 <vfprintf+0x372>
    3060:	a1 fe       	sbrs	r10, 1
    3062:	02 c0       	rjmp	.+4      	; 0x3068 <vfprintf+0x364>
    3064:	8b e2       	ldi	r24, 0x2B	; 43
    3066:	01 c0       	rjmp	.+2      	; 0x306a <vfprintf+0x366>
    3068:	80 e2       	ldi	r24, 0x20	; 32
    306a:	a7 fc       	sbrc	r10, 7
    306c:	8d e2       	ldi	r24, 0x2D	; 45
    306e:	b6 01       	movw	r22, r12
    3070:	90 e0       	ldi	r25, 0x00	; 0
    3072:	0e 94 79 18 	call	0x30f2	; 0x30f2 <fputc>
    3076:	89 14       	cp	r8, r9
    3078:	38 f4       	brcc	.+14     	; 0x3088 <vfprintf+0x384>
    307a:	b6 01       	movw	r22, r12
    307c:	80 e3       	ldi	r24, 0x30	; 48
    307e:	90 e0       	ldi	r25, 0x00	; 0
    3080:	0e 94 79 18 	call	0x30f2	; 0x30f2 <fputc>
    3084:	9a 94       	dec	r9
    3086:	f7 cf       	rjmp	.-18     	; 0x3076 <vfprintf+0x372>
    3088:	8a 94       	dec	r8
    308a:	f3 01       	movw	r30, r6
    308c:	e8 0d       	add	r30, r8
    308e:	f1 1d       	adc	r31, r1
    3090:	80 81       	ld	r24, Z
    3092:	b6 01       	movw	r22, r12
    3094:	90 e0       	ldi	r25, 0x00	; 0
    3096:	0e 94 79 18 	call	0x30f2	; 0x30f2 <fputc>
    309a:	81 10       	cpse	r8, r1
    309c:	f5 cf       	rjmp	.-22     	; 0x3088 <vfprintf+0x384>
    309e:	22 20       	and	r2, r2
    30a0:	09 f4       	brne	.+2      	; 0x30a4 <vfprintf+0x3a0>
    30a2:	42 ce       	rjmp	.-892    	; 0x2d28 <vfprintf+0x24>
    30a4:	b6 01       	movw	r22, r12
    30a6:	80 e2       	ldi	r24, 0x20	; 32
    30a8:	90 e0       	ldi	r25, 0x00	; 0
    30aa:	0e 94 79 18 	call	0x30f2	; 0x30f2 <fputc>
    30ae:	2a 94       	dec	r2
    30b0:	f6 cf       	rjmp	.-20     	; 0x309e <vfprintf+0x39a>
    30b2:	f6 01       	movw	r30, r12
    30b4:	86 81       	ldd	r24, Z+6	; 0x06
    30b6:	97 81       	ldd	r25, Z+7	; 0x07
    30b8:	02 c0       	rjmp	.+4      	; 0x30be <vfprintf+0x3ba>
    30ba:	8f ef       	ldi	r24, 0xFF	; 255
    30bc:	9f ef       	ldi	r25, 0xFF	; 255
    30be:	2b 96       	adiw	r28, 0x0b	; 11
    30c0:	e2 e1       	ldi	r30, 0x12	; 18
    30c2:	0c 94 5f 19 	jmp	0x32be	; 0x32be <__epilogue_restores__>

000030c6 <strnlen_P>:
    30c6:	fc 01       	movw	r30, r24
    30c8:	05 90       	lpm	r0, Z+
    30ca:	61 50       	subi	r22, 0x01	; 1
    30cc:	70 40       	sbci	r23, 0x00	; 0
    30ce:	01 10       	cpse	r0, r1
    30d0:	d8 f7       	brcc	.-10     	; 0x30c8 <strnlen_P+0x2>
    30d2:	80 95       	com	r24
    30d4:	90 95       	com	r25
    30d6:	8e 0f       	add	r24, r30
    30d8:	9f 1f       	adc	r25, r31
    30da:	08 95       	ret

000030dc <strnlen>:
    30dc:	fc 01       	movw	r30, r24
    30de:	61 50       	subi	r22, 0x01	; 1
    30e0:	70 40       	sbci	r23, 0x00	; 0
    30e2:	01 90       	ld	r0, Z+
    30e4:	01 10       	cpse	r0, r1
    30e6:	d8 f7       	brcc	.-10     	; 0x30de <strnlen+0x2>
    30e8:	80 95       	com	r24
    30ea:	90 95       	com	r25
    30ec:	8e 0f       	add	r24, r30
    30ee:	9f 1f       	adc	r25, r31
    30f0:	08 95       	ret

000030f2 <fputc>:
    30f2:	0f 93       	push	r16
    30f4:	1f 93       	push	r17
    30f6:	cf 93       	push	r28
    30f8:	df 93       	push	r29
    30fa:	fb 01       	movw	r30, r22
    30fc:	23 81       	ldd	r18, Z+3	; 0x03
    30fe:	21 fd       	sbrc	r18, 1
    3100:	03 c0       	rjmp	.+6      	; 0x3108 <fputc+0x16>
    3102:	8f ef       	ldi	r24, 0xFF	; 255
    3104:	9f ef       	ldi	r25, 0xFF	; 255
    3106:	2c c0       	rjmp	.+88     	; 0x3160 <fputc+0x6e>
    3108:	22 ff       	sbrs	r18, 2
    310a:	16 c0       	rjmp	.+44     	; 0x3138 <fputc+0x46>
    310c:	46 81       	ldd	r20, Z+6	; 0x06
    310e:	57 81       	ldd	r21, Z+7	; 0x07
    3110:	24 81       	ldd	r18, Z+4	; 0x04
    3112:	35 81       	ldd	r19, Z+5	; 0x05
    3114:	42 17       	cp	r20, r18
    3116:	53 07       	cpc	r21, r19
    3118:	44 f4       	brge	.+16     	; 0x312a <fputc+0x38>
    311a:	a0 81       	ld	r26, Z
    311c:	b1 81       	ldd	r27, Z+1	; 0x01
    311e:	9d 01       	movw	r18, r26
    3120:	2f 5f       	subi	r18, 0xFF	; 255
    3122:	3f 4f       	sbci	r19, 0xFF	; 255
    3124:	31 83       	std	Z+1, r19	; 0x01
    3126:	20 83       	st	Z, r18
    3128:	8c 93       	st	X, r24
    312a:	26 81       	ldd	r18, Z+6	; 0x06
    312c:	37 81       	ldd	r19, Z+7	; 0x07
    312e:	2f 5f       	subi	r18, 0xFF	; 255
    3130:	3f 4f       	sbci	r19, 0xFF	; 255
    3132:	37 83       	std	Z+7, r19	; 0x07
    3134:	26 83       	std	Z+6, r18	; 0x06
    3136:	14 c0       	rjmp	.+40     	; 0x3160 <fputc+0x6e>
    3138:	8b 01       	movw	r16, r22
    313a:	ec 01       	movw	r28, r24
    313c:	fb 01       	movw	r30, r22
    313e:	00 84       	ldd	r0, Z+8	; 0x08
    3140:	f1 85       	ldd	r31, Z+9	; 0x09
    3142:	e0 2d       	mov	r30, r0
    3144:	09 95       	icall
    3146:	89 2b       	or	r24, r25
    3148:	e1 f6       	brne	.-72     	; 0x3102 <fputc+0x10>
    314a:	d8 01       	movw	r26, r16
    314c:	16 96       	adiw	r26, 0x06	; 6
    314e:	8d 91       	ld	r24, X+
    3150:	9c 91       	ld	r25, X
    3152:	17 97       	sbiw	r26, 0x07	; 7
    3154:	01 96       	adiw	r24, 0x01	; 1
    3156:	17 96       	adiw	r26, 0x07	; 7
    3158:	9c 93       	st	X, r25
    315a:	8e 93       	st	-X, r24
    315c:	16 97       	sbiw	r26, 0x06	; 6
    315e:	ce 01       	movw	r24, r28
    3160:	df 91       	pop	r29
    3162:	cf 91       	pop	r28
    3164:	1f 91       	pop	r17
    3166:	0f 91       	pop	r16
    3168:	08 95       	ret

0000316a <__ultoa_invert>:
    316a:	fa 01       	movw	r30, r20
    316c:	aa 27       	eor	r26, r26
    316e:	28 30       	cpi	r18, 0x08	; 8
    3170:	51 f1       	breq	.+84     	; 0x31c6 <__ultoa_invert+0x5c>
    3172:	20 31       	cpi	r18, 0x10	; 16
    3174:	81 f1       	breq	.+96     	; 0x31d6 <__ultoa_invert+0x6c>
    3176:	e8 94       	clt
    3178:	6f 93       	push	r22
    317a:	6e 7f       	andi	r22, 0xFE	; 254
    317c:	6e 5f       	subi	r22, 0xFE	; 254
    317e:	7f 4f       	sbci	r23, 0xFF	; 255
    3180:	8f 4f       	sbci	r24, 0xFF	; 255
    3182:	9f 4f       	sbci	r25, 0xFF	; 255
    3184:	af 4f       	sbci	r26, 0xFF	; 255
    3186:	b1 e0       	ldi	r27, 0x01	; 1
    3188:	3e d0       	rcall	.+124    	; 0x3206 <__ultoa_invert+0x9c>
    318a:	b4 e0       	ldi	r27, 0x04	; 4
    318c:	3c d0       	rcall	.+120    	; 0x3206 <__ultoa_invert+0x9c>
    318e:	67 0f       	add	r22, r23
    3190:	78 1f       	adc	r23, r24
    3192:	89 1f       	adc	r24, r25
    3194:	9a 1f       	adc	r25, r26
    3196:	a1 1d       	adc	r26, r1
    3198:	68 0f       	add	r22, r24
    319a:	79 1f       	adc	r23, r25
    319c:	8a 1f       	adc	r24, r26
    319e:	91 1d       	adc	r25, r1
    31a0:	a1 1d       	adc	r26, r1
    31a2:	6a 0f       	add	r22, r26
    31a4:	71 1d       	adc	r23, r1
    31a6:	81 1d       	adc	r24, r1
    31a8:	91 1d       	adc	r25, r1
    31aa:	a1 1d       	adc	r26, r1
    31ac:	20 d0       	rcall	.+64     	; 0x31ee <__ultoa_invert+0x84>
    31ae:	09 f4       	brne	.+2      	; 0x31b2 <__ultoa_invert+0x48>
    31b0:	68 94       	set
    31b2:	3f 91       	pop	r19
    31b4:	2a e0       	ldi	r18, 0x0A	; 10
    31b6:	26 9f       	mul	r18, r22
    31b8:	11 24       	eor	r1, r1
    31ba:	30 19       	sub	r19, r0
    31bc:	30 5d       	subi	r19, 0xD0	; 208
    31be:	31 93       	st	Z+, r19
    31c0:	de f6       	brtc	.-74     	; 0x3178 <__ultoa_invert+0xe>
    31c2:	cf 01       	movw	r24, r30
    31c4:	08 95       	ret
    31c6:	46 2f       	mov	r20, r22
    31c8:	47 70       	andi	r20, 0x07	; 7
    31ca:	40 5d       	subi	r20, 0xD0	; 208
    31cc:	41 93       	st	Z+, r20
    31ce:	b3 e0       	ldi	r27, 0x03	; 3
    31d0:	0f d0       	rcall	.+30     	; 0x31f0 <__ultoa_invert+0x86>
    31d2:	c9 f7       	brne	.-14     	; 0x31c6 <__ultoa_invert+0x5c>
    31d4:	f6 cf       	rjmp	.-20     	; 0x31c2 <__ultoa_invert+0x58>
    31d6:	46 2f       	mov	r20, r22
    31d8:	4f 70       	andi	r20, 0x0F	; 15
    31da:	40 5d       	subi	r20, 0xD0	; 208
    31dc:	4a 33       	cpi	r20, 0x3A	; 58
    31de:	18 f0       	brcs	.+6      	; 0x31e6 <__ultoa_invert+0x7c>
    31e0:	49 5d       	subi	r20, 0xD9	; 217
    31e2:	31 fd       	sbrc	r19, 1
    31e4:	40 52       	subi	r20, 0x20	; 32
    31e6:	41 93       	st	Z+, r20
    31e8:	02 d0       	rcall	.+4      	; 0x31ee <__ultoa_invert+0x84>
    31ea:	a9 f7       	brne	.-22     	; 0x31d6 <__ultoa_invert+0x6c>
    31ec:	ea cf       	rjmp	.-44     	; 0x31c2 <__ultoa_invert+0x58>
    31ee:	b4 e0       	ldi	r27, 0x04	; 4
    31f0:	a6 95       	lsr	r26
    31f2:	97 95       	ror	r25
    31f4:	87 95       	ror	r24
    31f6:	77 95       	ror	r23
    31f8:	67 95       	ror	r22
    31fa:	ba 95       	dec	r27
    31fc:	c9 f7       	brne	.-14     	; 0x31f0 <__ultoa_invert+0x86>
    31fe:	00 97       	sbiw	r24, 0x00	; 0
    3200:	61 05       	cpc	r22, r1
    3202:	71 05       	cpc	r23, r1
    3204:	08 95       	ret
    3206:	9b 01       	movw	r18, r22
    3208:	ac 01       	movw	r20, r24
    320a:	0a 2e       	mov	r0, r26
    320c:	06 94       	lsr	r0
    320e:	57 95       	ror	r21
    3210:	47 95       	ror	r20
    3212:	37 95       	ror	r19
    3214:	27 95       	ror	r18
    3216:	ba 95       	dec	r27
    3218:	c9 f7       	brne	.-14     	; 0x320c <__ultoa_invert+0xa2>
    321a:	62 0f       	add	r22, r18
    321c:	73 1f       	adc	r23, r19
    321e:	84 1f       	adc	r24, r20
    3220:	95 1f       	adc	r25, r21
    3222:	a0 1d       	adc	r26, r0
    3224:	08 95       	ret

00003226 <eeprom_read_block>:
    3226:	dc 01       	movw	r26, r24
    3228:	cb 01       	movw	r24, r22

0000322a <eeprom_read_blraw>:
    322a:	fc 01       	movw	r30, r24
    322c:	f9 99       	sbic	0x1f, 1	; 31
    322e:	fe cf       	rjmp	.-4      	; 0x322c <eeprom_read_blraw+0x2>
    3230:	06 c0       	rjmp	.+12     	; 0x323e <eeprom_read_blraw+0x14>
    3232:	f2 bd       	out	0x22, r31	; 34
    3234:	e1 bd       	out	0x21, r30	; 33
    3236:	f8 9a       	sbi	0x1f, 0	; 31
    3238:	31 96       	adiw	r30, 0x01	; 1
    323a:	00 b4       	in	r0, 0x20	; 32
    323c:	0d 92       	st	X+, r0
    323e:	41 50       	subi	r20, 0x01	; 1
    3240:	50 40       	sbci	r21, 0x00	; 0
    3242:	b8 f7       	brcc	.-18     	; 0x3232 <eeprom_read_blraw+0x8>
    3244:	08 95       	ret

00003246 <eeprom_read_byte>:
    3246:	f9 99       	sbic	0x1f, 1	; 31
    3248:	fe cf       	rjmp	.-4      	; 0x3246 <eeprom_read_byte>
    324a:	92 bd       	out	0x22, r25	; 34
    324c:	81 bd       	out	0x21, r24	; 33
    324e:	f8 9a       	sbi	0x1f, 0	; 31
    3250:	99 27       	eor	r25, r25
    3252:	80 b5       	in	r24, 0x20	; 32
    3254:	08 95       	ret

00003256 <eeprom_write_block>:
    3256:	dc 01       	movw	r26, r24
    3258:	cb 01       	movw	r24, r22
    325a:	03 c0       	rjmp	.+6      	; 0x3262 <eeprom_write_block+0xc>
    325c:	2d 91       	ld	r18, X+
    325e:	0e 94 36 19 	call	0x326c	; 0x326c <eeprom_write_r18>
    3262:	41 50       	subi	r20, 0x01	; 1
    3264:	50 40       	sbci	r21, 0x00	; 0
    3266:	d0 f7       	brcc	.-12     	; 0x325c <eeprom_write_block+0x6>
    3268:	08 95       	ret

0000326a <eeprom_write_byte>:
    326a:	26 2f       	mov	r18, r22

0000326c <eeprom_write_r18>:
    326c:	f9 99       	sbic	0x1f, 1	; 31
    326e:	fe cf       	rjmp	.-4      	; 0x326c <eeprom_write_r18>
    3270:	1f ba       	out	0x1f, r1	; 31
    3272:	92 bd       	out	0x22, r25	; 34
    3274:	81 bd       	out	0x21, r24	; 33
    3276:	20 bd       	out	0x20, r18	; 32
    3278:	0f b6       	in	r0, 0x3f	; 63
    327a:	f8 94       	cli
    327c:	fa 9a       	sbi	0x1f, 2	; 31
    327e:	f9 9a       	sbi	0x1f, 1	; 31
    3280:	0f be       	out	0x3f, r0	; 63
    3282:	01 96       	adiw	r24, 0x01	; 1
    3284:	08 95       	ret

00003286 <__prologue_saves__>:
    3286:	2f 92       	push	r2
    3288:	3f 92       	push	r3
    328a:	4f 92       	push	r4
    328c:	5f 92       	push	r5
    328e:	6f 92       	push	r6
    3290:	7f 92       	push	r7
    3292:	8f 92       	push	r8
    3294:	9f 92       	push	r9
    3296:	af 92       	push	r10
    3298:	bf 92       	push	r11
    329a:	cf 92       	push	r12
    329c:	df 92       	push	r13
    329e:	ef 92       	push	r14
    32a0:	ff 92       	push	r15
    32a2:	0f 93       	push	r16
    32a4:	1f 93       	push	r17
    32a6:	cf 93       	push	r28
    32a8:	df 93       	push	r29
    32aa:	cd b7       	in	r28, 0x3d	; 61
    32ac:	de b7       	in	r29, 0x3e	; 62
    32ae:	ca 1b       	sub	r28, r26
    32b0:	db 0b       	sbc	r29, r27
    32b2:	0f b6       	in	r0, 0x3f	; 63
    32b4:	f8 94       	cli
    32b6:	de bf       	out	0x3e, r29	; 62
    32b8:	0f be       	out	0x3f, r0	; 63
    32ba:	cd bf       	out	0x3d, r28	; 61
    32bc:	09 94       	ijmp

000032be <__epilogue_restores__>:
    32be:	2a 88       	ldd	r2, Y+18	; 0x12
    32c0:	39 88       	ldd	r3, Y+17	; 0x11
    32c2:	48 88       	ldd	r4, Y+16	; 0x10
    32c4:	5f 84       	ldd	r5, Y+15	; 0x0f
    32c6:	6e 84       	ldd	r6, Y+14	; 0x0e
    32c8:	7d 84       	ldd	r7, Y+13	; 0x0d
    32ca:	8c 84       	ldd	r8, Y+12	; 0x0c
    32cc:	9b 84       	ldd	r9, Y+11	; 0x0b
    32ce:	aa 84       	ldd	r10, Y+10	; 0x0a
    32d0:	b9 84       	ldd	r11, Y+9	; 0x09
    32d2:	c8 84       	ldd	r12, Y+8	; 0x08
    32d4:	df 80       	ldd	r13, Y+7	; 0x07
    32d6:	ee 80       	ldd	r14, Y+6	; 0x06
    32d8:	fd 80       	ldd	r15, Y+5	; 0x05
    32da:	0c 81       	ldd	r16, Y+4	; 0x04
    32dc:	1b 81       	ldd	r17, Y+3	; 0x03
    32de:	aa 81       	ldd	r26, Y+2	; 0x02
    32e0:	b9 81       	ldd	r27, Y+1	; 0x01
    32e2:	ce 0f       	add	r28, r30
    32e4:	d1 1d       	adc	r29, r1
    32e6:	0f b6       	in	r0, 0x3f	; 63
    32e8:	f8 94       	cli
    32ea:	de bf       	out	0x3e, r29	; 62
    32ec:	0f be       	out	0x3f, r0	; 63
    32ee:	cd bf       	out	0x3d, r28	; 61
    32f0:	ed 01       	movw	r28, r26
    32f2:	08 95       	ret

000032f4 <_exit>:
    32f4:	f8 94       	cli

000032f6 <__stop_program>:
    32f6:	ff cf       	rjmp	.-2      	; 0x32f6 <__stop_program>
