solid ASCII
  facet normal 7.133918e-02 0.000000e+00 -9.974521e-01
    outer loop
      vertex   8.907495e+01 6.900000e+01 6.433839e+00
      vertex   8.907495e+01 7.000000e+01 6.433839e+00
      vertex   9.000000e+01 6.900000e+01 6.500000e+00
    endloop
  endfacet
  facet normal 7.133918e-02 0.000000e+00 -9.974521e-01
    outer loop
      vertex   9.000000e+01 6.900000e+01 6.500000e+00
      vertex   8.907495e+01 7.000000e+01 6.433839e+00
      vertex   9.000000e+01 7.000000e+01 6.500000e+00
    endloop
  endfacet
  facet normal -7.133918e-02 0.000000e+00 -9.974521e-01
    outer loop
      vertex   9.000000e+01 6.900000e+01 6.500000e+00
      vertex   9.000000e+01 7.000000e+01 6.500000e+00
      vertex   9.092505e+01 6.900000e+01 6.433839e+00
    endloop
  endfacet
  facet normal -7.133918e-02 0.000000e+00 -9.974521e-01
    outer loop
      vertex   9.092505e+01 6.900000e+01 6.433839e+00
      vertex   9.000000e+01 7.000000e+01 6.500000e+00
      vertex   9.092505e+01 7.000000e+01 6.433839e+00
    endloop
  endfacet
  facet normal -2.125653e-01 0.000000e+00 -9.771469e-01
    outer loop
      vertex   9.092505e+01 6.900000e+01 6.433839e+00
      vertex   9.092505e+01 7.000000e+01 6.433839e+00
      vertex   9.183126e+01 6.900000e+01 6.236704e+00
    endloop
  endfacet
  facet normal -2.125653e-01 0.000000e+00 -9.771469e-01
    outer loop
      vertex   9.183126e+01 6.900000e+01 6.236704e+00
      vertex   9.092505e+01 7.000000e+01 6.433839e+00
      vertex   9.183126e+01 7.000000e+01 6.236704e+00
    endloop
  endfacet
  facet normal -3.494642e-01 0.000000e+00 -9.369497e-01
    outer loop
      vertex   9.183126e+01 6.900000e+01 6.236704e+00
      vertex   9.183126e+01 7.000000e+01 6.236704e+00
      vertex   9.270020e+01 6.900000e+01 5.912608e+00
    endloop
  endfacet
  facet normal -3.494642e-01 0.000000e+00 -9.369497e-01
    outer loop
      vertex   9.270020e+01 6.900000e+01 5.912608e+00
      vertex   9.183126e+01 7.000000e+01 6.236704e+00
      vertex   9.270020e+01 7.000000e+01 5.912608e+00
    endloop
  endfacet
  facet normal -4.792490e-01 0.000000e+00 -8.776790e-01
    outer loop
      vertex   9.270020e+01 6.900000e+01 5.912608e+00
      vertex   9.270020e+01 7.000000e+01 5.912608e+00
      vertex   9.351417e+01 6.900000e+01 5.468148e+00
    endloop
  endfacet
  facet normal -4.792490e-01 0.000000e+00 -8.776790e-01
    outer loop
      vertex   9.351417e+01 6.900000e+01 5.468148e+00
      vertex   9.270020e+01 7.000000e+01 5.912608e+00
      vertex   9.351417e+01 7.000000e+01 5.468148e+00
    endloop
  endfacet
  facet normal -5.992777e-01 0.000000e+00 -8.005412e-01
    outer loop
      vertex   9.351417e+01 6.900000e+01 5.468148e+00
      vertex   9.351417e+01 7.000000e+01 5.468148e+00
      vertex   9.425659e+01 6.900000e+01 4.912372e+00
    endloop
  endfacet
  facet normal -5.992777e-01 0.000000e+00 -8.005412e-01
    outer loop
      vertex   9.425659e+01 6.900000e+01 4.912372e+00
      vertex   9.351417e+01 7.000000e+01 5.468148e+00
      vertex   9.425659e+01 7.000000e+01 4.912372e+00
    endloop
  endfacet
  facet normal -7.071068e-01 0.000000e+00 -7.071068e-01
    outer loop
      vertex   9.425659e+01 6.900000e+01 4.912372e+00
      vertex   9.425659e+01 7.000000e+01 4.912372e+00
      vertex   9.491237e+01 6.900000e+01 4.256595e+00
    endloop
  endfacet
  facet normal -7.071068e-01 0.000000e+00 -7.071068e-01
    outer loop
      vertex   9.491237e+01 6.900000e+01 4.256595e+00
      vertex   9.425659e+01 7.000000e+01 4.912372e+00
      vertex   9.491237e+01 7.000000e+01 4.256595e+00
    endloop
  endfacet
  facet normal -8.005412e-01 0.000000e+00 -5.992777e-01
    outer loop
      vertex   9.491237e+01 6.900000e+01 4.256595e+00
      vertex   9.491237e+01 7.000000e+01 4.256595e+00
      vertex   9.546815e+01 6.900000e+01 3.514165e+00
    endloop
  endfacet
  facet normal -8.005412e-01 0.000000e+00 -5.992777e-01
    outer loop
      vertex   9.546815e+01 6.900000e+01 3.514165e+00
      vertex   9.491237e+01 7.000000e+01 4.256595e+00
      vertex   9.546815e+01 7.000000e+01 3.514165e+00
    endloop
  endfacet
  facet normal -8.776790e-01 0.000000e+00 -4.792490e-01
    outer loop
      vertex   9.546815e+01 6.900000e+01 3.514165e+00
      vertex   9.546815e+01 7.000000e+01 3.514165e+00
      vertex   9.591261e+01 6.900000e+01 2.700198e+00
    endloop
  endfacet
  facet normal -8.776790e-01 0.000000e+00 -4.792490e-01
    outer loop
      vertex   9.591261e+01 6.900000e+01 2.700198e+00
      vertex   9.546815e+01 7.000000e+01 3.514165e+00
      vertex   9.591261e+01 7.000000e+01 2.700198e+00
    endloop
  endfacet
  facet normal -9.369497e-01 0.000000e+00 -3.494642e-01
    outer loop
      vertex   9.591261e+01 6.900000e+01 2.700198e+00
      vertex   9.591261e+01 7.000000e+01 2.700198e+00
      vertex   9.623670e+01 6.900000e+01 1.831262e+00
    endloop
  endfacet
  facet normal -9.369497e-01 0.000000e+00 -3.494642e-01
    outer loop
      vertex   9.623670e+01 6.900000e+01 1.831262e+00
      vertex   9.591261e+01 7.000000e+01 2.700198e+00
      vertex   9.623670e+01 7.000000e+01 1.831262e+00
    endloop
  endfacet
  facet normal -9.771469e-01 0.000000e+00 -2.125653e-01
    outer loop
      vertex   9.623670e+01 6.900000e+01 1.831262e+00
      vertex   9.623670e+01 7.000000e+01 1.831262e+00
      vertex   9.643384e+01 6.900000e+01 9.250464e-01
    endloop
  endfacet
  facet normal -9.771469e-01 0.000000e+00 -2.125653e-01
    outer loop
      vertex   9.643384e+01 6.900000e+01 9.250464e-01
      vertex   9.623670e+01 7.000000e+01 1.831262e+00
      vertex   9.643384e+01 7.000000e+01 9.250464e-01
    endloop
  endfacet
  facet normal -9.974521e-01 0.000000e+00 -7.133918e-02
    outer loop
      vertex   9.643384e+01 6.900000e+01 9.250464e-01
      vertex   9.643384e+01 7.000000e+01 9.250464e-01
      vertex   9.650000e+01 6.900000e+01 1.732875e-14
    endloop
  endfacet
  facet normal -9.974521e-01 0.000000e+00 -7.133918e-02
    outer loop
      vertex   9.650000e+01 6.900000e+01 1.732875e-14
      vertex   9.643384e+01 7.000000e+01 9.250464e-01
      vertex   9.650000e+01 7.000000e+01 1.732875e-14
    endloop
  endfacet
  facet normal -9.974521e-01 0.000000e+00 7.133918e-02
    outer loop
      vertex   9.650000e+01 6.900000e+01 1.732875e-14
      vertex   9.650000e+01 7.000000e+01 1.732875e-14
      vertex   9.643384e+01 6.900000e+01 -9.250464e-01
    endloop
  endfacet
  facet normal -9.974521e-01 0.000000e+00 7.133918e-02
    outer loop
      vertex   9.643384e+01 6.900000e+01 -9.250464e-01
      vertex   9.650000e+01 7.000000e+01 1.732875e-14
      vertex   9.643384e+01 7.000000e+01 -9.250464e-01
    endloop
  endfacet
  facet normal -9.771469e-01 0.000000e+00 2.125653e-01
    outer loop
      vertex   9.643384e+01 6.900000e+01 -9.250464e-01
      vertex   9.643384e+01 7.000000e+01 -9.250464e-01
      vertex   9.623670e+01 6.900000e+01 -1.831262e+00
    endloop
  endfacet
  facet normal -9.771469e-01 0.000000e+00 2.125653e-01
    outer loop
      vertex   9.623670e+01 6.900000e+01 -1.831262e+00
      vertex   9.643384e+01 7.000000e+01 -9.250464e-01
      vertex   9.623670e+01 7.000000e+01 -1.831262e+00
    endloop
  endfacet
  facet normal -9.369497e-01 0.000000e+00 3.494642e-01
    outer loop
      vertex   9.623670e+01 6.900000e+01 -1.831262e+00
      vertex   9.623670e+01 7.000000e+01 -1.831262e+00
      vertex   9.591261e+01 6.900000e+01 -2.700198e+00
    endloop
  endfacet
  facet normal -9.369497e-01 0.000000e+00 3.494642e-01
    outer loop
      vertex   9.591261e+01 6.900000e+01 -2.700198e+00
      vertex   9.623670e+01 7.000000e+01 -1.831262e+00
      vertex   9.591261e+01 7.000000e+01 -2.700198e+00
    endloop
  endfacet
  facet normal -8.776790e-01 0.000000e+00 4.792490e-01
    outer loop
      vertex   9.591261e+01 6.900000e+01 -2.700198e+00
      vertex   9.591261e+01 7.000000e+01 -2.700198e+00
      vertex   9.546815e+01 6.900000e+01 -3.514165e+00
    endloop
  endfacet
  facet normal -8.776790e-01 0.000000e+00 4.792490e-01
    outer loop
      vertex   9.546815e+01 6.900000e+01 -3.514165e+00
      vertex   9.591261e+01 7.000000e+01 -2.700198e+00
      vertex   9.546815e+01 7.000000e+01 -3.514165e+00
    endloop
  endfacet
  facet normal -8.005412e-01 0.000000e+00 5.992777e-01
    outer loop
      vertex   9.546815e+01 6.900000e+01 -3.514165e+00
      vertex   9.546815e+01 7.000000e+01 -3.514165e+00
      vertex   9.491237e+01 6.900000e+01 -4.256595e+00
    endloop
  endfacet
  facet normal -8.005412e-01 0.000000e+00 5.992777e-01
    outer loop
      vertex   9.491237e+01 6.900000e+01 -4.256595e+00
      vertex   9.546815e+01 7.000000e+01 -3.514165e+00
      vertex   9.491237e+01 7.000000e+01 -4.256595e+00
    endloop
  endfacet
  facet normal -7.071068e-01 0.000000e+00 7.071068e-01
    outer loop
      vertex   9.491237e+01 6.900000e+01 -4.256595e+00
      vertex   9.491237e+01 7.000000e+01 -4.256595e+00
      vertex   9.425659e+01 6.900000e+01 -4.912372e+00
    endloop
  endfacet
  facet normal -7.071068e-01 0.000000e+00 7.071068e-01
    outer loop
      vertex   9.425659e+01 6.900000e+01 -4.912372e+00
      vertex   9.491237e+01 7.000000e+01 -4.256595e+00
      vertex   9.425659e+01 7.000000e+01 -4.912372e+00
    endloop
  endfacet
  facet normal -5.992777e-01 0.000000e+00 8.005412e-01
    outer loop
      vertex   9.425659e+01 6.900000e+01 -4.912372e+00
      vertex   9.425659e+01 7.000000e+01 -4.912372e+00
      vertex   9.351417e+01 6.900000e+01 -5.468148e+00
    endloop
  endfacet
  facet normal -5.992777e-01 0.000000e+00 8.005412e-01
    outer loop
      vertex   9.351417e+01 6.900000e+01 -5.468148e+00
      vertex   9.425659e+01 7.000000e+01 -4.912372e+00
      vertex   9.351417e+01 7.000000e+01 -5.468148e+00
    endloop
  endfacet
  facet normal -4.792490e-01 0.000000e+00 8.776790e-01
    outer loop
      vertex   9.351417e+01 6.900000e+01 -5.468148e+00
      vertex   9.351417e+01 7.000000e+01 -5.468148e+00
      vertex   9.270020e+01 6.900000e+01 -5.912608e+00
    endloop
  endfacet
  facet normal -4.792490e-01 0.000000e+00 8.776790e-01
    outer loop
      vertex   9.270020e+01 6.900000e+01 -5.912608e+00
      vertex   9.351417e+01 7.000000e+01 -5.468148e+00
      vertex   9.270020e+01 7.000000e+01 -5.912608e+00
    endloop
  endfacet
  facet normal -3.494642e-01 0.000000e+00 9.369497e-01
    outer loop
      vertex   9.270020e+01 6.900000e+01 -5.912608e+00
      vertex   9.270020e+01 7.000000e+01 -5.912608e+00
      vertex   9.183126e+01 6.900000e+01 -6.236704e+00
    endloop
  endfacet
  facet normal -3.494642e-01 0.000000e+00 9.369497e-01
    outer loop
      vertex   9.183126e+01 6.900000e+01 -6.236704e+00
      vertex   9.270020e+01 7.000000e+01 -5.912608e+00
      vertex   9.183126e+01 7.000000e+01 -6.236704e+00
    endloop
  endfacet
  facet normal -2.125653e-01 0.000000e+00 9.771469e-01
    outer loop
      vertex   9.183126e+01 6.900000e+01 -6.236704e+00
      vertex   9.183126e+01 7.000000e+01 -6.236704e+00
      vertex   9.092505e+01 6.900000e+01 -6.433839e+00
    endloop
  endfacet
  facet normal -2.125653e-01 0.000000e+00 9.771469e-01
    outer loop
      vertex   9.092505e+01 6.900000e+01 -6.433839e+00
      vertex   9.183126e+01 7.000000e+01 -6.236704e+00
      vertex   9.092505e+01 7.000000e+01 -6.433839e+00
    endloop
  endfacet
  facet normal -7.133918e-02 0.000000e+00 9.974521e-01
    outer loop
      vertex   9.092505e+01 6.900000e+01 -6.433839e+00
      vertex   9.092505e+01 7.000000e+01 -6.433839e+00
      vertex   9.000000e+01 6.900000e+01 -6.500000e+00
    endloop
  endfacet
  facet normal -7.133918e-02 0.000000e+00 9.974521e-01
    outer loop
      vertex   9.000000e+01 6.900000e+01 -6.500000e+00
      vertex   9.092505e+01 7.000000e+01 -6.433839e+00
      vertex   9.000000e+01 7.000000e+01 -6.500000e+00
    endloop
  endfacet
  facet normal 7.133918e-02 -0.000000e+00 9.974521e-01
    outer loop
      vertex   9.000000e+01 6.900000e+01 -6.500000e+00
      vertex   9.000000e+01 7.000000e+01 -6.500000e+00
      vertex   8.907495e+01 6.900000e+01 -6.433839e+00
    endloop
  endfacet
  facet normal 7.133918e-02 -0.000000e+00 9.974521e-01
    outer loop
      vertex   8.907495e+01 6.900000e+01 -6.433839e+00
      vertex   9.000000e+01 7.000000e+01 -6.500000e+00
      vertex   8.907495e+01 7.000000e+01 -6.433839e+00
    endloop
  endfacet
  facet normal 2.125653e-01 -0.000000e+00 9.771469e-01
    outer loop
      vertex   8.907495e+01 6.900000e+01 -6.433839e+00
      vertex   8.907495e+01 7.000000e+01 -6.433839e+00
      vertex   8.816874e+01 6.900000e+01 -6.236704e+00
    endloop
  endfacet
  facet normal 2.125653e-01 -0.000000e+00 9.771469e-01
    outer loop
      vertex   8.816874e+01 6.900000e+01 -6.236704e+00
      vertex   8.907495e+01 7.000000e+01 -6.433839e+00
      vertex   8.816874e+01 7.000000e+01 -6.236704e+00
    endloop
  endfacet
  facet normal 3.494642e-01 -0.000000e+00 9.369497e-01
    outer loop
      vertex   8.816874e+01 6.900000e+01 -6.236704e+00
      vertex   8.816874e+01 7.000000e+01 -6.236704e+00
      vertex   8.729980e+01 6.900000e+01 -5.912608e+00
    endloop
  endfacet
  facet normal 3.494642e-01 -0.000000e+00 9.369497e-01
    outer loop
      vertex   8.729980e+01 6.900000e+01 -5.912608e+00
      vertex   8.816874e+01 7.000000e+01 -6.236704e+00
      vertex   8.729980e+01 7.000000e+01 -5.912608e+00
    endloop
  endfacet
  facet normal 4.792490e-01 -0.000000e+00 8.776790e-01
    outer loop
      vertex   8.729980e+01 6.900000e+01 -5.912608e+00
      vertex   8.729980e+01 7.000000e+01 -5.912608e+00
      vertex   8.648583e+01 6.900000e+01 -5.468148e+00
    endloop
  endfacet
  facet normal 4.792490e-01 -0.000000e+00 8.776790e-01
    outer loop
      vertex   8.648583e+01 6.900000e+01 -5.468148e+00
      vertex   8.729980e+01 7.000000e+01 -5.912608e+00
      vertex   8.648583e+01 7.000000e+01 -5.468148e+00
    endloop
  endfacet
  facet normal 5.992777e-01 -0.000000e+00 8.005412e-01
    outer loop
      vertex   8.648583e+01 6.900000e+01 -5.468148e+00
      vertex   8.648583e+01 7.000000e+01 -5.468148e+00
      vertex   8.574341e+01 6.900000e+01 -4.912372e+00
    endloop
  endfacet
  facet normal 5.992777e-01 -0.000000e+00 8.005412e-01
    outer loop
      vertex   8.574341e+01 6.900000e+01 -4.912372e+00
      vertex   8.648583e+01 7.000000e+01 -5.468148e+00
      vertex   8.574341e+01 7.000000e+01 -4.912372e+00
    endloop
  endfacet
  facet normal 7.071068e-01 -0.000000e+00 7.071068e-01
    outer loop
      vertex   8.574341e+01 6.900000e+01 -4.912372e+00
      vertex   8.574341e+01 7.000000e+01 -4.912372e+00
      vertex   8.508763e+01 6.900000e+01 -4.256595e+00
    endloop
  endfacet
  facet normal 7.071068e-01 -0.000000e+00 7.071068e-01
    outer loop
      vertex   8.508763e+01 6.900000e+01 -4.256595e+00
      vertex   8.574341e+01 7.000000e+01 -4.912372e+00
      vertex   8.508763e+01 7.000000e+01 -4.256595e+00
    endloop
  endfacet
  facet normal 8.005412e-01 -0.000000e+00 5.992777e-01
    outer loop
      vertex   8.508763e+01 6.900000e+01 -4.256595e+00
      vertex   8.508763e+01 7.000000e+01 -4.256595e+00
      vertex   8.453185e+01 6.900000e+01 -3.514165e+00
    endloop
  endfacet
  facet normal 8.005412e-01 -0.000000e+00 5.992777e-01
    outer loop
      vertex   8.453185e+01 6.900000e+01 -3.514165e+00
      vertex   8.508763e+01 7.000000e+01 -4.256595e+00
      vertex   8.453185e+01 7.000000e+01 -3.514165e+00
    endloop
  endfacet
  facet normal 8.776790e-01 -0.000000e+00 4.792490e-01
    outer loop
      vertex   8.453185e+01 6.900000e+01 -3.514165e+00
      vertex   8.453185e+01 7.000000e+01 -3.514165e+00
      vertex   8.408739e+01 6.900000e+01 -2.700198e+00
    endloop
  endfacet
  facet normal 8.776790e-01 -0.000000e+00 4.792490e-01
    outer loop
      vertex   8.408739e+01 6.900000e+01 -2.700198e+00
      vertex   8.453185e+01 7.000000e+01 -3.514165e+00
      vertex   8.408739e+01 7.000000e+01 -2.700198e+00
    endloop
  endfacet
  facet normal 9.369497e-01 -0.000000e+00 3.494642e-01
    outer loop
      vertex   8.408739e+01 6.900000e+01 -2.700198e+00
      vertex   8.408739e+01 7.000000e+01 -2.700198e+00
      vertex   8.376330e+01 6.900000e+01 -1.831262e+00
    endloop
  endfacet
  facet normal 9.369497e-01 -0.000000e+00 3.494642e-01
    outer loop
      vertex   8.376330e+01 6.900000e+01 -1.831262e+00
      vertex   8.408739e+01 7.000000e+01 -2.700198e+00
      vertex   8.376330e+01 7.000000e+01 -1.831262e+00
    endloop
  endfacet
  facet normal 9.771469e-01 -0.000000e+00 2.125653e-01
    outer loop
      vertex   8.376330e+01 6.900000e+01 -1.831262e+00
      vertex   8.376330e+01 7.000000e+01 -1.831262e+00
      vertex   8.356616e+01 6.900000e+01 -9.250464e-01
    endloop
  endfacet
  facet normal 9.771469e-01 -0.000000e+00 2.125653e-01
    outer loop
      vertex   8.356616e+01 6.900000e+01 -9.250464e-01
      vertex   8.376330e+01 7.000000e+01 -1.831262e+00
      vertex   8.356616e+01 7.000000e+01 -9.250464e-01
    endloop
  endfacet
  facet normal 9.974521e-01 -0.000000e+00 7.133918e-02
    outer loop
      vertex   8.356616e+01 6.900000e+01 -9.250464e-01
      vertex   8.356616e+01 7.000000e+01 -9.250464e-01
      vertex   8.350000e+01 6.900000e+01 1.494069e-14
    endloop
  endfacet
  facet normal 9.974521e-01 -0.000000e+00 7.133918e-02
    outer loop
      vertex   8.350000e+01 6.900000e+01 1.494069e-14
      vertex   8.356616e+01 7.000000e+01 -9.250464e-01
      vertex   8.350000e+01 7.000000e+01 1.494069e-14
    endloop
  endfacet
  facet normal 9.974521e-01 0.000000e+00 -7.133918e-02
    outer loop
      vertex   8.350000e+01 6.900000e+01 1.494069e-14
      vertex   8.350000e+01 7.000000e+01 1.494069e-14
      vertex   8.356616e+01 6.900000e+01 9.250464e-01
    endloop
  endfacet
  facet normal 9.974521e-01 0.000000e+00 -7.133918e-02
    outer loop
      vertex   8.356616e+01 6.900000e+01 9.250464e-01
      vertex   8.350000e+01 7.000000e+01 1.494069e-14
      vertex   8.356616e+01 7.000000e+01 9.250464e-01
    endloop
  endfacet
  facet normal 9.771469e-01 0.000000e+00 -2.125653e-01
    outer loop
      vertex   8.356616e+01 6.900000e+01 9.250464e-01
      vertex   8.356616e+01 7.000000e+01 9.250464e-01
      vertex   8.376330e+01 6.900000e+01 1.831262e+00
    endloop
  endfacet
  facet normal 9.771469e-01 0.000000e+00 -2.125653e-01
    outer loop
      vertex   8.376330e+01 6.900000e+01 1.831262e+00
      vertex   8.356616e+01 7.000000e+01 9.250464e-01
      vertex   8.376330e+01 7.000000e+01 1.831262e+00
    endloop
  endfacet
  facet normal 9.369497e-01 0.000000e+00 -3.494642e-01
    outer loop
      vertex   8.376330e+01 6.900000e+01 1.831262e+00
      vertex   8.376330e+01 7.000000e+01 1.831262e+00
      vertex   8.408739e+01 6.900000e+01 2.700198e+00
    endloop
  endfacet
  facet normal 9.369497e-01 0.000000e+00 -3.494642e-01
    outer loop
      vertex   8.408739e+01 6.900000e+01 2.700198e+00
      vertex   8.376330e+01 7.000000e+01 1.831262e+00
      vertex   8.408739e+01 7.000000e+01 2.700198e+00
    endloop
  endfacet
  facet normal 8.776790e-01 0.000000e+00 -4.792490e-01
    outer loop
      vertex   8.408739e+01 6.900000e+01 2.700198e+00
      vertex   8.408739e+01 7.000000e+01 2.700198e+00
      vertex   8.453185e+01 6.900000e+01 3.514165e+00
    endloop
  endfacet
  facet normal 8.776790e-01 0.000000e+00 -4.792490e-01
    outer loop
      vertex   8.453185e+01 6.900000e+01 3.514165e+00
      vertex   8.408739e+01 7.000000e+01 2.700198e+00
      vertex   8.453185e+01 7.000000e+01 3.514165e+00
    endloop
  endfacet
  facet normal 8.005412e-01 0.000000e+00 -5.992777e-01
    outer loop
      vertex   8.453185e+01 6.900000e+01 3.514165e+00
      vertex   8.453185e+01 7.000000e+01 3.514165e+00
      vertex   8.508763e+01 6.900000e+01 4.256595e+00
    endloop
  endfacet
  facet normal 8.005412e-01 0.000000e+00 -5.992777e-01
    outer loop
      vertex   8.508763e+01 6.900000e+01 4.256595e+00
      vertex   8.453185e+01 7.000000e+01 3.514165e+00
      vertex   8.508763e+01 7.000000e+01 4.256595e+00
    endloop
  endfacet
  facet normal 7.071068e-01 0.000000e+00 -7.071068e-01
    outer loop
      vertex   8.508763e+01 6.900000e+01 4.256595e+00
      vertex   8.508763e+01 7.000000e+01 4.256595e+00
      vertex   8.574341e+01 6.900000e+01 4.912372e+00
    endloop
  endfacet
  facet normal 7.071068e-01 0.000000e+00 -7.071068e-01
    outer loop
      vertex   8.574341e+01 6.900000e+01 4.912372e+00
      vertex   8.508763e+01 7.000000e+01 4.256595e+00
      vertex   8.574341e+01 7.000000e+01 4.912372e+00
    endloop
  endfacet
  facet normal 5.992777e-01 0.000000e+00 -8.005412e-01
    outer loop
      vertex   8.574341e+01 6.900000e+01 4.912372e+00
      vertex   8.574341e+01 7.000000e+01 4.912372e+00
      vertex   8.648583e+01 6.900000e+01 5.468148e+00
    endloop
  endfacet
  facet normal 5.992777e-01 0.000000e+00 -8.005412e-01
    outer loop
      vertex   8.648583e+01 6.900000e+01 5.468148e+00
      vertex   8.574341e+01 7.000000e+01 4.912372e+00
      vertex   8.648583e+01 7.000000e+01 5.468148e+00
    endloop
  endfacet
  facet normal 4.792490e-01 0.000000e+00 -8.776790e-01
    outer loop
      vertex   8.648583e+01 6.900000e+01 5.468148e+00
      vertex   8.648583e+01 7.000000e+01 5.468148e+00
      vertex   8.729980e+01 6.900000e+01 5.912608e+00
    endloop
  endfacet
  facet normal 4.792490e-01 0.000000e+00 -8.776790e-01
    outer loop
      vertex   8.729980e+01 6.900000e+01 5.912608e+00
      vertex   8.648583e+01 7.000000e+01 5.468148e+00
      vertex   8.729980e+01 7.000000e+01 5.912608e+00
    endloop
  endfacet
  facet normal 3.494642e-01 0.000000e+00 -9.369497e-01
    outer loop
      vertex   8.729980e+01 6.900000e+01 5.912608e+00
      vertex   8.729980e+01 7.000000e+01 5.912608e+00
      vertex   8.816874e+01 6.900000e+01 6.236704e+00
    endloop
  endfacet
  facet normal 3.494642e-01 0.000000e+00 -9.369497e-01
    outer loop
      vertex   8.816874e+01 6.900000e+01 6.236704e+00
      vertex   8.729980e+01 7.000000e+01 5.912608e+00
      vertex   8.816874e+01 7.000000e+01 6.236704e+00
    endloop
  endfacet
  facet normal 2.125653e-01 0.000000e+00 -9.771469e-01
    outer loop
      vertex   8.816874e+01 6.900000e+01 6.236704e+00
      vertex   8.816874e+01 7.000000e+01 6.236704e+00
      vertex   8.907495e+01 6.900000e+01 6.433839e+00
    endloop
  endfacet
  facet normal 2.125653e-01 0.000000e+00 -9.771469e-01
    outer loop
      vertex   8.907495e+01 6.900000e+01 6.433839e+00
      vertex   8.816874e+01 7.000000e+01 6.236704e+00
      vertex   8.907495e+01 7.000000e+01 6.433839e+00
    endloop
  endfacet
  facet normal 0.000000e+00 1.000000e+00 0.000000e+00
    outer loop
      vertex   9.092505e+01 6.900000e+01 6.433839e+00
      vertex   9.092505e+01 6.900000e+01 -6.433839e+00
      vertex   9.000000e+01 6.900000e+01 6.500000e+00
    endloop
  endfacet
  facet normal 0.000000e+00 1.000000e+00 0.000000e+00
    outer loop
      vertex   9.000000e+01 6.900000e+01 6.500000e+00
      vertex   9.092505e+01 6.900000e+01 -6.433839e+00
      vertex   9.000000e+01 6.900000e+01 -6.500000e+00
    endloop
  endfacet
  facet normal 0.000000e+00 1.000000e+00 0.000000e+00
    outer loop
      vertex   9.000000e+01 6.900000e+01 6.500000e+00
      vertex   9.000000e+01 6.900000e+01 -6.500000e+00
      vertex   8.907495e+01 6.900000e+01 6.433839e+00
    endloop
  endfacet
  facet normal 0.000000e+00 1.000000e+00 0.000000e+00
    outer loop
      vertex   8.907495e+01 6.900000e+01 6.433839e+00
      vertex   9.000000e+01 6.900000e+01 -6.500000e+00
      vertex   8.907495e+01 6.900000e+01 -6.433839e+00
    endloop
  endfacet
  facet normal 0.000000e+00 1.000000e+00 0.000000e+00
    outer loop
      vertex   8.907495e+01 6.900000e+01 6.433839e+00
      vertex   8.907495e+01 6.900000e+01 -6.433839e+00
      vertex   8.816874e+01 6.900000e+01 6.236704e+00
    endloop
  endfacet
  facet normal 0.000000e+00 1.000000e+00 0.000000e+00
    outer loop
      vertex   8.816874e+01 6.900000e+01 6.236704e+00
      vertex   8.907495e+01 6.900000e+01 -6.433839e+00
      vertex   8.816874e+01 6.900000e+01 -6.236704e+00
    endloop
  endfacet
  facet normal 0.000000e+00 1.000000e+00 0.000000e+00
    outer loop
      vertex   8.816874e+01 6.900000e+01 6.236704e+00
      vertex   8.816874e+01 6.900000e+01 -6.236704e+00
      vertex   8.729980e+01 6.900000e+01 5.912608e+00
    endloop
  endfacet
  facet normal 0.000000e+00 1.000000e+00 0.000000e+00
    outer loop
      vertex   8.729980e+01 6.900000e+01 5.912608e+00
      vertex   8.816874e+01 6.900000e+01 -6.236704e+00
      vertex   8.729980e+01 6.900000e+01 -5.912608e+00
    endloop
  endfacet
  facet normal 0.000000e+00 1.000000e+00 0.000000e+00
    outer loop
      vertex   8.729980e+01 6.900000e+01 5.912608e+00
      vertex   8.729980e+01 6.900000e+01 -5.912608e+00
      vertex   8.648583e+01 6.900000e+01 5.468148e+00
    endloop
  endfacet
  facet normal 0.000000e+00 1.000000e+00 0.000000e+00
    outer loop
      vertex   8.648583e+01 6.900000e+01 5.468148e+00
      vertex   8.729980e+01 6.900000e+01 -5.912608e+00
      vertex   8.648583e+01 6.900000e+01 -5.468148e+00
    endloop
  endfacet
  facet normal 0.000000e+00 1.000000e+00 0.000000e+00
    outer loop
      vertex   8.648583e+01 6.900000e+01 5.468148e+00
      vertex   8.648583e+01 6.900000e+01 -5.468148e+00
      vertex   8.574341e+01 6.900000e+01 4.912372e+00
    endloop
  endfacet
  facet normal 0.000000e+00 1.000000e+00 0.000000e+00
    outer loop
      vertex   8.574341e+01 6.900000e+01 4.912372e+00
      vertex   8.648583e+01 6.900000e+01 -5.468148e+00
      vertex   8.574341e+01 6.900000e+01 -4.912372e+00
    endloop
  endfacet
  facet normal 0.000000e+00 1.000000e+00 0.000000e+00
    outer loop
      vertex   8.574341e+01 6.900000e+01 4.912372e+00
      vertex   8.574341e+01 6.900000e+01 -4.912372e+00
      vertex   8.508763e+01 6.900000e+01 4.256595e+00
    endloop
  endfacet
  facet normal 0.000000e+00 1.000000e+00 0.000000e+00
    outer loop
      vertex   8.508763e+01 6.900000e+01 4.256595e+00
      vertex   8.574341e+01 6.900000e+01 -4.912372e+00
      vertex   8.508763e+01 6.900000e+01 -4.256595e+00
    endloop
  endfacet
  facet normal 0.000000e+00 1.000000e+00 0.000000e+00
    outer loop
      vertex   8.508763e+01 6.900000e+01 4.256595e+00
      vertex   8.508763e+01 6.900000e+01 -4.256595e+00
      vertex   8.453185e+01 6.900000e+01 3.514165e+00
    endloop
  endfacet
  facet normal 0.000000e+00 1.000000e+00 0.000000e+00
    outer loop
      vertex   8.453185e+01 6.900000e+01 3.514165e+00
      vertex   8.508763e+01 6.900000e+01 -4.256595e+00
      vertex   8.453185e+01 6.900000e+01 -3.514165e+00
    endloop
  endfacet
  facet normal 0.000000e+00 1.000000e+00 0.000000e+00
    outer loop
      vertex   8.453185e+01 6.900000e+01 3.514165e+00
      vertex   8.453185e+01 6.900000e+01 -3.514165e+00
      vertex   8.408739e+01 6.900000e+01 2.700198e+00
    endloop
  endfacet
  facet normal 0.000000e+00 1.000000e+00 0.000000e+00
    outer loop
      vertex   8.408739e+01 6.900000e+01 2.700198e+00
      vertex   8.453185e+01 6.900000e+01 -3.514165e+00
      vertex   8.408739e+01 6.900000e+01 -2.700198e+00
    endloop
  endfacet
  facet normal 0.000000e+00 1.000000e+00 0.000000e+00
    outer loop
      vertex   8.408739e+01 6.900000e+01 2.700198e+00
      vertex   8.408739e+01 6.900000e+01 -2.700198e+00
      vertex   8.376330e+01 6.900000e+01 1.831262e+00
    endloop
  endfacet
  facet normal 0.000000e+00 1.000000e+00 0.000000e+00
    outer loop
      vertex   8.376330e+01 6.900000e+01 1.831262e+00
      vertex   8.408739e+01 6.900000e+01 -2.700198e+00
      vertex   8.376330e+01 6.900000e+01 -1.831262e+00
    endloop
  endfacet
  facet normal 0.000000e+00 1.000000e+00 0.000000e+00
    outer loop
      vertex   8.376330e+01 6.900000e+01 1.831262e+00
      vertex   8.376330e+01 6.900000e+01 -1.831262e+00
      vertex   8.356616e+01 6.900000e+01 9.250464e-01
    endloop
  endfacet
  facet normal 0.000000e+00 1.000000e+00 0.000000e+00
    outer loop
      vertex   8.356616e+01 6.900000e+01 9.250464e-01
      vertex   8.376330e+01 6.900000e+01 -1.831262e+00
      vertex   8.356616e+01 6.900000e+01 -9.250464e-01
    endloop
  endfacet
  facet normal 0.000000e+00 1.000000e+00 0.000000e+00
    outer loop
      vertex   8.356616e+01 6.900000e+01 9.250464e-01
      vertex   8.356616e+01 6.900000e+01 -9.250464e-01
      vertex   8.350000e+01 6.900000e+01 1.494069e-14
    endloop
  endfacet
  facet normal 0.000000e+00 1.000000e+00 0.000000e+00
    outer loop
      vertex   9.092505e+01 6.900000e+01 -6.433839e+00
      vertex   9.092505e+01 6.900000e+01 6.433839e+00
      vertex   9.183126e+01 6.900000e+01 -6.236704e+00
    endloop
  endfacet
  facet normal 0.000000e+00 1.000000e+00 -0.000000e+00
    outer loop
      vertex   9.183126e+01 6.900000e+01 -6.236704e+00
      vertex   9.092505e+01 6.900000e+01 6.433839e+00
      vertex   9.183126e+01 6.900000e+01 6.236704e+00
    endloop
  endfacet
  facet normal 0.000000e+00 1.000000e+00 0.000000e+00
    outer loop
      vertex   9.183126e+01 6.900000e+01 -6.236704e+00
      vertex   9.183126e+01 6.900000e+01 6.236704e+00
      vertex   9.270020e+01 6.900000e+01 -5.912608e+00
    endloop
  endfacet
  facet normal 0.000000e+00 1.000000e+00 -0.000000e+00
    outer loop
      vertex   9.270020e+01 6.900000e+01 -5.912608e+00
      vertex   9.183126e+01 6.900000e+01 6.236704e+00
      vertex   9.270020e+01 6.900000e+01 5.912608e+00
    endloop
  endfacet
  facet normal 0.000000e+00 1.000000e+00 0.000000e+00
    outer loop
      vertex   9.270020e+01 6.900000e+01 -5.912608e+00
      vertex   9.270020e+01 6.900000e+01 5.912608e+00
      vertex   9.351417e+01 6.900000e+01 -5.468148e+00
    endloop
  endfacet
  facet normal 0.000000e+00 1.000000e+00 -0.000000e+00
    outer loop
      vertex   9.351417e+01 6.900000e+01 -5.468148e+00
      vertex   9.270020e+01 6.900000e+01 5.912608e+00
      vertex   9.351417e+01 6.900000e+01 5.468148e+00
    endloop
  endfacet
  facet normal 0.000000e+00 1.000000e+00 0.000000e+00
    outer loop
      vertex   9.351417e+01 6.900000e+01 -5.468148e+00
      vertex   9.351417e+01 6.900000e+01 5.468148e+00
      vertex   9.425659e+01 6.900000e+01 -4.912372e+00
    endloop
  endfacet
  facet normal 0.000000e+00 1.000000e+00 -0.000000e+00
    outer loop
      vertex   9.425659e+01 6.900000e+01 -4.912372e+00
      vertex   9.351417e+01 6.900000e+01 5.468148e+00
      vertex   9.425659e+01 6.900000e+01 4.912372e+00
    endloop
  endfacet
  facet normal 0.000000e+00 1.000000e+00 0.000000e+00
    outer loop
      vertex   9.425659e+01 6.900000e+01 -4.912372e+00
      vertex   9.425659e+01 6.900000e+01 4.912372e+00
      vertex   9.491237e+01 6.900000e+01 -4.256595e+00
    endloop
  endfacet
  facet normal 0.000000e+00 1.000000e+00 -0.000000e+00
    outer loop
      vertex   9.491237e+01 6.900000e+01 -4.256595e+00
      vertex   9.425659e+01 6.900000e+01 4.912372e+00
      vertex   9.491237e+01 6.900000e+01 4.256595e+00
    endloop
  endfacet
  facet normal 0.000000e+00 1.000000e+00 0.000000e+00
    outer loop
      vertex   9.491237e+01 6.900000e+01 -4.256595e+00
      vertex   9.491237e+01 6.900000e+01 4.256595e+00
      vertex   9.546815e+01 6.900000e+01 -3.514165e+00
    endloop
  endfacet
  facet normal 0.000000e+00 1.000000e+00 -0.000000e+00
    outer loop
      vertex   9.546815e+01 6.900000e+01 -3.514165e+00
      vertex   9.491237e+01 6.900000e+01 4.256595e+00
      vertex   9.546815e+01 6.900000e+01 3.514165e+00
    endloop
  endfacet
  facet normal 0.000000e+00 1.000000e+00 0.000000e+00
    outer loop
      vertex   9.546815e+01 6.900000e+01 -3.514165e+00
      vertex   9.546815e+01 6.900000e+01 3.514165e+00
      vertex   9.591261e+01 6.900000e+01 -2.700198e+00
    endloop
  endfacet
  facet normal 0.000000e+00 1.000000e+00 -0.000000e+00
    outer loop
      vertex   9.591261e+01 6.900000e+01 -2.700198e+00
      vertex   9.546815e+01 6.900000e+01 3.514165e+00
      vertex   9.591261e+01 6.900000e+01 2.700198e+00
    endloop
  endfacet
  facet normal 0.000000e+00 1.000000e+00 0.000000e+00
    outer loop
      vertex   9.591261e+01 6.900000e+01 -2.700198e+00
      vertex   9.591261e+01 6.900000e+01 2.700198e+00
      vertex   9.623670e+01 6.900000e+01 -1.831262e+00
    endloop
  endfacet
  facet normal 0.000000e+00 1.000000e+00 -0.000000e+00
    outer loop
      vertex   9.623670e+01 6.900000e+01 -1.831262e+00
      vertex   9.591261e+01 6.900000e+01 2.700198e+00
      vertex   9.623670e+01 6.900000e+01 1.831262e+00
    endloop
  endfacet
  facet normal 0.000000e+00 1.000000e+00 0.000000e+00
    outer loop
      vertex   9.623670e+01 6.900000e+01 -1.831262e+00
      vertex   9.623670e+01 6.900000e+01 1.831262e+00
      vertex   9.643384e+01 6.900000e+01 -9.250464e-01
    endloop
  endfacet
  facet normal 0.000000e+00 1.000000e+00 -0.000000e+00
    outer loop
      vertex   9.643384e+01 6.900000e+01 -9.250464e-01
      vertex   9.623670e+01 6.900000e+01 1.831262e+00
      vertex   9.643384e+01 6.900000e+01 9.250464e-01
    endloop
  endfacet
  facet normal 0.000000e+00 1.000000e+00 0.000000e+00
    outer loop
      vertex   9.643384e+01 6.900000e+01 -9.250464e-01
      vertex   9.643384e+01 6.900000e+01 9.250464e-01
      vertex   9.650000e+01 6.900000e+01 1.732875e-14
    endloop
  endfacet
  facet normal 4.687226e-02 0.000000e+00 -9.989009e-01
    outer loop
      vertex   9.140462e+01 7.000000e+01 -1.493409e+01
      vertex   9.140462e+01 4.666667e+01 -1.493409e+01
      vertex   9.000000e+01 7.000000e+01 -1.500000e+01
    endloop
  endfacet
  facet normal 4.687226e-02 0.000000e+00 -9.989009e-01
    outer loop
      vertex   9.000000e+01 7.000000e+01 -1.500000e+01
      vertex   9.140462e+01 4.666667e+01 -1.493409e+01
      vertex   9.000000e+01 4.666667e+01 -1.500000e+01
    endloop
  endfacet
  facet normal -4.687226e-02 -0.000000e+00 -9.989009e-01
    outer loop
      vertex   9.000000e+01 7.000000e+01 -1.500000e+01
      vertex   9.000000e+01 4.666667e+01 -1.500000e+01
      vertex   8.859538e+01 7.000000e+01 -1.493409e+01
    endloop
  endfacet
  facet normal -4.687226e-02 -7.604590e-17 -9.989009e-01
    outer loop
      vertex   8.859538e+01 7.000000e+01 -1.493409e+01
      vertex   9.000000e+01 4.666667e+01 -1.500000e+01
      vertex   8.859538e+01 4.666667e+01 -1.493409e+01
    endloop
  endfacet
  facet normal -1.402049e-01 -7.537761e-17 -9.901225e-01
    outer loop
      vertex   8.859538e+01 7.000000e+01 -1.493409e+01
      vertex   8.859538e+01 4.666667e+01 -1.493409e+01
      vertex   8.720310e+01 7.000000e+01 -1.473694e+01
    endloop
  endfacet
  facet normal -1.402049e-01 -0.000000e+00 -9.901225e-01
    outer loop
      vertex   8.720310e+01 7.000000e+01 -1.473694e+01
      vertex   8.859538e+01 4.666667e+01 -1.493409e+01
      vertex   8.720310e+01 4.666667e+01 -1.473694e+01
    endloop
  endfacet
  facet normal -2.323054e-01 -0.000000e+00 -9.726429e-01
    outer loop
      vertex   8.720310e+01 7.000000e+01 -1.473694e+01
      vertex   8.720310e+01 4.666667e+01 -1.473694e+01
      vertex   8.583540e+01 7.000000e+01 -1.441028e+01
    endloop
  endfacet
  facet normal -2.323054e-01 -7.404689e-17 -9.726429e-01
    outer loop
      vertex   8.583540e+01 7.000000e+01 -1.441028e+01
      vertex   8.720310e+01 4.666667e+01 -1.473694e+01
      vertex   8.583540e+01 4.666667e+01 -1.441028e+01
    endloop
  endfacet
  facet normal -3.223643e-01 -7.206545e-17 -9.466157e-01
    outer loop
      vertex   8.583540e+01 7.000000e+01 -1.441028e+01
      vertex   8.583540e+01 4.666667e+01 -1.441028e+01
      vertex   8.450430e+01 7.000000e+01 -1.395698e+01
    endloop
  endfacet
  facet normal -3.223643e-01 -0.000000e+00 -9.466157e-01
    outer loop
      vertex   8.450430e+01 7.000000e+01 -1.395698e+01
      vertex   8.583540e+01 4.666667e+01 -1.441028e+01
      vertex   8.450430e+01 4.666667e+01 -1.395698e+01
    endloop
  endfacet
  facet normal -4.095904e-01 -0.000000e+00 -9.122696e-01
    outer loop
      vertex   8.450430e+01 7.000000e+01 -1.395698e+01
      vertex   8.450430e+01 4.666667e+01 -1.395698e+01
      vertex   8.322150e+01 7.000000e+01 -1.338103e+01
    endloop
  endfacet
  facet normal -4.095904e-01 -2.494555e-16 -9.122696e-01
    outer loop
      vertex   8.322150e+01 7.000000e+01 -1.338103e+01
      vertex   8.450430e+01 4.666667e+01 -1.395698e+01
      vertex   8.322150e+01 4.666667e+01 -1.338103e+01
    endloop
  endfacet
  facet normal -4.932169e-01 -3.003872e-16 -8.699064e-01
    outer loop
      vertex   8.322150e+01 7.000000e+01 -1.338103e+01
      vertex   8.322150e+01 4.666667e+01 -1.338103e+01
      vertex   8.199826e+01 7.000000e+01 -1.268748e+01
    endloop
  endfacet
  facet normal -4.932169e-01 1.324512e-16 -8.699064e-01
    outer loop
      vertex   8.199826e+01 7.000000e+01 -1.268748e+01
      vertex   8.322150e+01 4.666667e+01 -1.338103e+01
      vertex   8.199826e+01 4.666667e+01 -1.268748e+01
    endloop
  endfacet
  facet normal -5.725090e-01 1.248370e-16 -8.198984e-01
    outer loop
      vertex   8.199826e+01 7.000000e+01 -1.268748e+01
      vertex   8.199826e+01 4.666667e+01 -1.268748e+01
      vertex   8.084535e+01 7.000000e+01 -1.188244e+01
    endloop
  endfacet
  facet normal -5.725090e-01 -1.872556e-16 -8.198984e-01
    outer loop
      vertex   8.084535e+01 7.000000e+01 -1.188244e+01
      vertex   8.199826e+01 4.666667e+01 -1.268748e+01
      vertex   8.084535e+01 4.666667e+01 -1.188244e+01
    endloop
  endfacet
  facet normal -6.467699e-01 -1.741887e-16 -7.626852e-01
    outer loop
      vertex   8.084535e+01 7.000000e+01 -1.188244e+01
      vertex   8.084535e+01 4.666667e+01 -1.188244e+01
      vertex   7.977288e+01 7.000000e+01 -1.097297e+01
    endloop
  endfacet
  facet normal -6.467699e-01 -0.000000e+00 -7.626852e-01
    outer loop
      vertex   7.977288e+01 7.000000e+01 -1.097297e+01
      vertex   8.084535e+01 4.666667e+01 -1.188244e+01
      vertex   7.977288e+01 4.666667e+01 -1.097297e+01
    endloop
  endfacet
  facet normal -7.153470e-01 -0.000000e+00 -6.987694e-01
    outer loop
      vertex   7.977288e+01 7.000000e+01 -1.097297e+01
      vertex   7.977288e+01 4.666667e+01 -1.097297e+01
      vertex   7.879030e+01 7.000000e+01 -9.967072e+00
    endloop
  endfacet
  facet normal -7.153470e-01 -0.000000e+00 -6.987694e-01
    outer loop
      vertex   7.879030e+01 7.000000e+01 -9.967072e+00
      vertex   7.977288e+01 4.666667e+01 -1.097297e+01
      vertex   7.879030e+01 4.666667e+01 -9.967072e+00
    endloop
  endfacet
  facet normal -7.776375e-01 -0.000000e+00 -6.287129e-01
    outer loop
      vertex   7.879030e+01 7.000000e+01 -9.967072e+00
      vertex   7.879030e+01 4.666667e+01 -9.967072e+00
      vertex   7.790622e+01 7.000000e+01 -8.873583e+00
    endloop
  endfacet
  facet normal -7.776375e-01 -0.000000e+00 -6.287129e-01
    outer loop
      vertex   7.790622e+01 7.000000e+01 -8.873583e+00
      vertex   7.879030e+01 4.666667e+01 -9.967072e+00
      vertex   7.790622e+01 4.666667e+01 -8.873583e+00
    endloop
  endfacet
  facet normal -8.330942e-01 -0.000000e+00 -5.531312e-01
    outer loop
      vertex   7.790622e+01 7.000000e+01 -8.873583e+00
      vertex   7.790622e+01 4.666667e+01 -8.873583e+00
      vertex   7.712842e+01 7.000000e+01 -7.702113e+00
    endloop
  endfacet
  facet normal -8.330942e-01 -0.000000e+00 -5.531312e-01
    outer loop
      vertex   7.712842e+01 7.000000e+01 -7.702113e+00
      vertex   7.790622e+01 4.666667e+01 -8.873583e+00
      vertex   7.712842e+01 4.666667e+01 -7.702113e+00
    endloop
  endfacet
  facet normal -8.812296e-01 -0.000000e+00 -4.726885e-01
    outer loop
      vertex   7.712842e+01 7.000000e+01 -7.702113e+00
      vertex   7.712842e+01 4.666667e+01 -7.702113e+00
      vertex   7.646375e+01 7.000000e+01 -6.462956e+00
    endloop
  endfacet
  facet normal -8.812296e-01 -0.000000e+00 -4.726885e-01
    outer loop
      vertex   7.646375e+01 7.000000e+01 -6.462956e+00
      vertex   7.712842e+01 4.666667e+01 -7.702113e+00
      vertex   7.646375e+01 4.666667e+01 -6.462956e+00
    endloop
  endfacet
  facet normal -9.216207e-01 -0.000000e+00 -3.880919e-01
    outer loop
      vertex   7.646375e+01 7.000000e+01 -6.462956e+00
      vertex   7.646375e+01 4.666667e+01 -6.462956e+00
      vertex   7.591802e+01 7.000000e+01 -5.167003e+00
    endloop
  endfacet
  facet normal -9.216207e-01 -0.000000e+00 -3.880919e-01
    outer loop
      vertex   7.591802e+01 7.000000e+01 -5.167003e+00
      vertex   7.646375e+01 4.666667e+01 -6.462956e+00
      vertex   7.591802e+01 4.666667e+01 -5.167003e+00
    endloop
  endfacet
  facet normal -9.539126e-01 -0.000000e+00 -3.000846e-01
    outer loop
      vertex   7.591802e+01 7.000000e+01 -5.167003e+00
      vertex   7.591802e+01 4.666667e+01 -5.167003e+00
      vertex   7.549605e+01 7.000000e+01 -3.825642e+00
    endloop
  endfacet
  facet normal -9.539126e-01 -0.000000e+00 -3.000846e-01
    outer loop
      vertex   7.549605e+01 7.000000e+01 -3.825642e+00
      vertex   7.591802e+01 4.666667e+01 -5.167003e+00
      vertex   7.549605e+01 4.666667e+01 -3.825642e+00
    endloop
  endfacet
  facet normal -9.778214e-01 -0.000000e+00 -2.094403e-01
    outer loop
      vertex   7.549605e+01 7.000000e+01 -3.825642e+00
      vertex   7.549605e+01 4.666667e+01 -3.825642e+00
      vertex   7.520155e+01 7.000000e+01 -2.450660e+00
    endloop
  endfacet
  facet normal -9.778214e-01 -0.000000e+00 -2.094403e-01
    outer loop
      vertex   7.520155e+01 7.000000e+01 -2.450660e+00
      vertex   7.549605e+01 4.666667e+01 -3.825642e+00
      vertex   7.520155e+01 4.666667e+01 -2.450660e+00
    endloop
  endfacet
  facet normal -9.931372e-01 -0.000000e+00 -1.169553e-01
    outer loop
      vertex   7.520155e+01 7.000000e+01 -2.450660e+00
      vertex   7.520155e+01 4.666667e+01 -2.450660e+00
      vertex   7.503709e+01 7.000000e+01 -1.054143e+00
    endloop
  endfacet
  facet normal -9.931372e-01 1.669455e-17 -1.169553e-01
    outer loop
      vertex   7.503709e+01 7.000000e+01 -1.054143e+00
      vertex   7.520155e+01 4.666667e+01 -2.450660e+00
      vertex   7.503709e+01 4.666667e+01 -1.054143e+00
    endloop
  endfacet
  facet normal -9.997252e-01 3.346262e-18 -2.344257e-02
    outer loop
      vertex   7.503709e+01 7.000000e+01 -1.054143e+00
      vertex   7.503709e+01 4.666667e+01 -1.054143e+00
      vertex   7.500412e+01 7.000000e+01 3.516386e-01
    endloop
  endfacet
  facet normal -9.997252e-01 -0.000000e+00 -2.344257e-02
    outer loop
      vertex   7.500412e+01 7.000000e+01 3.516386e-01
      vertex   7.503709e+01 4.666667e+01 -1.054143e+00
      vertex   7.500412e+01 4.666667e+01 3.516386e-01
    endloop
  endfacet
  facet normal -9.975276e-01 0.000000e+00 7.027619e-02
    outer loop
      vertex   7.500412e+01 7.000000e+01 3.516386e-01
      vertex   7.500412e+01 4.666667e+01 3.516386e-01
      vertex   7.510294e+01 7.000000e+01 1.754330e+00
    endloop
  endfacet
  facet normal -9.975276e-01 0.000000e+00 7.027619e-02
    outer loop
      vertex   7.510294e+01 7.000000e+01 1.754330e+00
      vertex   7.500412e+01 4.666667e+01 3.516386e-01
      vertex   7.510294e+01 4.666667e+01 1.754330e+00
    endloop
  endfacet
  facet normal -9.865637e-01 0.000000e+00 1.633774e-01
    outer loop
      vertex   7.510294e+01 7.000000e+01 1.754330e+00
      vertex   7.510294e+01 4.666667e+01 1.754330e+00
      vertex   7.533268e+01 7.000000e+01 3.141604e+00
    endloop
  endfacet
  facet normal -9.865637e-01 0.000000e+00 1.633774e-01
    outer loop
      vertex   7.533268e+01 7.000000e+01 3.141604e+00
      vertex   7.510294e+01 4.666667e+01 1.754330e+00
      vertex   7.533268e+01 4.666667e+01 3.141604e+00
    endloop
  endfacet
  facet normal -9.669298e-01 0.000000e+00 2.550428e-01
    outer loop
      vertex   7.533268e+01 7.000000e+01 3.141604e+00
      vertex   7.533268e+01 4.666667e+01 3.141604e+00
      vertex   7.569131e+01 7.000000e+01 4.501270e+00
    endloop
  endfacet
  facet normal -9.669298e-01 -3.883260e-17 2.550428e-01
    outer loop
      vertex   7.569131e+01 7.000000e+01 4.501270e+00
      vertex   7.533268e+01 4.666667e+01 3.141604e+00
      vertex   7.569131e+01 4.666667e+01 4.501270e+00
    endloop
  endfacet
  facet normal -9.387985e-01 -5.244823e-17 3.444669e-01
    outer loop
      vertex   7.569131e+01 7.000000e+01 4.501270e+00
      vertex   7.569131e+01 4.666667e+01 4.501270e+00
      vertex   7.617569e+01 7.000000e+01 5.821378e+00
    endloop
  endfacet
  facet normal -9.387985e-01 0.000000e+00 3.444669e-01
    outer loop
      vertex   7.617569e+01 7.000000e+01 5.821378e+00
      vertex   7.569131e+01 4.666667e+01 4.501270e+00
      vertex   7.617569e+01 4.666667e+01 5.821378e+00
    endloop
  endfacet
  facet normal -9.024170e-01 0.000000e+00 4.308637e-01
    outer loop
      vertex   7.617569e+01 7.000000e+01 5.821378e+00
      vertex   7.617569e+01 4.666667e+01 5.821378e+00
      vertex   7.678156e+01 7.000000e+01 7.090328e+00
    endloop
  endfacet
  facet normal -9.024170e-01 4.920221e-17 4.308637e-01
    outer loop
      vertex   7.678156e+01 7.000000e+01 7.090328e+00
      vertex   7.617569e+01 4.666667e+01 5.821378e+00
      vertex   7.678156e+01 4.666667e+01 7.090328e+00
    endloop
  endfacet
  facet normal -8.581050e-01 5.863586e-17 5.134742e-01
    outer loop
      vertex   7.678156e+01 7.000000e+01 7.090328e+00
      vertex   7.678156e+01 4.666667e+01 7.090328e+00
      vertex   7.750359e+01 7.000000e+01 8.296967e+00
    endloop
  endfacet
  facet normal -8.581050e-01 0.000000e+00 5.134742e-01
    outer loop
      vertex   7.750359e+01 7.000000e+01 8.296967e+00
      vertex   7.678156e+01 4.666667e+01 7.090328e+00
      vertex   7.750359e+01 4.666667e+01 8.296967e+00
    endloop
  endfacet
  facet normal -8.062520e-01 0.000000e+00 5.915722e-01
    outer loop
      vertex   7.750359e+01 7.000000e+01 8.296967e+00
      vertex   7.750359e+01 4.666667e+01 8.296967e+00
      vertex   7.833544e+01 7.000000e+01 9.430693e+00
    endloop
  endfacet
  facet normal -8.062520e-01 9.007229e-17 5.915722e-01
    outer loop
      vertex   7.833544e+01 7.000000e+01 9.430693e+00
      vertex   7.750359e+01 4.666667e+01 8.296967e+00
      vertex   7.833544e+01 4.666667e+01 9.430693e+00
    endloop
  endfacet
  facet normal -7.473136e-01 1.011719e-16 6.644715e-01
    outer loop
      vertex   7.833544e+01 7.000000e+01 9.430693e+00
      vertex   7.833544e+01 4.666667e+01 9.430693e+00
      vertex   7.926980e+01 7.000000e+01 1.048154e+01
    endloop
  endfacet
  facet normal -7.473136e-01 5.058593e-17 6.644715e-01
    outer loop
      vertex   7.926980e+01 7.000000e+01 1.048154e+01
      vertex   7.833544e+01 4.666667e+01 9.430693e+00
      vertex   7.926980e+01 4.666667e+01 1.048154e+01
    endloop
  endfacet
  facet normal -6.818078e-01 5.569117e-17 7.315313e-01
    outer loop
      vertex   7.926980e+01 7.000000e+01 1.048154e+01
      vertex   7.926980e+01 4.666667e+01 1.048154e+01
      vertex   8.029845e+01 7.000000e+01 1.144028e+01
    endloop
  endfacet
  facet normal -6.818078e-01 1.113823e-16 7.315313e-01
    outer loop
      vertex   8.029845e+01 7.000000e+01 1.144028e+01
      vertex   7.926980e+01 4.666667e+01 1.048154e+01
      vertex   8.029845e+01 4.666667e+01 1.144028e+01
    endloop
  endfacet
  facet normal -6.103103e-01 1.206140e-16 7.921625e-01
    outer loop
      vertex   8.029845e+01 7.000000e+01 1.144028e+01
      vertex   8.029845e+01 4.666667e+01 1.144028e+01
      vertex   8.141236e+01 7.000000e+01 1.229848e+01
    endloop
  endfacet
  facet normal -6.103103e-01 0.000000e+00 7.921625e-01
    outer loop
      vertex   8.141236e+01 7.000000e+01 1.229848e+01
      vertex   8.029845e+01 4.666667e+01 1.144028e+01
      vertex   8.141236e+01 4.666667e+01 1.229848e+01
    endloop
  endfacet
  facet normal -5.334493e-01 0.000000e+00 8.458321e-01
    outer loop
      vertex   8.141236e+01 7.000000e+01 1.229848e+01
      vertex   8.141236e+01 4.666667e+01 1.229848e+01
      vertex   8.260175e+01 7.000000e+01 1.304860e+01
    endloop
  endfacet
  facet normal -5.334493e-01 -6.439284e-17 8.458321e-01
    outer loop
      vertex   8.260175e+01 7.000000e+01 1.304860e+01
      vertex   8.141236e+01 4.666667e+01 1.229848e+01
      vertex   8.260175e+01 4.666667e+01 1.304860e+01
    endloop
  endfacet
  facet normal -4.519003e-01 -6.791279e-17 8.920684e-01
    outer loop
      vertex   8.260175e+01 7.000000e+01 1.304860e+01
      vertex   8.260175e+01 4.666667e+01 1.304860e+01
      vertex   8.385614e+01 7.000000e+01 1.368404e+01
    endloop
  endfacet
  facet normal -4.519003e-01 0.000000e+00 8.920684e-01
    outer loop
      vertex   8.385614e+01 7.000000e+01 1.368404e+01
      vertex   8.260175e+01 4.666667e+01 1.304860e+01
      vertex   8.385614e+01 4.666667e+01 1.368404e+01
    endloop
  endfacet
  facet normal -3.663800e-01 0.000000e+00 9.304653e-01
    outer loop
      vertex   8.385614e+01 7.000000e+01 1.368404e+01
      vertex   8.385614e+01 4.666667e+01 1.368404e+01
      vertex   8.516454e+01 7.000000e+01 1.419924e+01
    endloop
  endfacet
  facet normal -3.663800e-01 0.000000e+00 9.304653e-01
    outer loop
      vertex   8.516454e+01 7.000000e+01 1.419924e+01
      vertex   8.385614e+01 4.666667e+01 1.368404e+01
      vertex   8.516454e+01 4.666667e+01 1.419924e+01
    endloop
  endfacet
  facet normal -2.776400e-01 0.000000e+00 9.606852e-01
    outer loop
      vertex   8.516454e+01 7.000000e+01 1.419924e+01
      vertex   8.516454e+01 4.666667e+01 1.419924e+01
      vertex   8.651542e+01 7.000000e+01 1.458964e+01
    endloop
  endfacet
  facet normal -2.776400e-01 0.000000e+00 9.606852e-01
    outer loop
      vertex   8.651542e+01 7.000000e+01 1.458964e+01
      vertex   8.516454e+01 4.666667e+01 1.419924e+01
      vertex   8.651542e+01 4.666667e+01 1.458964e+01
    endloop
  endfacet
  facet normal -1.864601e-01 0.000000e+00 9.824625e-01
    outer loop
      vertex   8.651542e+01 7.000000e+01 1.458964e+01
      vertex   8.651542e+01 4.666667e+01 1.458964e+01
      vertex   8.789693e+01 7.000000e+01 1.485184e+01
    endloop
  endfacet
  facet normal -1.864601e-01 0.000000e+00 9.824625e-01
    outer loop
      vertex   8.789693e+01 7.000000e+01 1.485184e+01
      vertex   8.651542e+01 4.666667e+01 1.458964e+01
      vertex   8.789693e+01 4.666667e+01 1.485184e+01
    endloop
  endfacet
  facet normal -9.364149e-02 0.000000e+00 9.956060e-01
    outer loop
      vertex   8.789693e+01 7.000000e+01 1.485184e+01
      vertex   8.789693e+01 4.666667e+01 1.485184e+01
      vertex   8.929692e+01 7.000000e+01 1.498351e+01
    endloop
  endfacet
  facet normal -9.364149e-02 0.000000e+00 9.956060e-01
    outer loop
      vertex   8.929692e+01 7.000000e+01 1.498351e+01
      vertex   8.789693e+01 4.666667e+01 1.485184e+01
      vertex   8.929692e+01 4.666667e+01 1.498351e+01
    endloop
  endfacet
  facet normal -0.000000e+00 0.000000e+00 1.000000e+00
    outer loop
      vertex   8.929692e+01 7.000000e+01 1.498351e+01
      vertex   8.929692e+01 4.666667e+01 1.498351e+01
      vertex   9.070308e+01 7.000000e+01 1.498351e+01
    endloop
  endfacet
  facet normal 0.000000e+00 0.000000e+00 1.000000e+00
    outer loop
      vertex   9.070308e+01 7.000000e+01 1.498351e+01
      vertex   8.929692e+01 4.666667e+01 1.498351e+01
      vertex   9.070308e+01 4.666667e+01 1.498351e+01
    endloop
  endfacet
  facet normal 9.364149e-02 0.000000e+00 9.956060e-01
    outer loop
      vertex   9.070308e+01 7.000000e+01 1.498351e+01
      vertex   9.070308e+01 4.666667e+01 1.498351e+01
      vertex   9.210307e+01 7.000000e+01 1.485184e+01
    endloop
  endfacet
  facet normal 9.364149e-02 0.000000e+00 9.956060e-01
    outer loop
      vertex   9.210307e+01 7.000000e+01 1.485184e+01
      vertex   9.070308e+01 4.666667e+01 1.498351e+01
      vertex   9.210307e+01 4.666667e+01 1.485184e+01
    endloop
  endfacet
  facet normal 1.864601e-01 0.000000e+00 9.824625e-01
    outer loop
      vertex   9.210307e+01 7.000000e+01 1.485184e+01
      vertex   9.210307e+01 4.666667e+01 1.485184e+01
      vertex   9.348458e+01 7.000000e+01 1.458964e+01
    endloop
  endfacet
  facet normal 1.864601e-01 0.000000e+00 9.824625e-01
    outer loop
      vertex   9.348458e+01 7.000000e+01 1.458964e+01
      vertex   9.210307e+01 4.666667e+01 1.485184e+01
      vertex   9.348458e+01 4.666667e+01 1.458964e+01
    endloop
  endfacet
  facet normal 2.776400e-01 0.000000e+00 9.606852e-01
    outer loop
      vertex   9.348458e+01 7.000000e+01 1.458964e+01
      vertex   9.348458e+01 4.666667e+01 1.458964e+01
      vertex   9.483546e+01 7.000000e+01 1.419924e+01
    endloop
  endfacet
  facet normal 2.776400e-01 0.000000e+00 9.606852e-01
    outer loop
      vertex   9.483546e+01 7.000000e+01 1.419924e+01
      vertex   9.348458e+01 4.666667e+01 1.458964e+01
      vertex   9.483546e+01 4.666667e+01 1.419924e+01
    endloop
  endfacet
  facet normal 3.663800e-01 0.000000e+00 9.304653e-01
    outer loop
      vertex   9.483546e+01 7.000000e+01 1.419924e+01
      vertex   9.483546e+01 4.666667e+01 1.419924e+01
      vertex   9.614386e+01 7.000000e+01 1.368404e+01
    endloop
  endfacet
  facet normal 3.663800e-01 0.000000e+00 9.304653e-01
    outer loop
      vertex   9.614386e+01 7.000000e+01 1.368404e+01
      vertex   9.483546e+01 4.666667e+01 1.419924e+01
      vertex   9.614386e+01 4.666667e+01 1.368404e+01
    endloop
  endfacet
  facet normal 4.519003e-01 0.000000e+00 8.920684e-01
    outer loop
      vertex   9.614386e+01 7.000000e+01 1.368404e+01
      vertex   9.614386e+01 4.666667e+01 1.368404e+01
      vertex   9.739825e+01 7.000000e+01 1.304860e+01
    endloop
  endfacet
  facet normal 4.519003e-01 -2.037384e-16 8.920684e-01
    outer loop
      vertex   9.739825e+01 7.000000e+01 1.304860e+01
      vertex   9.614386e+01 4.666667e+01 1.368404e+01
      vertex   9.739825e+01 4.666667e+01 1.304860e+01
    endloop
  endfacet
  facet normal 5.334493e-01 -1.931785e-16 8.458321e-01
    outer loop
      vertex   9.739825e+01 7.000000e+01 1.304860e+01
      vertex   9.739825e+01 4.666667e+01 1.304860e+01
      vertex   9.858764e+01 7.000000e+01 1.229848e+01
    endloop
  endfacet
  facet normal 5.334493e-01 0.000000e+00 8.458321e-01
    outer loop
      vertex   9.858764e+01 7.000000e+01 1.229848e+01
      vertex   9.739825e+01 4.666667e+01 1.304860e+01
      vertex   9.858764e+01 4.666667e+01 1.229848e+01
    endloop
  endfacet
  facet normal 6.103103e-01 0.000000e+00 7.921625e-01
    outer loop
      vertex   9.858764e+01 7.000000e+01 1.229848e+01
      vertex   9.858764e+01 4.666667e+01 1.229848e+01
      vertex   9.970155e+01 7.000000e+01 1.144028e+01
    endloop
  endfacet
  facet normal 6.103103e-01 0.000000e+00 7.921625e-01
    outer loop
      vertex   9.970155e+01 7.000000e+01 1.144028e+01
      vertex   9.858764e+01 4.666667e+01 1.229848e+01
      vertex   9.970155e+01 4.666667e+01 1.144028e+01
    endloop
  endfacet
  facet normal 6.818078e-01 0.000000e+00 7.315313e-01
    outer loop
      vertex   9.970155e+01 7.000000e+01 1.144028e+01
      vertex   9.970155e+01 4.666667e+01 1.144028e+01
      vertex   1.007302e+02 7.000000e+01 1.048154e+01
    endloop
  endfacet
  facet normal 6.818078e-01 -5.569117e-17 7.315313e-01
    outer loop
      vertex   1.007302e+02 7.000000e+01 1.048154e+01
      vertex   9.970155e+01 4.666667e+01 1.144028e+01
      vertex   1.007302e+02 4.666667e+01 1.048154e+01
    endloop
  endfacet
  facet normal 7.473136e-01 -5.058593e-17 6.644715e-01
    outer loop
      vertex   1.007302e+02 7.000000e+01 1.048154e+01
      vertex   1.007302e+02 4.666667e+01 1.048154e+01
      vertex   1.016646e+02 7.000000e+01 9.430693e+00
    endloop
  endfacet
  facet normal 7.473136e-01 -5.058593e-17 6.644715e-01
    outer loop
      vertex   1.016646e+02 7.000000e+01 9.430693e+00
      vertex   1.007302e+02 4.666667e+01 1.048154e+01
      vertex   1.016646e+02 4.666667e+01 9.430693e+00
    endloop
  endfacet
  facet normal 8.062520e-01 -4.503614e-17 5.915722e-01
    outer loop
      vertex   1.016646e+02 7.000000e+01 9.430693e+00
      vertex   1.016646e+02 4.666667e+01 9.430693e+00
      vertex   1.024964e+02 7.000000e+01 8.296967e+00
    endloop
  endfacet
  facet normal 8.062520e-01 -4.910370e-16 5.915722e-01
    outer loop
      vertex   1.024964e+02 7.000000e+01 8.296967e+00
      vertex   1.016646e+02 4.666667e+01 9.430693e+00
      vertex   1.024964e+02 4.666667e+01 8.296967e+00
    endloop
  endfacet
  facet normal 8.581050e-01 -5.226174e-16 5.134742e-01
    outer loop
      vertex   1.024964e+02 7.000000e+01 8.296967e+00
      vertex   1.024964e+02 4.666667e+01 8.296967e+00
      vertex   1.032184e+02 7.000000e+01 7.090328e+00
    endloop
  endfacet
  facet normal 8.581050e-01 0.000000e+00 5.134742e-01
    outer loop
      vertex   1.032184e+02 7.000000e+01 7.090328e+00
      vertex   1.024964e+02 4.666667e+01 8.296967e+00
      vertex   1.032184e+02 4.666667e+01 7.090328e+00
    endloop
  endfacet
  facet normal 9.024170e-01 0.000000e+00 4.308637e-01
    outer loop
      vertex   1.032184e+02 7.000000e+01 7.090328e+00
      vertex   1.032184e+02 4.666667e+01 7.090328e+00
      vertex   1.038243e+02 7.000000e+01 5.821378e+00
    endloop
  endfacet
  facet normal 9.024170e-01 -4.920221e-17 4.308637e-01
    outer loop
      vertex   1.038243e+02 7.000000e+01 5.821378e+00
      vertex   1.032184e+02 4.666667e+01 7.090328e+00
      vertex   1.038243e+02 4.666667e+01 5.821378e+00
    endloop
  endfacet
  facet normal 9.387985e-01 -3.933617e-17 3.444669e-01
    outer loop
      vertex   1.038243e+02 7.000000e+01 5.821378e+00
      vertex   1.038243e+02 4.666667e+01 5.821378e+00
      vertex   1.043087e+02 7.000000e+01 4.501270e+00
    endloop
  endfacet
  facet normal 9.387985e-01 5.244823e-17 3.444669e-01
    outer loop
      vertex   1.043087e+02 7.000000e+01 4.501270e+00
      vertex   1.038243e+02 4.666667e+01 5.821378e+00
      vertex   1.043087e+02 4.666667e+01 4.501270e+00
    endloop
  endfacet
  facet normal 9.669298e-01 3.883260e-17 2.550428e-01
    outer loop
      vertex   1.043087e+02 7.000000e+01 4.501270e+00
      vertex   1.043087e+02 4.666667e+01 4.501270e+00
      vertex   1.046673e+02 7.000000e+01 3.141604e+00
    endloop
  endfacet
  facet normal 9.669298e-01 0.000000e+00 2.550428e-01
    outer loop
      vertex   1.046673e+02 7.000000e+01 3.141604e+00
      vertex   1.043087e+02 4.666667e+01 4.501270e+00
      vertex   1.046673e+02 4.666667e+01 3.141604e+00
    endloop
  endfacet
  facet normal 9.865637e-01 0.000000e+00 1.633774e-01
    outer loop
      vertex   1.046673e+02 7.000000e+01 3.141604e+00
      vertex   1.046673e+02 4.666667e+01 3.141604e+00
      vertex   1.048971e+02 7.000000e+01 1.754330e+00
    endloop
  endfacet
  facet normal 9.865637e-01 0.000000e+00 1.633774e-01
    outer loop
      vertex   1.048971e+02 7.000000e+01 1.754330e+00
      vertex   1.046673e+02 4.666667e+01 3.141604e+00
      vertex   1.048971e+02 4.666667e+01 1.754330e+00
    endloop
  endfacet
  facet normal 9.975276e-01 0.000000e+00 7.027619e-02
    outer loop
      vertex   1.048971e+02 7.000000e+01 1.754330e+00
      vertex   1.048971e+02 4.666667e+01 1.754330e+00
      vertex   1.049959e+02 7.000000e+01 3.516386e-01
    endloop
  endfacet
  facet normal 9.975276e-01 0.000000e+00 7.027619e-02
    outer loop
      vertex   1.049959e+02 7.000000e+01 3.516386e-01
      vertex   1.048971e+02 4.666667e+01 1.754330e+00
      vertex   1.049959e+02 4.666667e+01 3.516386e-01
    endloop
  endfacet
  facet normal 9.997252e-01 0.000000e+00 -2.344257e-02
    outer loop
      vertex   1.049959e+02 7.000000e+01 3.516386e-01
      vertex   1.049959e+02 4.666667e+01 3.516386e-01
      vertex   1.049629e+02 7.000000e+01 -1.054143e+00
    endloop
  endfacet
  facet normal 9.997252e-01 -3.346262e-18 -2.344257e-02
    outer loop
      vertex   1.049629e+02 7.000000e+01 -1.054143e+00
      vertex   1.049959e+02 4.666667e+01 3.516386e-01
      vertex   1.049629e+02 4.666667e+01 -1.054143e+00
    endloop
  endfacet
  facet normal 9.931372e-01 -1.669455e-17 -1.169553e-01
    outer loop
      vertex   1.049629e+02 7.000000e+01 -1.054143e+00
      vertex   1.049629e+02 4.666667e+01 -1.054143e+00
      vertex   1.047985e+02 7.000000e+01 -2.450660e+00
    endloop
  endfacet
  facet normal 9.931372e-01 0.000000e+00 -1.169553e-01
    outer loop
      vertex   1.047985e+02 7.000000e+01 -2.450660e+00
      vertex   1.049629e+02 4.666667e+01 -1.054143e+00
      vertex   1.047985e+02 4.666667e+01 -2.450660e+00
    endloop
  endfacet
  facet normal 9.778214e-01 0.000000e+00 -2.094403e-01
    outer loop
      vertex   1.047985e+02 7.000000e+01 -2.450660e+00
      vertex   1.047985e+02 4.666667e+01 -2.450660e+00
      vertex   1.045039e+02 7.000000e+01 -3.825642e+00
    endloop
  endfacet
  facet normal 9.778214e-01 0.000000e+00 -2.094403e-01
    outer loop
      vertex   1.045039e+02 7.000000e+01 -3.825642e+00
      vertex   1.047985e+02 4.666667e+01 -2.450660e+00
      vertex   1.045039e+02 4.666667e+01 -3.825642e+00
    endloop
  endfacet
  facet normal 9.539126e-01 0.000000e+00 -3.000846e-01
    outer loop
      vertex   1.045039e+02 7.000000e+01 -3.825642e+00
      vertex   1.045039e+02 4.666667e+01 -3.825642e+00
      vertex   1.040820e+02 7.000000e+01 -5.167003e+00
    endloop
  endfacet
  facet normal 9.539126e-01 0.000000e+00 -3.000846e-01
    outer loop
      vertex   1.040820e+02 7.000000e+01 -5.167003e+00
      vertex   1.045039e+02 4.666667e+01 -3.825642e+00
      vertex   1.040820e+02 4.666667e+01 -5.167003e+00
    endloop
  endfacet
  facet normal 9.216207e-01 0.000000e+00 -3.880919e-01
    outer loop
      vertex   1.040820e+02 7.000000e+01 -5.167003e+00
      vertex   1.040820e+02 4.666667e+01 -5.167003e+00
      vertex   1.035363e+02 7.000000e+01 -6.462956e+00
    endloop
  endfacet
  facet normal 9.216207e-01 1.122602e-15 -3.880919e-01
    outer loop
      vertex   1.035363e+02 7.000000e+01 -6.462956e+00
      vertex   1.040820e+02 4.666667e+01 -5.167003e+00
      vertex   1.035363e+02 4.666667e+01 -6.462956e+00
    endloop
  endfacet
  facet normal 8.812296e-01 1.073402e-15 -4.726885e-01
    outer loop
      vertex   1.035363e+02 7.000000e+01 -6.462956e+00
      vertex   1.035363e+02 4.666667e+01 -6.462956e+00
      vertex   1.028716e+02 7.000000e+01 -7.702113e+00
    endloop
  endfacet
  facet normal 8.812296e-01 0.000000e+00 -4.726885e-01
    outer loop
      vertex   1.028716e+02 7.000000e+01 -7.702113e+00
      vertex   1.035363e+02 4.666667e+01 -6.462956e+00
      vertex   1.028716e+02 4.666667e+01 -7.702113e+00
    endloop
  endfacet
  facet normal 8.330942e-01 0.000000e+00 -5.531312e-01
    outer loop
      vertex   1.028716e+02 7.000000e+01 -7.702113e+00
      vertex   1.028716e+02 4.666667e+01 -7.702113e+00
      vertex   1.020938e+02 7.000000e+01 -8.873583e+00
    endloop
  endfacet
  facet normal 8.330942e-01 0.000000e+00 -5.531312e-01
    outer loop
      vertex   1.020938e+02 7.000000e+01 -8.873583e+00
      vertex   1.028716e+02 4.666667e+01 -7.702113e+00
      vertex   1.020938e+02 4.666667e+01 -8.873583e+00
    endloop
  endfacet
  facet normal 7.776375e-01 0.000000e+00 -6.287129e-01
    outer loop
      vertex   1.020938e+02 7.000000e+01 -8.873583e+00
      vertex   1.020938e+02 4.666667e+01 -8.873583e+00
      vertex   1.012097e+02 7.000000e+01 -9.967072e+00
    endloop
  endfacet
  facet normal 7.776375e-01 0.000000e+00 -6.287129e-01
    outer loop
      vertex   1.012097e+02 7.000000e+01 -9.967072e+00
      vertex   1.020938e+02 4.666667e+01 -8.873583e+00
      vertex   1.012097e+02 4.666667e+01 -9.967072e+00
    endloop
  endfacet
  facet normal 7.153470e-01 0.000000e+00 -6.987694e-01
    outer loop
      vertex   1.012097e+02 7.000000e+01 -9.967072e+00
      vertex   1.012097e+02 4.666667e+01 -9.967072e+00
      vertex   1.002271e+02 7.000000e+01 -1.097297e+01
    endloop
  endfacet
  facet normal 7.153470e-01 0.000000e+00 -6.987694e-01
    outer loop
      vertex   1.002271e+02 7.000000e+01 -1.097297e+01
      vertex   1.012097e+02 4.666667e+01 -9.967072e+00
      vertex   1.002271e+02 4.666667e+01 -1.097297e+01
    endloop
  endfacet
  facet normal 6.467699e-01 0.000000e+00 -7.626852e-01
    outer loop
      vertex   1.002271e+02 7.000000e+01 -1.097297e+01
      vertex   1.002271e+02 4.666667e+01 -1.097297e+01
      vertex   9.915465e+01 7.000000e+01 -1.188244e+01
    endloop
  endfacet
  facet normal 6.467699e-01 0.000000e+00 -7.626852e-01
    outer loop
      vertex   9.915465e+01 7.000000e+01 -1.188244e+01
      vertex   1.002271e+02 4.666667e+01 -1.097297e+01
      vertex   9.915465e+01 4.666667e+01 -1.188244e+01
    endloop
  endfacet
  facet normal 5.725090e-01 0.000000e+00 -8.198984e-01
    outer loop
      vertex   9.915465e+01 7.000000e+01 -1.188244e+01
      vertex   9.915465e+01 4.666667e+01 -1.188244e+01
      vertex   9.800174e+01 7.000000e+01 -1.268748e+01
    endloop
  endfacet
  facet normal 5.725090e-01 6.241852e-17 -8.198984e-01
    outer loop
      vertex   9.800174e+01 7.000000e+01 -1.268748e+01
      vertex   9.915465e+01 4.666667e+01 -1.188244e+01
      vertex   9.800174e+01 4.666667e+01 -1.268748e+01
    endloop
  endfacet
  facet normal 4.932169e-01 6.622561e-17 -8.699064e-01
    outer loop
      vertex   9.800174e+01 7.000000e+01 -1.268748e+01
      vertex   9.800174e+01 4.666667e+01 -1.268748e+01
      vertex   9.677850e+01 7.000000e+01 -1.338103e+01
    endloop
  endfacet
  facet normal 4.932169e-01 0.000000e+00 -8.699064e-01
    outer loop
      vertex   9.677850e+01 7.000000e+01 -1.338103e+01
      vertex   9.800174e+01 4.666667e+01 -1.268748e+01
      vertex   9.677850e+01 4.666667e+01 -1.338103e+01
    endloop
  endfacet
  facet normal 4.095904e-01 0.000000e+00 -9.122696e-01
    outer loop
      vertex   9.677850e+01 7.000000e+01 -1.338103e+01
      vertex   9.677850e+01 4.666667e+01 -1.338103e+01
      vertex   9.549570e+01 7.000000e+01 -1.395698e+01
    endloop
  endfacet
  facet normal 4.095904e-01 1.389014e-16 -9.122696e-01
    outer loop
      vertex   9.549570e+01 7.000000e+01 -1.395698e+01
      vertex   9.677850e+01 4.666667e+01 -1.338103e+01
      vertex   9.549570e+01 4.666667e+01 -1.395698e+01
    endloop
  endfacet
  facet normal 3.223643e-01 1.441309e-16 -9.466157e-01
    outer loop
      vertex   9.549570e+01 7.000000e+01 -1.395698e+01
      vertex   9.549570e+01 4.666667e+01 -1.395698e+01
      vertex   9.416460e+01 7.000000e+01 -1.441028e+01
    endloop
  endfacet
  facet normal 3.223643e-01 0.000000e+00 -9.466157e-01
    outer loop
      vertex   9.416460e+01 7.000000e+01 -1.441028e+01
      vertex   9.549570e+01 4.666667e+01 -1.395698e+01
      vertex   9.416460e+01 4.666667e+01 -1.441028e+01
    endloop
  endfacet
  facet normal 2.323054e-01 0.000000e+00 -9.726429e-01
    outer loop
      vertex   9.416460e+01 7.000000e+01 -1.441028e+01
      vertex   9.416460e+01 4.666667e+01 -1.441028e+01
      vertex   9.279690e+01 7.000000e+01 -1.473694e+01
    endloop
  endfacet
  facet normal 2.323054e-01 0.000000e+00 -9.726429e-01
    outer loop
      vertex   9.279690e+01 7.000000e+01 -1.473694e+01
      vertex   9.416460e+01 4.666667e+01 -1.441028e+01
      vertex   9.279690e+01 4.666667e+01 -1.473694e+01
    endloop
  endfacet
  facet normal 1.402049e-01 0.000000e+00 -9.901225e-01
    outer loop
      vertex   9.279690e+01 7.000000e+01 -1.473694e+01
      vertex   9.279690e+01 4.666667e+01 -1.473694e+01
      vertex   9.140462e+01 7.000000e+01 -1.493409e+01
    endloop
  endfacet
  facet normal 1.402049e-01 0.000000e+00 -9.901225e-01
    outer loop
      vertex   9.140462e+01 7.000000e+01 -1.493409e+01
      vertex   9.279690e+01 4.666667e+01 -1.473694e+01
      vertex   9.140462e+01 4.666667e+01 -1.493409e+01
    endloop
  endfacet
  facet normal -4.687226e-02 7.604590e-17 -9.989009e-01
    outer loop
      vertex   8.859538e+01 0.000000e+00 -1.493409e+01
      vertex   8.859538e+01 2.333333e+01 -1.493409e+01
      vertex   9.000000e+01 0.000000e+00 -1.500000e+01
    endloop
  endfacet
  facet normal -4.687226e-02 0.000000e+00 -9.989009e-01
    outer loop
      vertex   9.000000e+01 0.000000e+00 -1.500000e+01
      vertex   8.859538e+01 2.333333e+01 -1.493409e+01
      vertex   9.000000e+01 2.333333e+01 -1.500000e+01
    endloop
  endfacet
  facet normal 4.687226e-02 0.000000e+00 -9.989009e-01
    outer loop
      vertex   9.000000e+01 0.000000e+00 -1.500000e+01
      vertex   9.000000e+01 2.333333e+01 -1.500000e+01
      vertex   9.140462e+01 0.000000e+00 -1.493409e+01
    endloop
  endfacet
  facet normal 4.687226e-02 0.000000e+00 -9.989009e-01
    outer loop
      vertex   9.140462e+01 0.000000e+00 -1.493409e+01
      vertex   9.000000e+01 2.333333e+01 -1.500000e+01
      vertex   9.140462e+01 2.333333e+01 -1.493409e+01
    endloop
  endfacet
  facet normal 1.402049e-01 0.000000e+00 -9.901225e-01
    outer loop
      vertex   9.140462e+01 0.000000e+00 -1.493409e+01
      vertex   9.140462e+01 2.333333e+01 -1.493409e+01
      vertex   9.279690e+01 0.000000e+00 -1.473694e+01
    endloop
  endfacet
  facet normal 1.402049e-01 0.000000e+00 -9.901225e-01
    outer loop
      vertex   9.279690e+01 0.000000e+00 -1.473694e+01
      vertex   9.140462e+01 2.333333e+01 -1.493409e+01
      vertex   9.279690e+01 2.333333e+01 -1.473694e+01
    endloop
  endfacet
  facet normal 2.323054e-01 0.000000e+00 -9.726429e-01
    outer loop
      vertex   9.279690e+01 0.000000e+00 -1.473694e+01
      vertex   9.279690e+01 2.333333e+01 -1.473694e+01
      vertex   9.416460e+01 0.000000e+00 -1.441028e+01
    endloop
  endfacet
  facet normal 2.323054e-01 0.000000e+00 -9.726429e-01
    outer loop
      vertex   9.416460e+01 0.000000e+00 -1.441028e+01
      vertex   9.279690e+01 2.333333e+01 -1.473694e+01
      vertex   9.416460e+01 2.333333e+01 -1.441028e+01
    endloop
  endfacet
  facet normal 3.223643e-01 0.000000e+00 -9.466157e-01
    outer loop
      vertex   9.416460e+01 0.000000e+00 -1.441028e+01
      vertex   9.416460e+01 2.333333e+01 -1.441028e+01
      vertex   9.549570e+01 0.000000e+00 -1.395698e+01
    endloop
  endfacet
  facet normal 3.223643e-01 -1.441309e-16 -9.466157e-01
    outer loop
      vertex   9.549570e+01 0.000000e+00 -1.395698e+01
      vertex   9.416460e+01 2.333333e+01 -1.441028e+01
      vertex   9.549570e+01 2.333333e+01 -1.395698e+01
    endloop
  endfacet
  facet normal 4.095904e-01 -1.389014e-16 -9.122696e-01
    outer loop
      vertex   9.549570e+01 0.000000e+00 -1.395698e+01
      vertex   9.549570e+01 2.333333e+01 -1.395698e+01
      vertex   9.677850e+01 0.000000e+00 -1.338103e+01
    endloop
  endfacet
  facet normal 4.095904e-01 0.000000e+00 -9.122696e-01
    outer loop
      vertex   9.677850e+01 0.000000e+00 -1.338103e+01
      vertex   9.549570e+01 2.333333e+01 -1.395698e+01
      vertex   9.677850e+01 2.333333e+01 -1.338103e+01
    endloop
  endfacet
  facet normal 4.932169e-01 0.000000e+00 -8.699064e-01
    outer loop
      vertex   9.677850e+01 0.000000e+00 -1.338103e+01
      vertex   9.677850e+01 2.333333e+01 -1.338103e+01
      vertex   9.800174e+01 0.000000e+00 -1.268748e+01
    endloop
  endfacet
  facet normal 4.932169e-01 -6.622561e-17 -8.699064e-01
    outer loop
      vertex   9.800174e+01 0.000000e+00 -1.268748e+01
      vertex   9.677850e+01 2.333333e+01 -1.338103e+01
      vertex   9.800174e+01 2.333333e+01 -1.268748e+01
    endloop
  endfacet
  facet normal 5.725090e-01 -6.241852e-17 -8.198984e-01
    outer loop
      vertex   9.800174e+01 0.000000e+00 -1.268748e+01
      vertex   9.800174e+01 2.333333e+01 -1.268748e+01
      vertex   9.915465e+01 0.000000e+00 -1.188244e+01
    endloop
  endfacet
  facet normal 5.725090e-01 0.000000e+00 -8.198984e-01
    outer loop
      vertex   9.915465e+01 0.000000e+00 -1.188244e+01
      vertex   9.800174e+01 2.333333e+01 -1.268748e+01
      vertex   9.915465e+01 2.333333e+01 -1.188244e+01
    endloop
  endfacet
  facet normal 6.467699e-01 0.000000e+00 -7.626852e-01
    outer loop
      vertex   9.915465e+01 0.000000e+00 -1.188244e+01
      vertex   9.915465e+01 2.333333e+01 -1.188244e+01
      vertex   1.002271e+02 0.000000e+00 -1.097297e+01
    endloop
  endfacet
  facet normal 6.467699e-01 0.000000e+00 -7.626852e-01
    outer loop
      vertex   1.002271e+02 0.000000e+00 -1.097297e+01
      vertex   9.915465e+01 2.333333e+01 -1.188244e+01
      vertex   1.002271e+02 2.333333e+01 -1.097297e+01
    endloop
  endfacet
  facet normal 7.153470e-01 0.000000e+00 -6.987694e-01
    outer loop
      vertex   1.002271e+02 0.000000e+00 -1.097297e+01
      vertex   1.002271e+02 2.333333e+01 -1.097297e+01
      vertex   1.012097e+02 0.000000e+00 -9.967072e+00
    endloop
  endfacet
  facet normal 7.153470e-01 0.000000e+00 -6.987694e-01
    outer loop
      vertex   1.012097e+02 0.000000e+00 -9.967072e+00
      vertex   1.002271e+02 2.333333e+01 -1.097297e+01
      vertex   1.012097e+02 2.333333e+01 -9.967072e+00
    endloop
  endfacet
  facet normal 7.776375e-01 0.000000e+00 -6.287129e-01
    outer loop
      vertex   1.012097e+02 0.000000e+00 -9.967072e+00
      vertex   1.012097e+02 2.333333e+01 -9.967072e+00
      vertex   1.020938e+02 0.000000e+00 -8.873583e+00
    endloop
  endfacet
  facet normal 7.776375e-01 0.000000e+00 -6.287129e-01
    outer loop
      vertex   1.020938e+02 0.000000e+00 -8.873583e+00
      vertex   1.012097e+02 2.333333e+01 -9.967072e+00
      vertex   1.020938e+02 2.333333e+01 -8.873583e+00
    endloop
  endfacet
  facet normal 8.330942e-01 0.000000e+00 -5.531312e-01
    outer loop
      vertex   1.020938e+02 0.000000e+00 -8.873583e+00
      vertex   1.020938e+02 2.333333e+01 -8.873583e+00
      vertex   1.028716e+02 0.000000e+00 -7.702113e+00
    endloop
  endfacet
  facet normal 8.330942e-01 0.000000e+00 -5.531312e-01
    outer loop
      vertex   1.028716e+02 0.000000e+00 -7.702113e+00
      vertex   1.020938e+02 2.333333e+01 -8.873583e+00
      vertex   1.028716e+02 2.333333e+01 -7.702113e+00
    endloop
  endfacet
  facet normal 8.812296e-01 0.000000e+00 -4.726885e-01
    outer loop
      vertex   1.028716e+02 0.000000e+00 -7.702113e+00
      vertex   1.028716e+02 2.333333e+01 -7.702113e+00
      vertex   1.035363e+02 0.000000e+00 -6.462956e+00
    endloop
  endfacet
  facet normal 8.812296e-01 -1.259495e-16 -4.726885e-01
    outer loop
      vertex   1.035363e+02 0.000000e+00 -6.462956e+00
      vertex   1.028716e+02 2.333333e+01 -7.702113e+00
      vertex   1.035363e+02 2.333333e+01 -6.462956e+00
    endloop
  endfacet
  facet normal 9.216207e-01 -1.034084e-16 -3.880919e-01
    outer loop
      vertex   1.035363e+02 0.000000e+00 -6.462956e+00
      vertex   1.035363e+02 2.333333e+01 -6.462956e+00
      vertex   1.040820e+02 0.000000e+00 -5.167003e+00
    endloop
  endfacet
  facet normal 9.216207e-01 -5.909054e-17 -3.880919e-01
    outer loop
      vertex   1.040820e+02 0.000000e+00 -5.167003e+00
      vertex   1.035363e+02 2.333333e+01 -6.462956e+00
      vertex   1.040820e+02 2.333333e+01 -5.167003e+00
    endloop
  endfacet
  facet normal 9.539126e-01 -4.569063e-17 -3.000846e-01
    outer loop
      vertex   1.040820e+02 0.000000e+00 -5.167003e+00
      vertex   1.040820e+02 2.333333e+01 -5.167003e+00
      vertex   1.045039e+02 0.000000e+00 -3.825642e+00
    endloop
  endfacet
  facet normal 9.539126e-01 0.000000e+00 -3.000846e-01
    outer loop
      vertex   1.045039e+02 0.000000e+00 -3.825642e+00
      vertex   1.040820e+02 2.333333e+01 -5.167003e+00
      vertex   1.045039e+02 2.333333e+01 -3.825642e+00
    endloop
  endfacet
  facet normal 9.778214e-01 0.000000e+00 -2.094403e-01
    outer loop
      vertex   1.045039e+02 0.000000e+00 -3.825642e+00
      vertex   1.045039e+02 2.333333e+01 -3.825642e+00
      vertex   1.047985e+02 0.000000e+00 -2.450660e+00
    endloop
  endfacet
  facet normal 9.778214e-01 3.188920e-17 -2.094403e-01
    outer loop
      vertex   1.047985e+02 0.000000e+00 -2.450660e+00
      vertex   1.045039e+02 2.333333e+01 -3.825642e+00
      vertex   1.047985e+02 2.333333e+01 -2.450660e+00
    endloop
  endfacet
  facet normal 9.931372e-01 1.780752e-17 -1.169553e-01
    outer loop
      vertex   1.047985e+02 0.000000e+00 -2.450660e+00
      vertex   1.047985e+02 2.333333e+01 -2.450660e+00
      vertex   1.049629e+02 0.000000e+00 -1.054143e+00
    endloop
  endfacet
  facet normal 9.931372e-01 0.000000e+00 -1.169553e-01
    outer loop
      vertex   1.049629e+02 0.000000e+00 -1.054143e+00
      vertex   1.047985e+02 2.333333e+01 -2.450660e+00
      vertex   1.049629e+02 2.333333e+01 -1.054143e+00
    endloop
  endfacet
  facet normal 9.997252e-01 0.000000e+00 -2.344257e-02
    outer loop
      vertex   1.049629e+02 0.000000e+00 -1.054143e+00
      vertex   1.049629e+02 2.333333e+01 -1.054143e+00
      vertex   1.049959e+02 0.000000e+00 3.516386e-01
    endloop
  endfacet
  facet normal 9.997252e-01 -3.346262e-18 -2.344257e-02
    outer loop
      vertex   1.049959e+02 0.000000e+00 3.516386e-01
      vertex   1.049629e+02 2.333333e+01 -1.054143e+00
      vertex   1.049959e+02 2.333333e+01 3.516386e-01
    endloop
  endfacet
  facet normal 9.975276e-01 1.003143e-17 7.027619e-02
    outer loop
      vertex   1.049959e+02 0.000000e+00 3.516386e-01
      vertex   1.049959e+02 2.333333e+01 3.516386e-01
      vertex   1.048971e+02 0.000000e+00 1.754330e+00
    endloop
  endfacet
  facet normal 9.975276e-01 -0.000000e+00 7.027619e-02
    outer loop
      vertex   1.048971e+02 0.000000e+00 1.754330e+00
      vertex   1.049959e+02 2.333333e+01 3.516386e-01
      vertex   1.048971e+02 2.333333e+01 1.754330e+00
    endloop
  endfacet
  facet normal 9.865637e-01 -0.000000e+00 1.633774e-01
    outer loop
      vertex   1.048971e+02 0.000000e+00 1.754330e+00
      vertex   1.048971e+02 2.333333e+01 1.754330e+00
      vertex   1.046673e+02 0.000000e+00 3.141604e+00
    endloop
  endfacet
  facet normal 9.865637e-01 -2.487570e-17 1.633774e-01
    outer loop
      vertex   1.046673e+02 0.000000e+00 3.141604e+00
      vertex   1.048971e+02 2.333333e+01 1.754330e+00
      vertex   1.046673e+02 2.333333e+01 3.141604e+00
    endloop
  endfacet
  facet normal 9.669298e-01 -3.883260e-17 2.550428e-01
    outer loop
      vertex   1.046673e+02 0.000000e+00 3.141604e+00
      vertex   1.046673e+02 2.333333e+01 3.141604e+00
      vertex   1.043087e+02 0.000000e+00 4.501270e+00
    endloop
  endfacet
  facet normal 9.669298e-01 -0.000000e+00 2.550428e-01
    outer loop
      vertex   1.043087e+02 0.000000e+00 4.501270e+00
      vertex   1.046673e+02 2.333333e+01 3.141604e+00
      vertex   1.043087e+02 2.333333e+01 4.501270e+00
    endloop
  endfacet
  facet normal 9.387985e-01 -0.000000e+00 3.444669e-01
    outer loop
      vertex   1.043087e+02 0.000000e+00 4.501270e+00
      vertex   1.043087e+02 2.333333e+01 4.501270e+00
      vertex   1.038243e+02 0.000000e+00 5.821378e+00
    endloop
  endfacet
  facet normal 9.387985e-01 3.933617e-17 3.444669e-01
    outer loop
      vertex   1.038243e+02 0.000000e+00 5.821378e+00
      vertex   1.043087e+02 2.333333e+01 4.501270e+00
      vertex   1.038243e+02 2.333333e+01 5.821378e+00
    endloop
  endfacet
  facet normal 9.024170e-01 4.920221e-17 4.308637e-01
    outer loop
      vertex   1.038243e+02 0.000000e+00 5.821378e+00
      vertex   1.038243e+02 2.333333e+01 5.821378e+00
      vertex   1.032184e+02 0.000000e+00 7.090328e+00
    endloop
  endfacet
  facet normal 9.024170e-01 -0.000000e+00 4.308637e-01
    outer loop
      vertex   1.032184e+02 0.000000e+00 7.090328e+00
      vertex   1.038243e+02 2.333333e+01 5.821378e+00
      vertex   1.032184e+02 2.333333e+01 7.090328e+00
    endloop
  endfacet
  facet normal 8.581050e-01 -0.000000e+00 5.134742e-01
    outer loop
      vertex   1.032184e+02 0.000000e+00 7.090328e+00
      vertex   1.032184e+02 2.333333e+01 7.090328e+00
      vertex   1.024964e+02 0.000000e+00 8.296967e+00
    endloop
  endfacet
  facet normal 8.581050e-01 7.818115e-17 5.134742e-01
    outer loop
      vertex   1.024964e+02 0.000000e+00 8.296967e+00
      vertex   1.032184e+02 2.333333e+01 7.090328e+00
      vertex   1.024964e+02 2.333333e+01 8.296967e+00
    endloop
  endfacet
  facet normal 8.062520e-01 9.007229e-17 5.915722e-01
    outer loop
      vertex   1.024964e+02 0.000000e+00 8.296967e+00
      vertex   1.024964e+02 2.333333e+01 8.296967e+00
      vertex   1.016646e+02 0.000000e+00 9.430693e+00
    endloop
  endfacet
  facet normal 8.062520e-01 4.503614e-17 5.915722e-01
    outer loop
      vertex   1.016646e+02 0.000000e+00 9.430693e+00
      vertex   1.024964e+02 2.333333e+01 8.296967e+00
      vertex   1.016646e+02 2.333333e+01 9.430693e+00
    endloop
  endfacet
  facet normal 7.473136e-01 5.058593e-17 6.644715e-01
    outer loop
      vertex   1.016646e+02 0.000000e+00 9.430693e+00
      vertex   1.016646e+02 2.333333e+01 9.430693e+00
      vertex   1.007302e+02 0.000000e+00 1.048154e+01
    endloop
  endfacet
  facet normal 7.473136e-01 5.058593e-17 6.644715e-01
    outer loop
      vertex   1.007302e+02 0.000000e+00 1.048154e+01
      vertex   1.016646e+02 2.333333e+01 9.430693e+00
      vertex   1.007302e+02 2.333333e+01 1.048154e+01
    endloop
  endfacet
  facet normal 6.818078e-01 5.569117e-17 7.315313e-01
    outer loop
      vertex   1.007302e+02 0.000000e+00 1.048154e+01
      vertex   1.007302e+02 2.333333e+01 1.048154e+01
      vertex   9.970155e+01 0.000000e+00 1.144028e+01
    endloop
  endfacet
  facet normal 6.818078e-01 -0.000000e+00 7.315313e-01
    outer loop
      vertex   9.970155e+01 0.000000e+00 1.144028e+01
      vertex   1.007302e+02 2.333333e+01 1.048154e+01
      vertex   9.970155e+01 2.333333e+01 1.144028e+01
    endloop
  endfacet
  facet normal 6.103103e-01 -0.000000e+00 7.921625e-01
    outer loop
      vertex   9.970155e+01 0.000000e+00 1.144028e+01
      vertex   9.970155e+01 2.333333e+01 1.144028e+01
      vertex   9.858764e+01 0.000000e+00 1.229848e+01
    endloop
  endfacet
  facet normal 6.103103e-01 1.206140e-16 7.921625e-01
    outer loop
      vertex   9.858764e+01 0.000000e+00 1.229848e+01
      vertex   9.970155e+01 2.333333e+01 1.144028e+01
      vertex   9.858764e+01 2.333333e+01 1.229848e+01
    endloop
  endfacet
  facet normal 5.334493e-01 1.287857e-16 8.458321e-01
    outer loop
      vertex   9.858764e+01 0.000000e+00 1.229848e+01
      vertex   9.858764e+01 2.333333e+01 1.229848e+01
      vertex   9.739825e+01 0.000000e+00 1.304860e+01
    endloop
  endfacet
  facet normal 5.334493e-01 1.931785e-16 8.458321e-01
    outer loop
      vertex   9.739825e+01 0.000000e+00 1.304860e+01
      vertex   9.858764e+01 2.333333e+01 1.229848e+01
      vertex   9.739825e+01 2.333333e+01 1.304860e+01
    endloop
  endfacet
  facet normal 4.519003e-01 2.037384e-16 8.920684e-01
    outer loop
      vertex   9.739825e+01 0.000000e+00 1.304860e+01
      vertex   9.739825e+01 2.333333e+01 1.304860e+01
      vertex   9.614386e+01 0.000000e+00 1.368404e+01
    endloop
  endfacet
  facet normal 4.519003e-01 6.791279e-17 8.920684e-01
    outer loop
      vertex   9.614386e+01 0.000000e+00 1.368404e+01
      vertex   9.739825e+01 2.333333e+01 1.304860e+01
      vertex   9.614386e+01 2.333333e+01 1.368404e+01
    endloop
  endfacet
  facet normal 3.663800e-01 7.083593e-17 9.304653e-01
    outer loop
      vertex   9.614386e+01 0.000000e+00 1.368404e+01
      vertex   9.614386e+01 2.333333e+01 1.368404e+01
      vertex   9.483546e+01 0.000000e+00 1.419924e+01
    endloop
  endfacet
  facet normal 3.663800e-01 -0.000000e+00 9.304653e-01
    outer loop
      vertex   9.483546e+01 0.000000e+00 1.419924e+01
      vertex   9.614386e+01 2.333333e+01 1.368404e+01
      vertex   9.483546e+01 2.333333e+01 1.419924e+01
    endloop
  endfacet
  facet normal 2.776400e-01 -0.000000e+00 9.606852e-01
    outer loop
      vertex   9.483546e+01 0.000000e+00 1.419924e+01
      vertex   9.483546e+01 2.333333e+01 1.419924e+01
      vertex   9.348458e+01 0.000000e+00 1.458964e+01
    endloop
  endfacet
  facet normal 2.776400e-01 -0.000000e+00 9.606852e-01
    outer loop
      vertex   9.348458e+01 0.000000e+00 1.458964e+01
      vertex   9.483546e+01 2.333333e+01 1.419924e+01
      vertex   9.348458e+01 2.333333e+01 1.458964e+01
    endloop
  endfacet
  facet normal 1.864601e-01 -0.000000e+00 9.824625e-01
    outer loop
      vertex   9.348458e+01 0.000000e+00 1.458964e+01
      vertex   9.348458e+01 2.333333e+01 1.458964e+01
      vertex   9.210307e+01 0.000000e+00 1.485184e+01
    endloop
  endfacet
  facet normal 1.864601e-01 -0.000000e+00 9.824625e-01
    outer loop
      vertex   9.210307e+01 0.000000e+00 1.485184e+01
      vertex   9.348458e+01 2.333333e+01 1.458964e+01
      vertex   9.210307e+01 2.333333e+01 1.485184e+01
    endloop
  endfacet
  facet normal 9.364149e-02 -0.000000e+00 9.956060e-01
    outer loop
      vertex   9.210307e+01 0.000000e+00 1.485184e+01
      vertex   9.210307e+01 2.333333e+01 1.485184e+01
      vertex   9.070308e+01 0.000000e+00 1.498351e+01
    endloop
  endfacet
  facet normal 9.364149e-02 -0.000000e+00 9.956060e-01
    outer loop
      vertex   9.070308e+01 0.000000e+00 1.498351e+01
      vertex   9.210307e+01 2.333333e+01 1.485184e+01
      vertex   9.070308e+01 2.333333e+01 1.498351e+01
    endloop
  endfacet
  facet normal 0.000000e+00 -0.000000e+00 1.000000e+00
    outer loop
      vertex   9.070308e+01 0.000000e+00 1.498351e+01
      vertex   9.070308e+01 2.333333e+01 1.498351e+01
      vertex   8.929692e+01 0.000000e+00 1.498351e+01
    endloop
  endfacet
  facet normal 0.000000e+00 0.000000e+00 1.000000e+00
    outer loop
      vertex   8.929692e+01 0.000000e+00 1.498351e+01
      vertex   9.070308e+01 2.333333e+01 1.498351e+01
      vertex   8.929692e+01 2.333333e+01 1.498351e+01
    endloop
  endfacet
  facet normal -9.364149e-02 0.000000e+00 9.956060e-01
    outer loop
      vertex   8.929692e+01 0.000000e+00 1.498351e+01
      vertex   8.929692e+01 2.333333e+01 1.498351e+01
      vertex   8.789693e+01 0.000000e+00 1.485184e+01
    endloop
  endfacet
  facet normal -9.364149e-02 0.000000e+00 9.956060e-01
    outer loop
      vertex   8.789693e+01 0.000000e+00 1.485184e+01
      vertex   8.929692e+01 2.333333e+01 1.498351e+01
      vertex   8.789693e+01 2.333333e+01 1.485184e+01
    endloop
  endfacet
  facet normal -1.864601e-01 0.000000e+00 9.824625e-01
    outer loop
      vertex   8.789693e+01 0.000000e+00 1.485184e+01
      vertex   8.789693e+01 2.333333e+01 1.485184e+01
      vertex   8.651542e+01 0.000000e+00 1.458964e+01
    endloop
  endfacet
  facet normal -1.864601e-01 -7.479446e-17 9.824625e-01
    outer loop
      vertex   8.651542e+01 0.000000e+00 1.458964e+01
      vertex   8.789693e+01 2.333333e+01 1.485184e+01
      vertex   8.651542e+01 2.333333e+01 1.458964e+01
    endloop
  endfacet
  facet normal -2.776400e-01 -7.313656e-17 9.606852e-01
    outer loop
      vertex   8.651542e+01 0.000000e+00 1.458964e+01
      vertex   8.651542e+01 2.333333e+01 1.458964e+01
      vertex   8.516454e+01 0.000000e+00 1.419924e+01
    endloop
  endfacet
  facet normal -2.776400e-01 0.000000e+00 9.606852e-01
    outer loop
      vertex   8.516454e+01 0.000000e+00 1.419924e+01
      vertex   8.651542e+01 2.333333e+01 1.458964e+01
      vertex   8.516454e+01 2.333333e+01 1.419924e+01
    endloop
  endfacet
  facet normal -3.663800e-01 0.000000e+00 9.304653e-01
    outer loop
      vertex   8.516454e+01 0.000000e+00 1.419924e+01
      vertex   8.516454e+01 2.333333e+01 1.419924e+01
      vertex   8.385614e+01 0.000000e+00 1.368404e+01
    endloop
  endfacet
  facet normal -3.663800e-01 -7.083593e-17 9.304653e-01
    outer loop
      vertex   8.385614e+01 0.000000e+00 1.368404e+01
      vertex   8.516454e+01 2.333333e+01 1.419924e+01
      vertex   8.385614e+01 2.333333e+01 1.368404e+01
    endloop
  endfacet
  facet normal -4.519003e-01 -6.791279e-17 8.920684e-01
    outer loop
      vertex   8.385614e+01 0.000000e+00 1.368404e+01
      vertex   8.385614e+01 2.333333e+01 1.368404e+01
      vertex   8.260175e+01 0.000000e+00 1.304860e+01
    endloop
  endfacet
  facet normal -4.519003e-01 6.791279e-17 8.920684e-01
    outer loop
      vertex   8.260175e+01 0.000000e+00 1.304860e+01
      vertex   8.385614e+01 2.333333e+01 1.368404e+01
      vertex   8.260175e+01 2.333333e+01 1.304860e+01
    endloop
  endfacet
  facet normal -5.334493e-01 6.439284e-17 8.458321e-01
    outer loop
      vertex   8.260175e+01 0.000000e+00 1.304860e+01
      vertex   8.260175e+01 2.333333e+01 1.304860e+01
      vertex   8.141236e+01 0.000000e+00 1.229848e+01
    endloop
  endfacet
  facet normal -5.334493e-01 -1.287857e-16 8.458321e-01
    outer loop
      vertex   8.141236e+01 0.000000e+00 1.229848e+01
      vertex   8.260175e+01 2.333333e+01 1.304860e+01
      vertex   8.141236e+01 2.333333e+01 1.229848e+01
    endloop
  endfacet
  facet normal -6.103103e-01 -1.206140e-16 7.921625e-01
    outer loop
      vertex   8.141236e+01 0.000000e+00 1.229848e+01
      vertex   8.141236e+01 2.333333e+01 1.229848e+01
      vertex   8.029845e+01 0.000000e+00 1.144028e+01
    endloop
  endfacet
  facet normal -6.103103e-01 -1.206140e-16 7.921625e-01
    outer loop
      vertex   8.029845e+01 0.000000e+00 1.144028e+01
      vertex   8.141236e+01 2.333333e+01 1.229848e+01
      vertex   8.029845e+01 2.333333e+01 1.144028e+01
    endloop
  endfacet
  facet normal -6.818078e-01 -1.113823e-16 7.315313e-01
    outer loop
      vertex   8.029845e+01 0.000000e+00 1.144028e+01
      vertex   8.029845e+01 2.333333e+01 1.144028e+01
      vertex   7.926980e+01 0.000000e+00 1.048154e+01
    endloop
  endfacet
  facet normal -6.818078e-01 -5.569117e-17 7.315313e-01
    outer loop
      vertex   7.926980e+01 0.000000e+00 1.048154e+01
      vertex   8.029845e+01 2.333333e+01 1.144028e+01
      vertex   7.926980e+01 2.333333e+01 1.048154e+01
    endloop
  endfacet
  facet normal -7.473136e-01 -5.058593e-17 6.644715e-01
    outer loop
      vertex   7.926980e+01 0.000000e+00 1.048154e+01
      vertex   7.926980e+01 2.333333e+01 1.048154e+01
      vertex   7.833544e+01 0.000000e+00 9.430693e+00
    endloop
  endfacet
  facet normal -7.473136e-01 -1.011719e-16 6.644715e-01
    outer loop
      vertex   7.833544e+01 0.000000e+00 9.430693e+00
      vertex   7.926980e+01 2.333333e+01 1.048154e+01
      vertex   7.833544e+01 2.333333e+01 9.430693e+00
    endloop
  endfacet
  facet normal -8.062520e-01 -9.007229e-17 5.915722e-01
    outer loop
      vertex   7.833544e+01 0.000000e+00 9.430693e+00
      vertex   7.833544e+01 2.333333e+01 9.430693e+00
      vertex   7.750359e+01 0.000000e+00 8.296967e+00
    endloop
  endfacet
  facet normal -8.062520e-01 -9.007229e-17 5.915722e-01
    outer loop
      vertex   7.750359e+01 0.000000e+00 8.296967e+00
      vertex   7.833544e+01 2.333333e+01 9.430693e+00
      vertex   7.750359e+01 2.333333e+01 8.296967e+00
    endloop
  endfacet
  facet normal -8.581050e-01 -7.818115e-17 5.134742e-01
    outer loop
      vertex   7.750359e+01 0.000000e+00 8.296967e+00
      vertex   7.750359e+01 2.333333e+01 8.296967e+00
      vertex   7.678156e+01 0.000000e+00 7.090328e+00
    endloop
  endfacet
  facet normal -8.581050e-01 -5.863586e-17 5.134742e-01
    outer loop
      vertex   7.678156e+01 0.000000e+00 7.090328e+00
      vertex   7.750359e+01 2.333333e+01 8.296967e+00
      vertex   7.678156e+01 2.333333e+01 7.090328e+00
    endloop
  endfacet
  facet normal -9.024170e-01 -4.920221e-17 4.308637e-01
    outer loop
      vertex   7.678156e+01 0.000000e+00 7.090328e+00
      vertex   7.678156e+01 2.333333e+01 7.090328e+00
      vertex   7.617569e+01 0.000000e+00 5.821378e+00
    endloop
  endfacet
  facet normal -9.024170e-01 0.000000e+00 4.308637e-01
    outer loop
      vertex   7.617569e+01 0.000000e+00 5.821378e+00
      vertex   7.678156e+01 2.333333e+01 7.090328e+00
      vertex   7.617569e+01 2.333333e+01 5.821378e+00
    endloop
  endfacet
  facet normal -9.387985e-01 0.000000e+00 3.444669e-01
    outer loop
      vertex   7.617569e+01 0.000000e+00 5.821378e+00
      vertex   7.617569e+01 2.333333e+01 5.821378e+00
      vertex   7.569131e+01 0.000000e+00 4.501270e+00
    endloop
  endfacet
  facet normal -9.387985e-01 0.000000e+00 3.444669e-01
    outer loop
      vertex   7.569131e+01 0.000000e+00 4.501270e+00
      vertex   7.617569e+01 2.333333e+01 5.821378e+00
      vertex   7.569131e+01 2.333333e+01 4.501270e+00
    endloop
  endfacet
  facet normal -9.669298e-01 0.000000e+00 2.550428e-01
    outer loop
      vertex   7.569131e+01 0.000000e+00 4.501270e+00
      vertex   7.569131e+01 2.333333e+01 4.501270e+00
      vertex   7.533268e+01 0.000000e+00 3.141604e+00
    endloop
  endfacet
  facet normal -9.669298e-01 0.000000e+00 2.550428e-01
    outer loop
      vertex   7.533268e+01 0.000000e+00 3.141604e+00
      vertex   7.569131e+01 2.333333e+01 4.501270e+00
      vertex   7.533268e+01 2.333333e+01 3.141604e+00
    endloop
  endfacet
  facet normal -9.865637e-01 0.000000e+00 1.633774e-01
    outer loop
      vertex   7.533268e+01 0.000000e+00 3.141604e+00
      vertex   7.533268e+01 2.333333e+01 3.141604e+00
      vertex   7.510294e+01 0.000000e+00 1.754330e+00
    endloop
  endfacet
  facet normal -9.865637e-01 0.000000e+00 1.633774e-01
    outer loop
      vertex   7.510294e+01 0.000000e+00 1.754330e+00
      vertex   7.533268e+01 2.333333e+01 3.141604e+00
      vertex   7.510294e+01 2.333333e+01 1.754330e+00
    endloop
  endfacet
  facet normal -9.975276e-01 0.000000e+00 7.027619e-02
    outer loop
      vertex   7.510294e+01 0.000000e+00 1.754330e+00
      vertex   7.510294e+01 2.333333e+01 1.754330e+00
      vertex   7.500412e+01 0.000000e+00 3.516386e-01
    endloop
  endfacet
  facet normal -9.975276e-01 0.000000e+00 7.027619e-02
    outer loop
      vertex   7.500412e+01 0.000000e+00 3.516386e-01
      vertex   7.510294e+01 2.333333e+01 1.754330e+00
      vertex   7.500412e+01 2.333333e+01 3.516386e-01
    endloop
  endfacet
  facet normal -9.997252e-01 0.000000e+00 -2.344257e-02
    outer loop
      vertex   7.500412e+01 0.000000e+00 3.516386e-01
      vertex   7.500412e+01 2.333333e+01 3.516386e-01
      vertex   7.503709e+01 0.000000e+00 -1.054143e+00
    endloop
  endfacet
  facet normal -9.997252e-01 0.000000e+00 -2.344257e-02
    outer loop
      vertex   7.503709e+01 0.000000e+00 -1.054143e+00
      vertex   7.500412e+01 2.333333e+01 3.516386e-01
      vertex   7.503709e+01 2.333333e+01 -1.054143e+00
    endloop
  endfacet
  facet normal -9.931372e-01 0.000000e+00 -1.169553e-01
    outer loop
      vertex   7.503709e+01 0.000000e+00 -1.054143e+00
      vertex   7.503709e+01 2.333333e+01 -1.054143e+00
      vertex   7.520155e+01 0.000000e+00 -2.450660e+00
    endloop
  endfacet
  facet normal -9.931372e-01 0.000000e+00 -1.169553e-01
    outer loop
      vertex   7.520155e+01 0.000000e+00 -2.450660e+00
      vertex   7.503709e+01 2.333333e+01 -1.054143e+00
      vertex   7.520155e+01 2.333333e+01 -2.450660e+00
    endloop
  endfacet
  facet normal -9.778214e-01 0.000000e+00 -2.094403e-01
    outer loop
      vertex   7.520155e+01 0.000000e+00 -2.450660e+00
      vertex   7.520155e+01 2.333333e+01 -2.450660e+00
      vertex   7.549605e+01 0.000000e+00 -3.825642e+00
    endloop
  endfacet
  facet normal -9.778214e-01 0.000000e+00 -2.094403e-01
    outer loop
      vertex   7.549605e+01 0.000000e+00 -3.825642e+00
      vertex   7.520155e+01 2.333333e+01 -2.450660e+00
      vertex   7.549605e+01 2.333333e+01 -3.825642e+00
    endloop
  endfacet
  facet normal -9.539126e-01 0.000000e+00 -3.000846e-01
    outer loop
      vertex   7.549605e+01 0.000000e+00 -3.825642e+00
      vertex   7.549605e+01 2.333333e+01 -3.825642e+00
      vertex   7.591802e+01 0.000000e+00 -5.167003e+00
    endloop
  endfacet
  facet normal -9.539126e-01 0.000000e+00 -3.000846e-01
    outer loop
      vertex   7.591802e+01 0.000000e+00 -5.167003e+00
      vertex   7.549605e+01 2.333333e+01 -3.825642e+00
      vertex   7.591802e+01 2.333333e+01 -5.167003e+00
    endloop
  endfacet
  facet normal -9.216207e-01 0.000000e+00 -3.880919e-01
    outer loop
      vertex   7.591802e+01 0.000000e+00 -5.167003e+00
      vertex   7.591802e+01 2.333333e+01 -5.167003e+00
      vertex   7.646375e+01 0.000000e+00 -6.462956e+00
    endloop
  endfacet
  facet normal -9.216207e-01 5.613008e-16 -3.880919e-01
    outer loop
      vertex   7.646375e+01 0.000000e+00 -6.462956e+00
      vertex   7.591802e+01 2.333333e+01 -5.167003e+00
      vertex   7.646375e+01 2.333333e+01 -6.462956e+00
    endloop
  endfacet
  facet normal -8.812296e-01 5.367011e-16 -4.726885e-01
    outer loop
      vertex   7.646375e+01 0.000000e+00 -6.462956e+00
      vertex   7.646375e+01 2.333333e+01 -6.462956e+00
      vertex   7.712842e+01 0.000000e+00 -7.702113e+00
    endloop
  endfacet
  facet normal -8.812296e-01 0.000000e+00 -4.726885e-01
    outer loop
      vertex   7.712842e+01 0.000000e+00 -7.702113e+00
      vertex   7.646375e+01 2.333333e+01 -6.462956e+00
      vertex   7.712842e+01 2.333333e+01 -7.702113e+00
    endloop
  endfacet
  facet normal -8.330942e-01 0.000000e+00 -5.531312e-01
    outer loop
      vertex   7.712842e+01 0.000000e+00 -7.702113e+00
      vertex   7.712842e+01 2.333333e+01 -7.702113e+00
      vertex   7.790622e+01 0.000000e+00 -8.873583e+00
    endloop
  endfacet
  facet normal -8.330942e-01 0.000000e+00 -5.531312e-01
    outer loop
      vertex   7.790622e+01 0.000000e+00 -8.873583e+00
      vertex   7.712842e+01 2.333333e+01 -7.702113e+00
      vertex   7.790622e+01 2.333333e+01 -8.873583e+00
    endloop
  endfacet
  facet normal -7.776375e-01 0.000000e+00 -6.287129e-01
    outer loop
      vertex   7.790622e+01 0.000000e+00 -8.873583e+00
      vertex   7.790622e+01 2.333333e+01 -8.873583e+00
      vertex   7.879030e+01 0.000000e+00 -9.967072e+00
    endloop
  endfacet
  facet normal -7.776375e-01 0.000000e+00 -6.287129e-01
    outer loop
      vertex   7.879030e+01 0.000000e+00 -9.967072e+00
      vertex   7.790622e+01 2.333333e+01 -8.873583e+00
      vertex   7.879030e+01 2.333333e+01 -9.967072e+00
    endloop
  endfacet
  facet normal -7.153470e-01 0.000000e+00 -6.987694e-01
    outer loop
      vertex   7.879030e+01 0.000000e+00 -9.967072e+00
      vertex   7.879030e+01 2.333333e+01 -9.967072e+00
      vertex   7.977288e+01 0.000000e+00 -1.097297e+01
    endloop
  endfacet
  facet normal -7.153470e-01 0.000000e+00 -6.987694e-01
    outer loop
      vertex   7.977288e+01 0.000000e+00 -1.097297e+01
      vertex   7.879030e+01 2.333333e+01 -9.967072e+00
      vertex   7.977288e+01 2.333333e+01 -1.097297e+01
    endloop
  endfacet
  facet normal -6.467699e-01 0.000000e+00 -7.626852e-01
    outer loop
      vertex   7.977288e+01 0.000000e+00 -1.097297e+01
      vertex   7.977288e+01 2.333333e+01 -1.097297e+01
      vertex   8.084535e+01 0.000000e+00 -1.188244e+01
    endloop
  endfacet
  facet normal -6.467699e-01 1.741887e-16 -7.626852e-01
    outer loop
      vertex   8.084535e+01 0.000000e+00 -1.188244e+01
      vertex   7.977288e+01 2.333333e+01 -1.097297e+01
      vertex   8.084535e+01 2.333333e+01 -1.188244e+01
    endloop
  endfacet
  facet normal -5.725090e-01 1.872556e-16 -8.198984e-01
    outer loop
      vertex   8.084535e+01 0.000000e+00 -1.188244e+01
      vertex   8.084535e+01 2.333333e+01 -1.188244e+01
      vertex   8.199826e+01 0.000000e+00 -1.268748e+01
    endloop
  endfacet
  facet normal -5.725090e-01 -1.248370e-16 -8.198984e-01
    outer loop
      vertex   8.199826e+01 0.000000e+00 -1.268748e+01
      vertex   8.084535e+01 2.333333e+01 -1.188244e+01
      vertex   8.199826e+01 2.333333e+01 -1.268748e+01
    endloop
  endfacet
  facet normal -4.932169e-01 -1.324512e-16 -8.699064e-01
    outer loop
      vertex   8.199826e+01 0.000000e+00 -1.268748e+01
      vertex   8.199826e+01 2.333333e+01 -1.268748e+01
      vertex   8.322150e+01 0.000000e+00 -1.338103e+01
    endloop
  endfacet
  facet normal -4.932169e-01 0.000000e+00 -8.699064e-01
    outer loop
      vertex   8.322150e+01 0.000000e+00 -1.338103e+01
      vertex   8.199826e+01 2.333333e+01 -1.268748e+01
      vertex   8.322150e+01 2.333333e+01 -1.338103e+01
    endloop
  endfacet
  facet normal -4.095904e-01 0.000000e+00 -9.122696e-01
    outer loop
      vertex   8.322150e+01 0.000000e+00 -1.338103e+01
      vertex   8.322150e+01 2.333333e+01 -1.338103e+01
      vertex   8.450430e+01 0.000000e+00 -1.395698e+01
    endloop
  endfacet
  facet normal -4.095904e-01 0.000000e+00 -9.122696e-01
    outer loop
      vertex   8.450430e+01 0.000000e+00 -1.395698e+01
      vertex   8.322150e+01 2.333333e+01 -1.338103e+01
      vertex   8.450430e+01 2.333333e+01 -1.395698e+01
    endloop
  endfacet
  facet normal -3.223643e-01 0.000000e+00 -9.466157e-01
    outer loop
      vertex   8.450430e+01 0.000000e+00 -1.395698e+01
      vertex   8.450430e+01 2.333333e+01 -1.395698e+01
      vertex   8.583540e+01 0.000000e+00 -1.441028e+01
    endloop
  endfacet
  facet normal -3.223643e-01 7.206545e-17 -9.466157e-01
    outer loop
      vertex   8.583540e+01 0.000000e+00 -1.441028e+01
      vertex   8.450430e+01 2.333333e+01 -1.395698e+01
      vertex   8.583540e+01 2.333333e+01 -1.441028e+01
    endloop
  endfacet
  facet normal -2.323054e-01 7.404689e-17 -9.726429e-01
    outer loop
      vertex   8.583540e+01 0.000000e+00 -1.441028e+01
      vertex   8.583540e+01 2.333333e+01 -1.441028e+01
      vertex   8.720310e+01 0.000000e+00 -1.473694e+01
    endloop
  endfacet
  facet normal -2.323054e-01 0.000000e+00 -9.726429e-01
    outer loop
      vertex   8.720310e+01 0.000000e+00 -1.473694e+01
      vertex   8.583540e+01 2.333333e+01 -1.441028e+01
      vertex   8.720310e+01 2.333333e+01 -1.473694e+01
    endloop
  endfacet
  facet normal -1.402049e-01 0.000000e+00 -9.901225e-01
    outer loop
      vertex   8.720310e+01 0.000000e+00 -1.473694e+01
      vertex   8.720310e+01 2.333333e+01 -1.473694e+01
      vertex   8.859538e+01 0.000000e+00 -1.493409e+01
    endloop
  endfacet
  facet normal -1.402049e-01 7.537761e-17 -9.901225e-01
    outer loop
      vertex   8.859538e+01 0.000000e+00 -1.493409e+01
      vertex   8.720310e+01 2.333333e+01 -1.473694e+01
      vertex   8.859538e+01 2.333333e+01 -1.493409e+01
    endloop
  endfacet
  facet normal -4.687226e-02 -0.000000e+00 -9.989009e-01
    outer loop
      vertex   9.000000e+01 4.666667e+01 -1.500000e+01
      vertex   9.000000e+01 2.333333e+01 -1.500000e+01
      vertex   8.859538e+01 4.666667e+01 -1.493409e+01
    endloop
  endfacet
  facet normal -4.687226e-02 -0.000000e+00 -9.989009e-01
    outer loop
      vertex   8.859538e+01 4.666667e+01 -1.493409e+01
      vertex   9.000000e+01 2.333333e+01 -1.500000e+01
      vertex   8.859538e+01 2.333333e+01 -1.493409e+01
    endloop
  endfacet
  facet normal -1.402049e-01 -0.000000e+00 -9.901225e-01
    outer loop
      vertex   8.859538e+01 4.666667e+01 -1.493409e+01
      vertex   8.859538e+01 2.333333e+01 -1.493409e+01
      vertex   8.720310e+01 4.666667e+01 -1.473694e+01
    endloop
  endfacet
  facet normal -1.402049e-01 -0.000000e+00 -9.901225e-01
    outer loop
      vertex   8.720310e+01 4.666667e+01 -1.473694e+01
      vertex   8.859538e+01 2.333333e+01 -1.493409e+01
      vertex   8.720310e+01 2.333333e+01 -1.473694e+01
    endloop
  endfacet
  facet normal -2.323054e-01 -0.000000e+00 -9.726429e-01
    outer loop
      vertex   8.720310e+01 4.666667e+01 -1.473694e+01
      vertex   8.720310e+01 2.333333e+01 -1.473694e+01
      vertex   8.583540e+01 4.666667e+01 -1.441028e+01
    endloop
  endfacet
  facet normal -2.323054e-01 -0.000000e+00 -9.726429e-01
    outer loop
      vertex   8.583540e+01 4.666667e+01 -1.441028e+01
      vertex   8.720310e+01 2.333333e+01 -1.473694e+01
      vertex   8.583540e+01 2.333333e+01 -1.441028e+01
    endloop
  endfacet
  facet normal -3.223643e-01 -0.000000e+00 -9.466157e-01
    outer loop
      vertex   8.583540e+01 4.666667e+01 -1.441028e+01
      vertex   8.583540e+01 2.333333e+01 -1.441028e+01
      vertex   8.450430e+01 4.666667e+01 -1.395698e+01
    endloop
  endfacet
  facet normal -3.223643e-01 -0.000000e+00 -9.466157e-01
    outer loop
      vertex   8.450430e+01 4.666667e+01 -1.395698e+01
      vertex   8.583540e+01 2.333333e+01 -1.441028e+01
      vertex   8.450430e+01 2.333333e+01 -1.395698e+01
    endloop
  endfacet
  facet normal -4.095904e-01 -0.000000e+00 -9.122696e-01
    outer loop
      vertex   8.450430e+01 4.666667e+01 -1.395698e+01
      vertex   8.450430e+01 2.333333e+01 -1.395698e+01
      vertex   8.322150e+01 4.666667e+01 -1.338103e+01
    endloop
  endfacet
  facet normal -4.095904e-01 6.945070e-17 -9.122696e-01
    outer loop
      vertex   8.322150e+01 4.666667e+01 -1.338103e+01
      vertex   8.450430e+01 2.333333e+01 -1.395698e+01
      vertex   8.322150e+01 2.333333e+01 -1.338103e+01
    endloop
  endfacet
  facet normal -4.932169e-01 6.622561e-17 -8.699064e-01
    outer loop
      vertex   8.322150e+01 4.666667e+01 -1.338103e+01
      vertex   8.322150e+01 2.333333e+01 -1.338103e+01
      vertex   8.199826e+01 4.666667e+01 -1.268748e+01
    endloop
  endfacet
  facet normal -4.932169e-01 -0.000000e+00 -8.699064e-01
    outer loop
      vertex   8.199826e+01 4.666667e+01 -1.268748e+01
      vertex   8.322150e+01 2.333333e+01 -1.338103e+01
      vertex   8.199826e+01 2.333333e+01 -1.268748e+01
    endloop
  endfacet
  facet normal -5.725090e-01 -0.000000e+00 -8.198984e-01
    outer loop
      vertex   8.199826e+01 4.666667e+01 -1.268748e+01
      vertex   8.199826e+01 2.333333e+01 -1.268748e+01
      vertex   8.084535e+01 4.666667e+01 -1.188244e+01
    endloop
  endfacet
  facet normal -5.725090e-01 -0.000000e+00 -8.198984e-01
    outer loop
      vertex   8.084535e+01 4.666667e+01 -1.188244e+01
      vertex   8.199826e+01 2.333333e+01 -1.268748e+01
      vertex   8.084535e+01 2.333333e+01 -1.188244e+01
    endloop
  endfacet
  facet normal -6.467699e-01 -0.000000e+00 -7.626852e-01
    outer loop
      vertex   8.084535e+01 4.666667e+01 -1.188244e+01
      vertex   8.084535e+01 2.333333e+01 -1.188244e+01
      vertex   7.977288e+01 4.666667e+01 -1.097297e+01
    endloop
  endfacet
  facet normal -6.467699e-01 -0.000000e+00 -7.626852e-01
    outer loop
      vertex   7.977288e+01 4.666667e+01 -1.097297e+01
      vertex   8.084535e+01 2.333333e+01 -1.188244e+01
      vertex   7.977288e+01 2.333333e+01 -1.097297e+01
    endloop
  endfacet
  facet normal -7.153470e-01 -0.000000e+00 -6.987694e-01
    outer loop
      vertex   7.977288e+01 4.666667e+01 -1.097297e+01
      vertex   7.977288e+01 2.333333e+01 -1.097297e+01
      vertex   7.879030e+01 4.666667e+01 -9.967072e+00
    endloop
  endfacet
  facet normal -7.153470e-01 -2.760814e-16 -6.987694e-01
    outer loop
      vertex   7.879030e+01 4.666667e+01 -9.967072e+00
      vertex   7.977288e+01 2.333333e+01 -1.097297e+01
      vertex   7.879030e+01 2.333333e+01 -9.967072e+00
    endloop
  endfacet
  facet normal -7.776375e-01 -3.300188e-16 -6.287129e-01
    outer loop
      vertex   7.879030e+01 4.666667e+01 -9.967072e+00
      vertex   7.879030e+01 2.333333e+01 -9.967072e+00
      vertex   7.790622e+01 4.666667e+01 -8.873583e+00
    endloop
  endfacet
  facet normal -7.776375e-01 -0.000000e+00 -6.287129e-01
    outer loop
      vertex   7.790622e+01 4.666667e+01 -8.873583e+00
      vertex   7.879030e+01 2.333333e+01 -9.967072e+00
      vertex   7.790622e+01 2.333333e+01 -8.873583e+00
    endloop
  endfacet
  facet normal -8.330942e-01 -0.000000e+00 -5.531312e-01
    outer loop
      vertex   7.790622e+01 4.666667e+01 -8.873583e+00
      vertex   7.790622e+01 2.333333e+01 -8.873583e+00
      vertex   7.712842e+01 4.666667e+01 -7.702113e+00
    endloop
  endfacet
  facet normal -8.330942e-01 -0.000000e+00 -5.531312e-01
    outer loop
      vertex   7.712842e+01 4.666667e+01 -7.702113e+00
      vertex   7.790622e+01 2.333333e+01 -8.873583e+00
      vertex   7.712842e+01 2.333333e+01 -7.702113e+00
    endloop
  endfacet
  facet normal -8.812296e-01 -0.000000e+00 -4.726885e-01
    outer loop
      vertex   7.712842e+01 4.666667e+01 -7.702113e+00
      vertex   7.712842e+01 2.333333e+01 -7.702113e+00
      vertex   7.646375e+01 4.666667e+01 -6.462956e+00
    endloop
  endfacet
  facet normal -8.812296e-01 -4.107516e-16 -4.726885e-01
    outer loop
      vertex   7.646375e+01 4.666667e+01 -6.462956e+00
      vertex   7.712842e+01 2.333333e+01 -7.702113e+00
      vertex   7.646375e+01 2.333333e+01 -6.462956e+00
    endloop
  endfacet
  facet normal -9.216207e-01 -4.578923e-16 -3.880919e-01
    outer loop
      vertex   7.646375e+01 4.666667e+01 -6.462956e+00
      vertex   7.646375e+01 2.333333e+01 -6.462956e+00
      vertex   7.591802e+01 4.666667e+01 -5.167003e+00
    endloop
  endfacet
  facet normal -9.216207e-01 5.909054e-17 -3.880919e-01
    outer loop
      vertex   7.591802e+01 4.666667e+01 -5.167003e+00
      vertex   7.646375e+01 2.333333e+01 -6.462956e+00
      vertex   7.591802e+01 2.333333e+01 -5.167003e+00
    endloop
  endfacet
  facet normal -9.539126e-01 4.569063e-17 -3.000846e-01
    outer loop
      vertex   7.591802e+01 4.666667e+01 -5.167003e+00
      vertex   7.591802e+01 2.333333e+01 -5.167003e+00
      vertex   7.549605e+01 4.666667e+01 -3.825642e+00
    endloop
  endfacet
  facet normal -9.539126e-01 -0.000000e+00 -3.000846e-01
    outer loop
      vertex   7.549605e+01 4.666667e+01 -3.825642e+00
      vertex   7.591802e+01 2.333333e+01 -5.167003e+00
      vertex   7.549605e+01 2.333333e+01 -3.825642e+00
    endloop
  endfacet
  facet normal -9.778214e-01 -0.000000e+00 -2.094403e-01
    outer loop
      vertex   7.549605e+01 4.666667e+01 -3.825642e+00
      vertex   7.549605e+01 2.333333e+01 -3.825642e+00
      vertex   7.520155e+01 4.666667e+01 -2.450660e+00
    endloop
  endfacet
  facet normal -9.778214e-01 -3.188920e-17 -2.094403e-01
    outer loop
      vertex   7.520155e+01 4.666667e+01 -2.450660e+00
      vertex   7.549605e+01 2.333333e+01 -3.825642e+00
      vertex   7.520155e+01 2.333333e+01 -2.450660e+00
    endloop
  endfacet
  facet normal -9.931372e-01 -1.780752e-17 -1.169553e-01
    outer loop
      vertex   7.520155e+01 4.666667e+01 -2.450660e+00
      vertex   7.520155e+01 2.333333e+01 -2.450660e+00
      vertex   7.503709e+01 4.666667e+01 -1.054143e+00
    endloop
  endfacet
  facet normal -9.931372e-01 1.669455e-17 -1.169553e-01
    outer loop
      vertex   7.503709e+01 4.666667e+01 -1.054143e+00
      vertex   7.520155e+01 2.333333e+01 -2.450660e+00
      vertex   7.503709e+01 2.333333e+01 -1.054143e+00
    endloop
  endfacet
  facet normal -9.997252e-01 3.346262e-18 -2.344257e-02
    outer loop
      vertex   7.503709e+01 4.666667e+01 -1.054143e+00
      vertex   7.503709e+01 2.333333e+01 -1.054143e+00
      vertex   7.500412e+01 4.666667e+01 3.516386e-01
    endloop
  endfacet
  facet normal -9.997252e-01 3.346262e-18 -2.344257e-02
    outer loop
      vertex   7.500412e+01 4.666667e+01 3.516386e-01
      vertex   7.503709e+01 2.333333e+01 -1.054143e+00
      vertex   7.500412e+01 2.333333e+01 3.516386e-01
    endloop
  endfacet
  facet normal -9.975276e-01 -1.003143e-17 7.027619e-02
    outer loop
      vertex   7.500412e+01 4.666667e+01 3.516386e-01
      vertex   7.500412e+01 2.333333e+01 3.516386e-01
      vertex   7.510294e+01 4.666667e+01 1.754330e+00
    endloop
  endfacet
  facet normal -9.975276e-01 0.000000e+00 7.027619e-02
    outer loop
      vertex   7.510294e+01 4.666667e+01 1.754330e+00
      vertex   7.500412e+01 2.333333e+01 3.516386e-01
      vertex   7.510294e+01 2.333333e+01 1.754330e+00
    endloop
  endfacet
  facet normal -9.865637e-01 0.000000e+00 1.633774e-01
    outer loop
      vertex   7.510294e+01 4.666667e+01 1.754330e+00
      vertex   7.510294e+01 2.333333e+01 1.754330e+00
      vertex   7.533268e+01 4.666667e+01 3.141604e+00
    endloop
  endfacet
  facet normal -9.865637e-01 2.176624e-17 1.633774e-01
    outer loop
      vertex   7.533268e+01 4.666667e+01 3.141604e+00
      vertex   7.510294e+01 2.333333e+01 1.754330e+00
      vertex   7.533268e+01 2.333333e+01 3.141604e+00
    endloop
  endfacet
  facet normal -9.669298e-01 3.397852e-17 2.550428e-01
    outer loop
      vertex   7.533268e+01 4.666667e+01 3.141604e+00
      vertex   7.533268e+01 2.333333e+01 3.141604e+00
      vertex   7.569131e+01 4.666667e+01 4.501270e+00
    endloop
  endfacet
  facet normal -9.669298e-01 -2.912445e-17 2.550428e-01
    outer loop
      vertex   7.569131e+01 4.666667e+01 4.501270e+00
      vertex   7.533268e+01 2.333333e+01 3.141604e+00
      vertex   7.569131e+01 2.333333e+01 4.501270e+00
    endloop
  endfacet
  facet normal -9.387985e-01 -3.933617e-17 3.444669e-01
    outer loop
      vertex   7.569131e+01 4.666667e+01 4.501270e+00
      vertex   7.569131e+01 2.333333e+01 4.501270e+00
      vertex   7.617569e+01 4.666667e+01 5.821378e+00
    endloop
  endfacet
  facet normal -9.387985e-01 0.000000e+00 3.444669e-01
    outer loop
      vertex   7.617569e+01 4.666667e+01 5.821378e+00
      vertex   7.569131e+01 2.333333e+01 4.501270e+00
      vertex   7.617569e+01 2.333333e+01 5.821378e+00
    endloop
  endfacet
  facet normal -9.024170e-01 0.000000e+00 4.308637e-01
    outer loop
      vertex   7.617569e+01 4.666667e+01 5.821378e+00
      vertex   7.617569e+01 2.333333e+01 5.821378e+00
      vertex   7.678156e+01 4.666667e+01 7.090328e+00
    endloop
  endfacet
  facet normal -9.024170e-01 0.000000e+00 4.308637e-01
    outer loop
      vertex   7.678156e+01 4.666667e+01 7.090328e+00
      vertex   7.617569e+01 2.333333e+01 5.821378e+00
      vertex   7.678156e+01 2.333333e+01 7.090328e+00
    endloop
  endfacet
  facet normal -8.581050e-01 0.000000e+00 5.134742e-01
    outer loop
      vertex   7.678156e+01 4.666667e+01 7.090328e+00
      vertex   7.678156e+01 2.333333e+01 7.090328e+00
      vertex   7.750359e+01 4.666667e+01 8.296967e+00
    endloop
  endfacet
  facet normal -8.581050e-01 -3.909057e-17 5.134742e-01
    outer loop
      vertex   7.750359e+01 4.666667e+01 8.296967e+00
      vertex   7.678156e+01 2.333333e+01 7.090328e+00
      vertex   7.750359e+01 2.333333e+01 8.296967e+00
    endloop
  endfacet
  facet normal -8.062520e-01 -4.503614e-17 5.915722e-01
    outer loop
      vertex   7.750359e+01 4.666667e+01 8.296967e+00
      vertex   7.750359e+01 2.333333e+01 8.296967e+00
      vertex   7.833544e+01 4.666667e+01 9.430693e+00
    endloop
  endfacet
  facet normal -8.062520e-01 0.000000e+00 5.915722e-01
    outer loop
      vertex   7.833544e+01 4.666667e+01 9.430693e+00
      vertex   7.750359e+01 2.333333e+01 8.296967e+00
      vertex   7.833544e+01 2.333333e+01 9.430693e+00
    endloop
  endfacet
  facet normal -7.473136e-01 0.000000e+00 6.644715e-01
    outer loop
      vertex   7.833544e+01 4.666667e+01 9.430693e+00
      vertex   7.833544e+01 2.333333e+01 9.430693e+00
      vertex   7.926980e+01 4.666667e+01 1.048154e+01
    endloop
  endfacet
  facet normal -7.473136e-01 0.000000e+00 6.644715e-01
    outer loop
      vertex   7.926980e+01 4.666667e+01 1.048154e+01
      vertex   7.833544e+01 2.333333e+01 9.430693e+00
      vertex   7.926980e+01 2.333333e+01 1.048154e+01
    endloop
  endfacet
  facet normal -6.818078e-01 0.000000e+00 7.315313e-01
    outer loop
      vertex   7.926980e+01 4.666667e+01 1.048154e+01
      vertex   7.926980e+01 2.333333e+01 1.048154e+01
      vertex   8.029845e+01 4.666667e+01 1.144028e+01
    endloop
  endfacet
  facet normal -6.818078e-01 0.000000e+00 7.315313e-01
    outer loop
      vertex   8.029845e+01 4.666667e+01 1.144028e+01
      vertex   7.926980e+01 2.333333e+01 1.048154e+01
      vertex   8.029845e+01 2.333333e+01 1.144028e+01
    endloop
  endfacet
  facet normal -6.103103e-01 0.000000e+00 7.921625e-01
    outer loop
      vertex   8.029845e+01 4.666667e+01 1.144028e+01
      vertex   8.029845e+01 2.333333e+01 1.144028e+01
      vertex   8.141236e+01 4.666667e+01 1.229848e+01
    endloop
  endfacet
  facet normal -6.103103e-01 0.000000e+00 7.921625e-01
    outer loop
      vertex   8.141236e+01 4.666667e+01 1.229848e+01
      vertex   8.029845e+01 2.333333e+01 1.144028e+01
      vertex   8.141236e+01 2.333333e+01 1.229848e+01
    endloop
  endfacet
  facet normal -5.334493e-01 0.000000e+00 8.458321e-01
    outer loop
      vertex   8.141236e+01 4.666667e+01 1.229848e+01
      vertex   8.141236e+01 2.333333e+01 1.229848e+01
      vertex   8.260175e+01 4.666667e+01 1.304860e+01
    endloop
  endfacet
  facet normal -5.334493e-01 0.000000e+00 8.458321e-01
    outer loop
      vertex   8.260175e+01 4.666667e+01 1.304860e+01
      vertex   8.141236e+01 2.333333e+01 1.229848e+01
      vertex   8.260175e+01 2.333333e+01 1.304860e+01
    endloop
  endfacet
  facet normal -4.519003e-01 0.000000e+00 8.920684e-01
    outer loop
      vertex   8.260175e+01 4.666667e+01 1.304860e+01
      vertex   8.260175e+01 2.333333e+01 1.304860e+01
      vertex   8.385614e+01 4.666667e+01 1.368404e+01
    endloop
  endfacet
  facet normal -4.519003e-01 0.000000e+00 8.920684e-01
    outer loop
      vertex   8.385614e+01 4.666667e+01 1.368404e+01
      vertex   8.260175e+01 2.333333e+01 1.304860e+01
      vertex   8.385614e+01 2.333333e+01 1.368404e+01
    endloop
  endfacet
  facet normal -3.663800e-01 0.000000e+00 9.304653e-01
    outer loop
      vertex   8.385614e+01 4.666667e+01 1.368404e+01
      vertex   8.385614e+01 2.333333e+01 1.368404e+01
      vertex   8.516454e+01 4.666667e+01 1.419924e+01
    endloop
  endfacet
  facet normal -3.663800e-01 0.000000e+00 9.304653e-01
    outer loop
      vertex   8.516454e+01 4.666667e+01 1.419924e+01
      vertex   8.385614e+01 2.333333e+01 1.368404e+01
      vertex   8.516454e+01 2.333333e+01 1.419924e+01
    endloop
  endfacet
  facet normal -2.776400e-01 0.000000e+00 9.606852e-01
    outer loop
      vertex   8.516454e+01 4.666667e+01 1.419924e+01
      vertex   8.516454e+01 2.333333e+01 1.419924e+01
      vertex   8.651542e+01 4.666667e+01 1.458964e+01
    endloop
  endfacet
  facet normal -2.776400e-01 1.690929e-16 9.606852e-01
    outer loop
      vertex   8.651542e+01 4.666667e+01 1.458964e+01
      vertex   8.516454e+01 2.333333e+01 1.419924e+01
      vertex   8.651542e+01 2.333333e+01 1.458964e+01
    endloop
  endfacet
  facet normal -1.864601e-01 1.135610e-16 9.824625e-01
    outer loop
      vertex   8.651542e+01 4.666667e+01 1.458964e+01
      vertex   8.651542e+01 2.333333e+01 1.458964e+01
      vertex   8.789693e+01 4.666667e+01 1.485184e+01
    endloop
  endfacet
  facet normal -1.864601e-01 0.000000e+00 9.824625e-01
    outer loop
      vertex   8.789693e+01 4.666667e+01 1.485184e+01
      vertex   8.651542e+01 2.333333e+01 1.458964e+01
      vertex   8.789693e+01 2.333333e+01 1.485184e+01
    endloop
  endfacet
  facet normal -9.364149e-02 0.000000e+00 9.956060e-01
    outer loop
      vertex   8.789693e+01 4.666667e+01 1.485184e+01
      vertex   8.789693e+01 2.333333e+01 1.485184e+01
      vertex   8.929692e+01 4.666667e+01 1.498351e+01
    endloop
  endfacet
  facet normal -9.364149e-02 0.000000e+00 9.956060e-01
    outer loop
      vertex   8.929692e+01 4.666667e+01 1.498351e+01
      vertex   8.789693e+01 2.333333e+01 1.485184e+01
      vertex   8.929692e+01 2.333333e+01 1.498351e+01
    endloop
  endfacet
  facet normal -0.000000e+00 0.000000e+00 1.000000e+00
    outer loop
      vertex   8.929692e+01 4.666667e+01 1.498351e+01
      vertex   8.929692e+01 2.333333e+01 1.498351e+01
      vertex   9.070308e+01 4.666667e+01 1.498351e+01
    endloop
  endfacet
  facet normal 0.000000e+00 0.000000e+00 1.000000e+00
    outer loop
      vertex   9.070308e+01 4.666667e+01 1.498351e+01
      vertex   8.929692e+01 2.333333e+01 1.498351e+01
      vertex   9.070308e+01 2.333333e+01 1.498351e+01
    endloop
  endfacet
  facet normal 9.364149e-02 0.000000e+00 9.956060e-01
    outer loop
      vertex   9.070308e+01 4.666667e+01 1.498351e+01
      vertex   9.070308e+01 2.333333e+01 1.498351e+01
      vertex   9.210307e+01 4.666667e+01 1.485184e+01
    endloop
  endfacet
  facet normal 9.364149e-02 0.000000e+00 9.956060e-01
    outer loop
      vertex   9.210307e+01 4.666667e+01 1.485184e+01
      vertex   9.070308e+01 2.333333e+01 1.498351e+01
      vertex   9.210307e+01 2.333333e+01 1.485184e+01
    endloop
  endfacet
  facet normal 1.864601e-01 0.000000e+00 9.824625e-01
    outer loop
      vertex   9.210307e+01 4.666667e+01 1.485184e+01
      vertex   9.210307e+01 2.333333e+01 1.485184e+01
      vertex   9.348458e+01 4.666667e+01 1.458964e+01
    endloop
  endfacet
  facet normal 1.864601e-01 -3.876654e-17 9.824625e-01
    outer loop
      vertex   9.348458e+01 4.666667e+01 1.458964e+01
      vertex   9.210307e+01 2.333333e+01 1.485184e+01
      vertex   9.348458e+01 2.333333e+01 1.458964e+01
    endloop
  endfacet
  facet normal 2.776400e-01 -9.595637e-17 9.606852e-01
    outer loop
      vertex   9.348458e+01 4.666667e+01 1.458964e+01
      vertex   9.348458e+01 2.333333e+01 1.458964e+01
      vertex   9.483546e+01 4.666667e+01 1.419924e+01
    endloop
  endfacet
  facet normal 2.776400e-01 0.000000e+00 9.606852e-01
    outer loop
      vertex   9.483546e+01 4.666667e+01 1.419924e+01
      vertex   9.348458e+01 2.333333e+01 1.458964e+01
      vertex   9.483546e+01 2.333333e+01 1.419924e+01
    endloop
  endfacet
  facet normal 3.663800e-01 0.000000e+00 9.304653e-01
    outer loop
      vertex   9.483546e+01 4.666667e+01 1.419924e+01
      vertex   9.483546e+01 2.333333e+01 1.419924e+01
      vertex   9.614386e+01 4.666667e+01 1.368404e+01
    endloop
  endfacet
  facet normal 3.663800e-01 0.000000e+00 9.304653e-01
    outer loop
      vertex   9.614386e+01 4.666667e+01 1.368404e+01
      vertex   9.483546e+01 2.333333e+01 1.419924e+01
      vertex   9.614386e+01 2.333333e+01 1.368404e+01
    endloop
  endfacet
  facet normal 4.519003e-01 0.000000e+00 8.920684e-01
    outer loop
      vertex   9.614386e+01 4.666667e+01 1.368404e+01
      vertex   9.614386e+01 2.333333e+01 1.368404e+01
      vertex   9.739825e+01 4.666667e+01 1.304860e+01
    endloop
  endfacet
  facet normal 4.519003e-01 0.000000e+00 8.920684e-01
    outer loop
      vertex   9.739825e+01 4.666667e+01 1.304860e+01
      vertex   9.614386e+01 2.333333e+01 1.368404e+01
      vertex   9.739825e+01 2.333333e+01 1.304860e+01
    endloop
  endfacet
  facet normal 5.334493e-01 0.000000e+00 8.458321e-01
    outer loop
      vertex   9.739825e+01 4.666667e+01 1.304860e+01
      vertex   9.739825e+01 2.333333e+01 1.304860e+01
      vertex   9.858764e+01 4.666667e+01 1.229848e+01
    endloop
  endfacet
  facet normal 5.334493e-01 6.439284e-17 8.458321e-01
    outer loop
      vertex   9.858764e+01 4.666667e+01 1.229848e+01
      vertex   9.739825e+01 2.333333e+01 1.304860e+01
      vertex   9.858764e+01 2.333333e+01 1.229848e+01
    endloop
  endfacet
  facet normal 6.103103e-01 6.030700e-17 7.921625e-01
    outer loop
      vertex   9.858764e+01 4.666667e+01 1.229848e+01
      vertex   9.858764e+01 2.333333e+01 1.229848e+01
      vertex   9.970155e+01 4.666667e+01 1.144028e+01
    endloop
  endfacet
  facet normal 6.103103e-01 0.000000e+00 7.921625e-01
    outer loop
      vertex   9.970155e+01 4.666667e+01 1.144028e+01
      vertex   9.858764e+01 2.333333e+01 1.229848e+01
      vertex   9.970155e+01 2.333333e+01 1.144028e+01
    endloop
  endfacet
  facet normal 6.818078e-01 0.000000e+00 7.315313e-01
    outer loop
      vertex   9.970155e+01 4.666667e+01 1.144028e+01
      vertex   9.970155e+01 2.333333e+01 1.144028e+01
      vertex   1.007302e+02 4.666667e+01 1.048154e+01
    endloop
  endfacet
  facet normal 6.818078e-01 0.000000e+00 7.315313e-01
    outer loop
      vertex   1.007302e+02 4.666667e+01 1.048154e+01
      vertex   9.970155e+01 2.333333e+01 1.144028e+01
      vertex   1.007302e+02 2.333333e+01 1.048154e+01
    endloop
  endfacet
  facet normal 7.473136e-01 0.000000e+00 6.644715e-01
    outer loop
      vertex   1.007302e+02 4.666667e+01 1.048154e+01
      vertex   1.007302e+02 2.333333e+01 1.048154e+01
      vertex   1.016646e+02 4.666667e+01 9.430693e+00
    endloop
  endfacet
  facet normal 7.473136e-01 0.000000e+00 6.644715e-01
    outer loop
      vertex   1.016646e+02 4.666667e+01 9.430693e+00
      vertex   1.007302e+02 2.333333e+01 1.048154e+01
      vertex   1.016646e+02 2.333333e+01 9.430693e+00
    endloop
  endfacet
  facet normal 8.062520e-01 0.000000e+00 5.915722e-01
    outer loop
      vertex   1.016646e+02 4.666667e+01 9.430693e+00
      vertex   1.016646e+02 2.333333e+01 9.430693e+00
      vertex   1.024964e+02 4.666667e+01 8.296967e+00
    endloop
  endfacet
  facet normal 8.062520e-01 9.007229e-17 5.915722e-01
    outer loop
      vertex   1.024964e+02 4.666667e+01 8.296967e+00
      vertex   1.016646e+02 2.333333e+01 9.430693e+00
      vertex   1.024964e+02 2.333333e+01 8.296967e+00
    endloop
  endfacet
  facet normal 8.581050e-01 7.818115e-17 5.134742e-01
    outer loop
      vertex   1.024964e+02 4.666667e+01 8.296967e+00
      vertex   1.024964e+02 2.333333e+01 8.296967e+00
      vertex   1.032184e+02 4.666667e+01 7.090328e+00
    endloop
  endfacet
  facet normal 8.581050e-01 0.000000e+00 5.134742e-01
    outer loop
      vertex   1.032184e+02 4.666667e+01 7.090328e+00
      vertex   1.024964e+02 2.333333e+01 8.296967e+00
      vertex   1.032184e+02 2.333333e+01 7.090328e+00
    endloop
  endfacet
  facet normal 9.024170e-01 0.000000e+00 4.308637e-01
    outer loop
      vertex   1.032184e+02 4.666667e+01 7.090328e+00
      vertex   1.032184e+02 2.333333e+01 7.090328e+00
      vertex   1.038243e+02 4.666667e+01 5.821378e+00
    endloop
  endfacet
  facet normal 9.024170e-01 0.000000e+00 4.308637e-01
    outer loop
      vertex   1.038243e+02 4.666667e+01 5.821378e+00
      vertex   1.032184e+02 2.333333e+01 7.090328e+00
      vertex   1.038243e+02 2.333333e+01 5.821378e+00
    endloop
  endfacet
  facet normal 9.387985e-01 0.000000e+00 3.444669e-01
    outer loop
      vertex   1.038243e+02 4.666667e+01 5.821378e+00
      vertex   1.038243e+02 2.333333e+01 5.821378e+00
      vertex   1.043087e+02 4.666667e+01 4.501270e+00
    endloop
  endfacet
  facet normal 9.387985e-01 3.933617e-17 3.444669e-01
    outer loop
      vertex   1.043087e+02 4.666667e+01 4.501270e+00
      vertex   1.038243e+02 2.333333e+01 5.821378e+00
      vertex   1.043087e+02 2.333333e+01 4.501270e+00
    endloop
  endfacet
  facet normal 9.669298e-01 2.912445e-17 2.550428e-01
    outer loop
      vertex   1.043087e+02 4.666667e+01 4.501270e+00
      vertex   1.043087e+02 2.333333e+01 4.501270e+00
      vertex   1.046673e+02 4.666667e+01 3.141604e+00
    endloop
  endfacet
  facet normal 9.669298e-01 0.000000e+00 2.550428e-01
    outer loop
      vertex   1.046673e+02 4.666667e+01 3.141604e+00
      vertex   1.043087e+02 2.333333e+01 4.501270e+00
      vertex   1.046673e+02 2.333333e+01 3.141604e+00
    endloop
  endfacet
  facet normal 9.865637e-01 0.000000e+00 1.633774e-01
    outer loop
      vertex   1.046673e+02 4.666667e+01 3.141604e+00
      vertex   1.046673e+02 2.333333e+01 3.141604e+00
      vertex   1.048971e+02 4.666667e+01 1.754330e+00
    endloop
  endfacet
  facet normal 9.865637e-01 0.000000e+00 1.633774e-01
    outer loop
      vertex   1.048971e+02 4.666667e+01 1.754330e+00
      vertex   1.046673e+02 2.333333e+01 3.141604e+00
      vertex   1.048971e+02 2.333333e+01 1.754330e+00
    endloop
  endfacet
  facet normal 9.975276e-01 0.000000e+00 7.027619e-02
    outer loop
      vertex   1.048971e+02 4.666667e+01 1.754330e+00
      vertex   1.048971e+02 2.333333e+01 1.754330e+00
      vertex   1.049959e+02 4.666667e+01 3.516386e-01
    endloop
  endfacet
  facet normal 9.975276e-01 0.000000e+00 7.027619e-02
    outer loop
      vertex   1.049959e+02 4.666667e+01 3.516386e-01
      vertex   1.048971e+02 2.333333e+01 1.754330e+00
      vertex   1.049959e+02 2.333333e+01 3.516386e-01
    endloop
  endfacet
  facet normal 9.997252e-01 0.000000e+00 -2.344257e-02
    outer loop
      vertex   1.049959e+02 4.666667e+01 3.516386e-01
      vertex   1.049959e+02 2.333333e+01 3.516386e-01
      vertex   1.049629e+02 4.666667e+01 -1.054143e+00
    endloop
  endfacet
  facet normal 9.997252e-01 -3.346262e-18 -2.344257e-02
    outer loop
      vertex   1.049629e+02 4.666667e+01 -1.054143e+00
      vertex   1.049959e+02 2.333333e+01 3.516386e-01
      vertex   1.049629e+02 2.333333e+01 -1.054143e+00
    endloop
  endfacet
  facet normal 9.931372e-01 -1.669455e-17 -1.169553e-01
    outer loop
      vertex   1.049629e+02 4.666667e+01 -1.054143e+00
      vertex   1.049629e+02 2.333333e+01 -1.054143e+00
      vertex   1.047985e+02 4.666667e+01 -2.450660e+00
    endloop
  endfacet
  facet normal 9.931372e-01 0.000000e+00 -1.169553e-01
    outer loop
      vertex   1.047985e+02 4.666667e+01 -2.450660e+00
      vertex   1.049629e+02 2.333333e+01 -1.054143e+00
      vertex   1.047985e+02 2.333333e+01 -2.450660e+00
    endloop
  endfacet
  facet normal 9.778214e-01 0.000000e+00 -2.094403e-01
    outer loop
      vertex   1.047985e+02 4.666667e+01 -2.450660e+00
      vertex   1.047985e+02 2.333333e+01 -2.450660e+00
      vertex   1.045039e+02 4.666667e+01 -3.825642e+00
    endloop
  endfacet
  facet normal 9.778214e-01 0.000000e+00 -2.094403e-01
    outer loop
      vertex   1.045039e+02 4.666667e+01 -3.825642e+00
      vertex   1.047985e+02 2.333333e+01 -2.450660e+00
      vertex   1.045039e+02 2.333333e+01 -3.825642e+00
    endloop
  endfacet
  facet normal 9.539126e-01 0.000000e+00 -3.000846e-01
    outer loop
      vertex   1.045039e+02 4.666667e+01 -3.825642e+00
      vertex   1.045039e+02 2.333333e+01 -3.825642e+00
      vertex   1.040820e+02 4.666667e+01 -5.167003e+00
    endloop
  endfacet
  facet normal 9.539126e-01 0.000000e+00 -3.000846e-01
    outer loop
      vertex   1.040820e+02 4.666667e+01 -5.167003e+00
      vertex   1.045039e+02 2.333333e+01 -3.825642e+00
      vertex   1.040820e+02 2.333333e+01 -5.167003e+00
    endloop
  endfacet
  facet normal 9.216207e-01 0.000000e+00 -3.880919e-01
    outer loop
      vertex   1.040820e+02 4.666667e+01 -5.167003e+00
      vertex   1.040820e+02 2.333333e+01 -5.167003e+00
      vertex   1.035363e+02 4.666667e+01 -6.462956e+00
    endloop
  endfacet
  facet normal 9.216207e-01 0.000000e+00 -3.880919e-01
    outer loop
      vertex   1.035363e+02 4.666667e+01 -6.462956e+00
      vertex   1.040820e+02 2.333333e+01 -5.167003e+00
      vertex   1.035363e+02 2.333333e+01 -6.462956e+00
    endloop
  endfacet
  facet normal 8.812296e-01 0.000000e+00 -4.726885e-01
    outer loop
      vertex   1.035363e+02 4.666667e+01 -6.462956e+00
      vertex   1.035363e+02 2.333333e+01 -6.462956e+00
      vertex   1.028716e+02 4.666667e+01 -7.702113e+00
    endloop
  endfacet
  facet normal 8.812296e-01 0.000000e+00 -4.726885e-01
    outer loop
      vertex   1.028716e+02 4.666667e+01 -7.702113e+00
      vertex   1.035363e+02 2.333333e+01 -6.462956e+00
      vertex   1.028716e+02 2.333333e+01 -7.702113e+00
    endloop
  endfacet
  facet normal 8.330942e-01 0.000000e+00 -5.531312e-01
    outer loop
      vertex   1.028716e+02 4.666667e+01 -7.702113e+00
      vertex   1.028716e+02 2.333333e+01 -7.702113e+00
      vertex   1.020938e+02 4.666667e+01 -8.873583e+00
    endloop
  endfacet
  facet normal 8.330942e-01 0.000000e+00 -5.531312e-01
    outer loop
      vertex   1.020938e+02 4.666667e+01 -8.873583e+00
      vertex   1.028716e+02 2.333333e+01 -7.702113e+00
      vertex   1.020938e+02 2.333333e+01 -8.873583e+00
    endloop
  endfacet
  facet normal 7.776375e-01 0.000000e+00 -6.287129e-01
    outer loop
      vertex   1.020938e+02 4.666667e+01 -8.873583e+00
      vertex   1.020938e+02 2.333333e+01 -8.873583e+00
      vertex   1.012097e+02 4.666667e+01 -9.967072e+00
    endloop
  endfacet
  facet normal 7.776375e-01 3.300188e-16 -6.287129e-01
    outer loop
      vertex   1.012097e+02 4.666667e+01 -9.967072e+00
      vertex   1.020938e+02 2.333333e+01 -8.873583e+00
      vertex   1.012097e+02 2.333333e+01 -9.967072e+00
    endloop
  endfacet
  facet normal 7.153470e-01 2.760814e-16 -6.987694e-01
    outer loop
      vertex   1.012097e+02 4.666667e+01 -9.967072e+00
      vertex   1.012097e+02 2.333333e+01 -9.967072e+00
      vertex   1.002271e+02 4.666667e+01 -1.097297e+01
    endloop
  endfacet
  facet normal 7.153470e-01 0.000000e+00 -6.987694e-01
    outer loop
      vertex   1.002271e+02 4.666667e+01 -1.097297e+01
      vertex   1.012097e+02 2.333333e+01 -9.967072e+00
      vertex   1.002271e+02 2.333333e+01 -1.097297e+01
    endloop
  endfacet
  facet normal 6.467699e-01 0.000000e+00 -7.626852e-01
    outer loop
      vertex   1.002271e+02 4.666667e+01 -1.097297e+01
      vertex   1.002271e+02 2.333333e+01 -1.097297e+01
      vertex   9.915465e+01 4.666667e+01 -1.188244e+01
    endloop
  endfacet
  facet normal 6.467699e-01 0.000000e+00 -7.626852e-01
    outer loop
      vertex   9.915465e+01 4.666667e+01 -1.188244e+01
      vertex   1.002271e+02 2.333333e+01 -1.097297e+01
      vertex   9.915465e+01 2.333333e+01 -1.188244e+01
    endloop
  endfacet
  facet normal 5.725090e-01 0.000000e+00 -8.198984e-01
    outer loop
      vertex   9.915465e+01 4.666667e+01 -1.188244e+01
      vertex   9.915465e+01 2.333333e+01 -1.188244e+01
      vertex   9.800174e+01 4.666667e+01 -1.268748e+01
    endloop
  endfacet
  facet normal 5.725090e-01 0.000000e+00 -8.198984e-01
    outer loop
      vertex   9.800174e+01 4.666667e+01 -1.268748e+01
      vertex   9.915465e+01 2.333333e+01 -1.188244e+01
      vertex   9.800174e+01 2.333333e+01 -1.268748e+01
    endloop
  endfacet
  facet normal 4.932169e-01 0.000000e+00 -8.699064e-01
    outer loop
      vertex   9.800174e+01 4.666667e+01 -1.268748e+01
      vertex   9.800174e+01 2.333333e+01 -1.268748e+01
      vertex   9.677850e+01 4.666667e+01 -1.338103e+01
    endloop
  endfacet
  facet normal 4.932169e-01 1.679359e-16 -8.699064e-01
    outer loop
      vertex   9.677850e+01 4.666667e+01 -1.338103e+01
      vertex   9.800174e+01 2.333333e+01 -1.268748e+01
      vertex   9.677850e+01 2.333333e+01 -1.338103e+01
    endloop
  endfacet
  facet normal 4.095904e-01 1.105541e-16 -9.122696e-01
    outer loop
      vertex   9.677850e+01 4.666667e+01 -1.338103e+01
      vertex   9.677850e+01 2.333333e+01 -1.338103e+01
      vertex   9.549570e+01 4.666667e+01 -1.395698e+01
    endloop
  endfacet
  facet normal 4.095904e-01 0.000000e+00 -9.122696e-01
    outer loop
      vertex   9.549570e+01 4.666667e+01 -1.395698e+01
      vertex   9.677850e+01 2.333333e+01 -1.338103e+01
      vertex   9.549570e+01 2.333333e+01 -1.395698e+01
    endloop
  endfacet
  facet normal 3.223643e-01 0.000000e+00 -9.466157e-01
    outer loop
      vertex   9.549570e+01 4.666667e+01 -1.395698e+01
      vertex   9.549570e+01 2.333333e+01 -1.395698e+01
      vertex   9.416460e+01 4.666667e+01 -1.441028e+01
    endloop
  endfacet
  facet normal 3.223643e-01 0.000000e+00 -9.466157e-01
    outer loop
      vertex   9.416460e+01 4.666667e+01 -1.441028e+01
      vertex   9.549570e+01 2.333333e+01 -1.395698e+01
      vertex   9.416460e+01 2.333333e+01 -1.441028e+01
    endloop
  endfacet
  facet normal 2.323054e-01 0.000000e+00 -9.726429e-01
    outer loop
      vertex   9.416460e+01 4.666667e+01 -1.441028e+01
      vertex   9.416460e+01 2.333333e+01 -1.441028e+01
      vertex   9.279690e+01 4.666667e+01 -1.473694e+01
    endloop
  endfacet
  facet normal 2.323054e-01 0.000000e+00 -9.726429e-01
    outer loop
      vertex   9.279690e+01 4.666667e+01 -1.473694e+01
      vertex   9.416460e+01 2.333333e+01 -1.441028e+01
      vertex   9.279690e+01 2.333333e+01 -1.473694e+01
    endloop
  endfacet
  facet normal 1.402049e-01 0.000000e+00 -9.901225e-01
    outer loop
      vertex   9.279690e+01 4.666667e+01 -1.473694e+01
      vertex   9.279690e+01 2.333333e+01 -1.473694e+01
      vertex   9.140462e+01 4.666667e+01 -1.493409e+01
    endloop
  endfacet
  facet normal 1.402049e-01 0.000000e+00 -9.901225e-01
    outer loop
      vertex   9.140462e+01 4.666667e+01 -1.493409e+01
      vertex   9.279690e+01 2.333333e+01 -1.473694e+01
      vertex   9.140462e+01 2.333333e+01 -1.493409e+01
    endloop
  endfacet
  facet normal 4.687226e-02 0.000000e+00 -9.989009e-01
    outer loop
      vertex   9.140462e+01 4.666667e+01 -1.493409e+01
      vertex   9.140462e+01 2.333333e+01 -1.493409e+01
      vertex   9.000000e+01 4.666667e+01 -1.500000e+01
    endloop
  endfacet
  facet normal 4.687226e-02 0.000000e+00 -9.989009e-01
    outer loop
      vertex   9.000000e+01 4.666667e+01 -1.500000e+01
      vertex   9.140462e+01 2.333333e+01 -1.493409e+01
      vertex   9.000000e+01 2.333333e+01 -1.500000e+01
    endloop
  endfacet
  facet normal 0.000000e+00 1.000000e+00 0.000000e+00
    outer loop
      vertex   8.907495e+01 7.000000e+01 6.433839e+00
      vertex   8.929692e+01 7.000000e+01 1.498351e+01
      vertex   9.000000e+01 7.000000e+01 6.500000e+00
    endloop
  endfacet
  facet normal 0.000000e+00 1.000000e+00 -0.000000e+00
    outer loop
      vertex   9.000000e+01 7.000000e+01 6.500000e+00
      vertex   8.929692e+01 7.000000e+01 1.498351e+01
      vertex   9.070308e+01 7.000000e+01 1.498351e+01
    endloop
  endfacet
  facet normal -0.000000e+00 1.000000e+00 0.000000e+00
    outer loop
      vertex   9.000000e+01 7.000000e+01 6.500000e+00
      vertex   9.070308e+01 7.000000e+01 1.498351e+01
      vertex   9.092505e+01 7.000000e+01 6.433839e+00
    endloop
  endfacet
  facet normal 0.000000e+00 1.000000e+00 -0.000000e+00
    outer loop
      vertex   9.092505e+01 7.000000e+01 6.433839e+00
      vertex   9.070308e+01 7.000000e+01 1.498351e+01
      vertex   9.210307e+01 7.000000e+01 1.485184e+01
    endloop
  endfacet
  facet normal 0.000000e+00 1.000000e+00 0.000000e+00
    outer loop
      vertex   9.092505e+01 7.000000e+01 6.433839e+00
      vertex   9.210307e+01 7.000000e+01 1.485184e+01
      vertex   9.348458e+01 7.000000e+01 1.458964e+01
    endloop
  endfacet
  facet normal 0.000000e+00 1.000000e+00 -0.000000e+00
    outer loop
      vertex   8.816874e+01 7.000000e+01 6.236704e+00
      vertex   8.651542e+01 7.000000e+01 1.458964e+01
      vertex   8.907495e+01 7.000000e+01 6.433839e+00
    endloop
  endfacet
  facet normal 0.000000e+00 1.000000e+00 0.000000e+00
    outer loop
      vertex   8.907495e+01 7.000000e+01 6.433839e+00
      vertex   8.651542e+01 7.000000e+01 1.458964e+01
      vertex   8.789693e+01 7.000000e+01 1.485184e+01
    endloop
  endfacet
  facet normal 0.000000e+00 1.000000e+00 -0.000000e+00
    outer loop
      vertex   8.907495e+01 7.000000e+01 6.433839e+00
      vertex   8.789693e+01 7.000000e+01 1.485184e+01
      vertex   8.929692e+01 7.000000e+01 1.498351e+01
    endloop
  endfacet
  facet normal 0.000000e+00 1.000000e+00 0.000000e+00
    outer loop
      vertex   8.651542e+01 7.000000e+01 1.458964e+01
      vertex   8.816874e+01 7.000000e+01 6.236704e+00
      vertex   8.516454e+01 7.000000e+01 1.419924e+01
    endloop
  endfacet
  facet normal 0.000000e+00 1.000000e+00 0.000000e+00
    outer loop
      vertex   8.516454e+01 7.000000e+01 1.419924e+01
      vertex   8.816874e+01 7.000000e+01 6.236704e+00
      vertex   8.729980e+01 7.000000e+01 5.912608e+00
    endloop
  endfacet
  facet normal 0.000000e+00 1.000000e+00 0.000000e+00
    outer loop
      vertex   8.516454e+01 7.000000e+01 1.419924e+01
      vertex   8.729980e+01 7.000000e+01 5.912608e+00
      vertex   8.385614e+01 7.000000e+01 1.368404e+01
    endloop
  endfacet
  facet normal 0.000000e+00 1.000000e+00 0.000000e+00
    outer loop
      vertex   8.385614e+01 7.000000e+01 1.368404e+01
      vertex   8.729980e+01 7.000000e+01 5.912608e+00
      vertex   8.260175e+01 7.000000e+01 1.304860e+01
    endloop
  endfacet
  facet normal 0.000000e+00 1.000000e+00 0.000000e+00
    outer loop
      vertex   8.260175e+01 7.000000e+01 1.304860e+01
      vertex   8.729980e+01 7.000000e+01 5.912608e+00
      vertex   8.648583e+01 7.000000e+01 5.468148e+00
    endloop
  endfacet
  facet normal 0.000000e+00 1.000000e+00 0.000000e+00
    outer loop
      vertex   8.260175e+01 7.000000e+01 1.304860e+01
      vertex   8.648583e+01 7.000000e+01 5.468148e+00
      vertex   8.141236e+01 7.000000e+01 1.229848e+01
    endloop
  endfacet
  facet normal 0.000000e+00 1.000000e+00 0.000000e+00
    outer loop
      vertex   8.141236e+01 7.000000e+01 1.229848e+01
      vertex   8.648583e+01 7.000000e+01 5.468148e+00
      vertex   8.574341e+01 7.000000e+01 4.912372e+00
    endloop
  endfacet
  facet normal 0.000000e+00 1.000000e+00 0.000000e+00
    outer loop
      vertex   8.141236e+01 7.000000e+01 1.229848e+01
      vertex   8.574341e+01 7.000000e+01 4.912372e+00
      vertex   8.029845e+01 7.000000e+01 1.144028e+01
    endloop
  endfacet
  facet normal 0.000000e+00 1.000000e+00 0.000000e+00
    outer loop
      vertex   8.029845e+01 7.000000e+01 1.144028e+01
      vertex   8.574341e+01 7.000000e+01 4.912372e+00
      vertex   7.926980e+01 7.000000e+01 1.048154e+01
    endloop
  endfacet
  facet normal 0.000000e+00 1.000000e+00 0.000000e+00
    outer loop
      vertex   7.926980e+01 7.000000e+01 1.048154e+01
      vertex   8.574341e+01 7.000000e+01 4.912372e+00
      vertex   8.508763e+01 7.000000e+01 4.256595e+00
    endloop
  endfacet
  facet normal 0.000000e+00 1.000000e+00 0.000000e+00
    outer loop
      vertex   7.926980e+01 7.000000e+01 1.048154e+01
      vertex   8.508763e+01 7.000000e+01 4.256595e+00
      vertex   7.833544e+01 7.000000e+01 9.430693e+00
    endloop
  endfacet
  facet normal 0.000000e+00 1.000000e+00 0.000000e+00
    outer loop
      vertex   7.833544e+01 7.000000e+01 9.430693e+00
      vertex   8.508763e+01 7.000000e+01 4.256595e+00
      vertex   8.453185e+01 7.000000e+01 3.514165e+00
    endloop
  endfacet
  facet normal 0.000000e+00 1.000000e+00 0.000000e+00
    outer loop
      vertex   7.833544e+01 7.000000e+01 9.430693e+00
      vertex   8.453185e+01 7.000000e+01 3.514165e+00
      vertex   7.750359e+01 7.000000e+01 8.296967e+00
    endloop
  endfacet
  facet normal 0.000000e+00 1.000000e+00 0.000000e+00
    outer loop
      vertex   7.750359e+01 7.000000e+01 8.296967e+00
      vertex   8.453185e+01 7.000000e+01 3.514165e+00
      vertex   7.678156e+01 7.000000e+01 7.090328e+00
    endloop
  endfacet
  facet normal 0.000000e+00 1.000000e+00 0.000000e+00
    outer loop
      vertex   7.678156e+01 7.000000e+01 7.090328e+00
      vertex   8.453185e+01 7.000000e+01 3.514165e+00
      vertex   8.408739e+01 7.000000e+01 2.700198e+00
    endloop
  endfacet
  facet normal 0.000000e+00 1.000000e+00 0.000000e+00
    outer loop
      vertex   7.678156e+01 7.000000e+01 7.090328e+00
      vertex   8.408739e+01 7.000000e+01 2.700198e+00
      vertex   7.617569e+01 7.000000e+01 5.821378e+00
    endloop
  endfacet
  facet normal 0.000000e+00 1.000000e+00 0.000000e+00
    outer loop
      vertex   7.617569e+01 7.000000e+01 5.821378e+00
      vertex   8.408739e+01 7.000000e+01 2.700198e+00
      vertex   8.376330e+01 7.000000e+01 1.831262e+00
    endloop
  endfacet
  facet normal 0.000000e+00 1.000000e+00 0.000000e+00
    outer loop
      vertex   7.617569e+01 7.000000e+01 5.821378e+00
      vertex   8.376330e+01 7.000000e+01 1.831262e+00
      vertex   7.569131e+01 7.000000e+01 4.501270e+00
    endloop
  endfacet
  facet normal 0.000000e+00 1.000000e+00 0.000000e+00
    outer loop
      vertex   7.569131e+01 7.000000e+01 4.501270e+00
      vertex   8.376330e+01 7.000000e+01 1.831262e+00
      vertex   7.533268e+01 7.000000e+01 3.141604e+00
    endloop
  endfacet
  facet normal 0.000000e+00 1.000000e+00 0.000000e+00
    outer loop
      vertex   7.533268e+01 7.000000e+01 3.141604e+00
      vertex   8.376330e+01 7.000000e+01 1.831262e+00
      vertex   8.356616e+01 7.000000e+01 9.250464e-01
    endloop
  endfacet
  facet normal 0.000000e+00 1.000000e+00 0.000000e+00
    outer loop
      vertex   7.533268e+01 7.000000e+01 3.141604e+00
      vertex   8.356616e+01 7.000000e+01 9.250464e-01
      vertex   7.510294e+01 7.000000e+01 1.754330e+00
    endloop
  endfacet
  facet normal 0.000000e+00 1.000000e+00 0.000000e+00
    outer loop
      vertex   7.510294e+01 7.000000e+01 1.754330e+00
      vertex   8.356616e+01 7.000000e+01 9.250464e-01
      vertex   8.350000e+01 7.000000e+01 1.494069e-14
    endloop
  endfacet
  facet normal 0.000000e+00 1.000000e+00 0.000000e+00
    outer loop
      vertex   7.510294e+01 7.000000e+01 1.754330e+00
      vertex   8.350000e+01 7.000000e+01 1.494069e-14
      vertex   7.500412e+01 7.000000e+01 3.516386e-01
    endloop
  endfacet
  facet normal 0.000000e+00 1.000000e+00 0.000000e+00
    outer loop
      vertex   7.500412e+01 7.000000e+01 3.516386e-01
      vertex   8.350000e+01 7.000000e+01 1.494069e-14
      vertex   7.503709e+01 7.000000e+01 -1.054143e+00
    endloop
  endfacet
  facet normal 0.000000e+00 1.000000e+00 0.000000e+00
    outer loop
      vertex   7.503709e+01 7.000000e+01 -1.054143e+00
      vertex   8.350000e+01 7.000000e+01 1.494069e-14
      vertex   8.356616e+01 7.000000e+01 -9.250464e-01
    endloop
  endfacet
  facet normal -0.000000e+00 1.000000e+00 0.000000e+00
    outer loop
      vertex   7.503709e+01 7.000000e+01 -1.054143e+00
      vertex   8.356616e+01 7.000000e+01 -9.250464e-01
      vertex   7.520155e+01 7.000000e+01 -2.450660e+00
    endloop
  endfacet
  facet normal -0.000000e+00 1.000000e+00 0.000000e+00
    outer loop
      vertex   7.520155e+01 7.000000e+01 -2.450660e+00
      vertex   8.356616e+01 7.000000e+01 -9.250464e-01
      vertex   7.549605e+01 7.000000e+01 -3.825642e+00
    endloop
  endfacet
  facet normal 0.000000e+00 1.000000e+00 0.000000e+00
    outer loop
      vertex   7.549605e+01 7.000000e+01 -3.825642e+00
      vertex   8.356616e+01 7.000000e+01 -9.250464e-01
      vertex   8.376330e+01 7.000000e+01 -1.831262e+00
    endloop
  endfacet
  facet normal -0.000000e+00 1.000000e+00 0.000000e+00
    outer loop
      vertex   7.549605e+01 7.000000e+01 -3.825642e+00
      vertex   8.376330e+01 7.000000e+01 -1.831262e+00
      vertex   7.591802e+01 7.000000e+01 -5.167003e+00
    endloop
  endfacet
  facet normal 0.000000e+00 1.000000e+00 0.000000e+00
    outer loop
      vertex   7.591802e+01 7.000000e+01 -5.167003e+00
      vertex   8.376330e+01 7.000000e+01 -1.831262e+00
      vertex   8.408739e+01 7.000000e+01 -2.700198e+00
    endloop
  endfacet
  facet normal -0.000000e+00 1.000000e+00 0.000000e+00
    outer loop
      vertex   7.591802e+01 7.000000e+01 -5.167003e+00
      vertex   8.408739e+01 7.000000e+01 -2.700198e+00
      vertex   7.646375e+01 7.000000e+01 -6.462956e+00
    endloop
  endfacet
  facet normal -0.000000e+00 1.000000e+00 0.000000e+00
    outer loop
      vertex   7.646375e+01 7.000000e+01 -6.462956e+00
      vertex   8.408739e+01 7.000000e+01 -2.700198e+00
      vertex   7.712842e+01 7.000000e+01 -7.702113e+00
    endloop
  endfacet
  facet normal -0.000000e+00 1.000000e+00 0.000000e+00
    outer loop
      vertex   7.712842e+01 7.000000e+01 -7.702113e+00
      vertex   8.408739e+01 7.000000e+01 -2.700198e+00
      vertex   7.790622e+01 7.000000e+01 -8.873583e+00
    endloop
  endfacet
  facet normal -0.000000e+00 1.000000e+00 0.000000e+00
    outer loop
      vertex   7.790622e+01 7.000000e+01 -8.873583e+00
      vertex   8.408739e+01 7.000000e+01 -2.700198e+00
      vertex   7.879030e+01 7.000000e+01 -9.967072e+00
    endloop
  endfacet
  facet normal -0.000000e+00 1.000000e+00 0.000000e+00
    outer loop
      vertex   7.879030e+01 7.000000e+01 -9.967072e+00
      vertex   8.408739e+01 7.000000e+01 -2.700198e+00
      vertex   7.977288e+01 7.000000e+01 -1.097297e+01
    endloop
  endfacet
  facet normal 0.000000e+00 1.000000e+00 0.000000e+00
    outer loop
      vertex   7.977288e+01 7.000000e+01 -1.097297e+01
      vertex   8.408739e+01 7.000000e+01 -2.700198e+00
      vertex   8.453185e+01 7.000000e+01 -3.514165e+00
    endloop
  endfacet
  facet normal 0.000000e+00 1.000000e+00 0.000000e+00
    outer loop
      vertex   7.977288e+01 7.000000e+01 -1.097297e+01
      vertex   8.453185e+01 7.000000e+01 -3.514165e+00
      vertex   8.508763e+01 7.000000e+01 -4.256595e+00
    endloop
  endfacet
  facet normal 0.000000e+00 1.000000e+00 0.000000e+00
    outer loop
      vertex   8.508763e+01 7.000000e+01 -4.256595e+00
      vertex   8.574341e+01 7.000000e+01 -4.912372e+00
      vertex   7.977288e+01 7.000000e+01 -1.097297e+01
    endloop
  endfacet
  facet normal -0.000000e+00 1.000000e+00 0.000000e+00
    outer loop
      vertex   7.977288e+01 7.000000e+01 -1.097297e+01
      vertex   8.574341e+01 7.000000e+01 -4.912372e+00
      vertex   8.084535e+01 7.000000e+01 -1.188244e+01
    endloop
  endfacet
  facet normal 0.000000e+00 1.000000e+00 0.000000e+00
    outer loop
      vertex   8.084535e+01 7.000000e+01 -1.188244e+01
      vertex   8.574341e+01 7.000000e+01 -4.912372e+00
      vertex   8.648583e+01 7.000000e+01 -5.468148e+00
    endloop
  endfacet
  facet normal -0.000000e+00 1.000000e+00 0.000000e+00
    outer loop
      vertex   8.084535e+01 7.000000e+01 -1.188244e+01
      vertex   8.648583e+01 7.000000e+01 -5.468148e+00
      vertex   8.199826e+01 7.000000e+01 -1.268748e+01
    endloop
  endfacet
  facet normal -0.000000e+00 1.000000e+00 0.000000e+00
    outer loop
      vertex   8.199826e+01 7.000000e+01 -1.268748e+01
      vertex   8.648583e+01 7.000000e+01 -5.468148e+00
      vertex   8.322150e+01 7.000000e+01 -1.338103e+01
    endloop
  endfacet
  facet normal 0.000000e+00 1.000000e+00 0.000000e+00
    outer loop
      vertex   8.322150e+01 7.000000e+01 -1.338103e+01
      vertex   8.648583e+01 7.000000e+01 -5.468148e+00
      vertex   8.729980e+01 7.000000e+01 -5.912608e+00
    endloop
  endfacet
  facet normal -0.000000e+00 1.000000e+00 0.000000e+00
    outer loop
      vertex   8.322150e+01 7.000000e+01 -1.338103e+01
      vertex   8.729980e+01 7.000000e+01 -5.912608e+00
      vertex   8.450430e+01 7.000000e+01 -1.395698e+01
    endloop
  endfacet
  facet normal 0.000000e+00 1.000000e+00 0.000000e+00
    outer loop
      vertex   8.450430e+01 7.000000e+01 -1.395698e+01
      vertex   8.729980e+01 7.000000e+01 -5.912608e+00
      vertex   8.816874e+01 7.000000e+01 -6.236704e+00
    endloop
  endfacet
  facet normal -0.000000e+00 1.000000e+00 0.000000e+00
    outer loop
      vertex   8.450430e+01 7.000000e+01 -1.395698e+01
      vertex   8.816874e+01 7.000000e+01 -6.236704e+00
      vertex   8.583540e+01 7.000000e+01 -1.441028e+01
    endloop
  endfacet
  facet normal -0.000000e+00 1.000000e+00 0.000000e+00
    outer loop
      vertex   8.583540e+01 7.000000e+01 -1.441028e+01
      vertex   8.816874e+01 7.000000e+01 -6.236704e+00
      vertex   8.720310e+01 7.000000e+01 -1.473694e+01
    endloop
  endfacet
  facet normal 0.000000e+00 1.000000e+00 0.000000e+00
    outer loop
      vertex   8.720310e+01 7.000000e+01 -1.473694e+01
      vertex   8.816874e+01 7.000000e+01 -6.236704e+00
      vertex   8.907495e+01 7.000000e+01 -6.433839e+00
    endloop
  endfacet
  facet normal -0.000000e+00 1.000000e+00 0.000000e+00
    outer loop
      vertex   8.720310e+01 7.000000e+01 -1.473694e+01
      vertex   8.907495e+01 7.000000e+01 -6.433839e+00
      vertex   8.859538e+01 7.000000e+01 -1.493409e+01
    endloop
  endfacet
  facet normal 0.000000e+00 1.000000e+00 0.000000e+00
    outer loop
      vertex   8.859538e+01 7.000000e+01 -1.493409e+01
      vertex   8.907495e+01 7.000000e+01 -6.433839e+00
      vertex   9.000000e+01 7.000000e+01 -6.500000e+00
    endloop
  endfacet
  facet normal -0.000000e+00 1.000000e+00 0.000000e+00
    outer loop
      vertex   8.859538e+01 7.000000e+01 -1.493409e+01
      vertex   9.000000e+01 7.000000e+01 -6.500000e+00
      vertex   9.000000e+01 7.000000e+01 -1.500000e+01
    endloop
  endfacet
  facet normal 0.000000e+00 1.000000e+00 0.000000e+00
    outer loop
      vertex   9.000000e+01 7.000000e+01 -1.500000e+01
      vertex   9.000000e+01 7.000000e+01 -6.500000e+00
      vertex   9.140462e+01 7.000000e+01 -1.493409e+01
    endloop
  endfacet
  facet normal 0.000000e+00 1.000000e+00 0.000000e+00
    outer loop
      vertex   9.140462e+01 7.000000e+01 -1.493409e+01
      vertex   9.000000e+01 7.000000e+01 -6.500000e+00
      vertex   9.092505e+01 7.000000e+01 -6.433839e+00
    endloop
  endfacet
  facet normal 0.000000e+00 1.000000e+00 -0.000000e+00
    outer loop
      vertex   9.140462e+01 7.000000e+01 -1.493409e+01
      vertex   9.092505e+01 7.000000e+01 -6.433839e+00
      vertex   9.279690e+01 7.000000e+01 -1.473694e+01
    endloop
  endfacet
  facet normal 0.000000e+00 1.000000e+00 0.000000e+00
    outer loop
      vertex   9.279690e+01 7.000000e+01 -1.473694e+01
      vertex   9.092505e+01 7.000000e+01 -6.433839e+00
      vertex   9.183126e+01 7.000000e+01 -6.236704e+00
    endloop
  endfacet
  facet normal 0.000000e+00 1.000000e+00 -0.000000e+00
    outer loop
      vertex   9.279690e+01 7.000000e+01 -1.473694e+01
      vertex   9.183126e+01 7.000000e+01 -6.236704e+00
      vertex   9.416460e+01 7.000000e+01 -1.441028e+01
    endloop
  endfacet
  facet normal 0.000000e+00 1.000000e+00 -0.000000e+00
    outer loop
      vertex   9.416460e+01 7.000000e+01 -1.441028e+01
      vertex   9.183126e+01 7.000000e+01 -6.236704e+00
      vertex   9.549570e+01 7.000000e+01 -1.395698e+01
    endloop
  endfacet
  facet normal 0.000000e+00 1.000000e+00 0.000000e+00
    outer loop
      vertex   9.549570e+01 7.000000e+01 -1.395698e+01
      vertex   9.183126e+01 7.000000e+01 -6.236704e+00
      vertex   9.270020e+01 7.000000e+01 -5.912608e+00
    endloop
  endfacet
  facet normal 0.000000e+00 1.000000e+00 -0.000000e+00
    outer loop
      vertex   9.549570e+01 7.000000e+01 -1.395698e+01
      vertex   9.270020e+01 7.000000e+01 -5.912608e+00
      vertex   9.677850e+01 7.000000e+01 -1.338103e+01
    endloop
  endfacet
  facet normal 0.000000e+00 1.000000e+00 0.000000e+00
    outer loop
      vertex   9.677850e+01 7.000000e+01 -1.338103e+01
      vertex   9.270020e+01 7.000000e+01 -5.912608e+00
      vertex   9.351417e+01 7.000000e+01 -5.468148e+00
    endloop
  endfacet
  facet normal 0.000000e+00 1.000000e+00 -0.000000e+00
    outer loop
      vertex   9.677850e+01 7.000000e+01 -1.338103e+01
      vertex   9.351417e+01 7.000000e+01 -5.468148e+00
      vertex   9.800174e+01 7.000000e+01 -1.268748e+01
    endloop
  endfacet
  facet normal 0.000000e+00 1.000000e+00 -0.000000e+00
    outer loop
      vertex   9.800174e+01 7.000000e+01 -1.268748e+01
      vertex   9.351417e+01 7.000000e+01 -5.468148e+00
      vertex   9.915465e+01 7.000000e+01 -1.188244e+01
    endloop
  endfacet
  facet normal 0.000000e+00 1.000000e+00 0.000000e+00
    outer loop
      vertex   9.915465e+01 7.000000e+01 -1.188244e+01
      vertex   9.351417e+01 7.000000e+01 -5.468148e+00
      vertex   9.425659e+01 7.000000e+01 -4.912372e+00
    endloop
  endfacet
  facet normal 0.000000e+00 1.000000e+00 -0.000000e+00
    outer loop
      vertex   9.915465e+01 7.000000e+01 -1.188244e+01
      vertex   9.425659e+01 7.000000e+01 -4.912372e+00
      vertex   1.002271e+02 7.000000e+01 -1.097297e+01
    endloop
  endfacet
  facet normal 0.000000e+00 1.000000e+00 0.000000e+00
    outer loop
      vertex   1.002271e+02 7.000000e+01 -1.097297e+01
      vertex   9.425659e+01 7.000000e+01 -4.912372e+00
      vertex   9.491237e+01 7.000000e+01 -4.256595e+00
    endloop
  endfacet
  facet normal 0.000000e+00 1.000000e+00 -0.000000e+00
    outer loop
      vertex   1.002271e+02 7.000000e+01 -1.097297e+01
      vertex   9.491237e+01 7.000000e+01 -4.256595e+00
      vertex   1.012097e+02 7.000000e+01 -9.967072e+00
    endloop
  endfacet
  facet normal 0.000000e+00 1.000000e+00 -0.000000e+00
    outer loop
      vertex   1.012097e+02 7.000000e+01 -9.967072e+00
      vertex   9.491237e+01 7.000000e+01 -4.256595e+00
      vertex   1.020938e+02 7.000000e+01 -8.873583e+00
    endloop
  endfacet
  facet normal 0.000000e+00 1.000000e+00 0.000000e+00
    outer loop
      vertex   1.020938e+02 7.000000e+01 -8.873583e+00
      vertex   9.491237e+01 7.000000e+01 -4.256595e+00
      vertex   9.546815e+01 7.000000e+01 -3.514165e+00
    endloop
  endfacet
  facet normal 0.000000e+00 1.000000e+00 -0.000000e+00
    outer loop
      vertex   1.020938e+02 7.000000e+01 -8.873583e+00
      vertex   9.546815e+01 7.000000e+01 -3.514165e+00
      vertex   1.028716e+02 7.000000e+01 -7.702113e+00
    endloop
  endfacet
  facet normal 0.000000e+00 1.000000e+00 0.000000e+00
    outer loop
      vertex   1.028716e+02 7.000000e+01 -7.702113e+00
      vertex   9.546815e+01 7.000000e+01 -3.514165e+00
      vertex   9.591261e+01 7.000000e+01 -2.700198e+00
    endloop
  endfacet
  facet normal 0.000000e+00 1.000000e+00 -0.000000e+00
    outer loop
      vertex   1.028716e+02 7.000000e+01 -7.702113e+00
      vertex   9.591261e+01 7.000000e+01 -2.700198e+00
      vertex   1.035363e+02 7.000000e+01 -6.462956e+00
    endloop
  endfacet
  facet normal 0.000000e+00 1.000000e+00 -0.000000e+00
    outer loop
      vertex   1.035363e+02 7.000000e+01 -6.462956e+00
      vertex   9.591261e+01 7.000000e+01 -2.700198e+00
      vertex   1.040820e+02 7.000000e+01 -5.167003e+00
    endloop
  endfacet
  facet normal 0.000000e+00 1.000000e+00 0.000000e+00
    outer loop
      vertex   1.040820e+02 7.000000e+01 -5.167003e+00
      vertex   9.591261e+01 7.000000e+01 -2.700198e+00
      vertex   9.623670e+01 7.000000e+01 -1.831262e+00
    endloop
  endfacet
  facet normal 0.000000e+00 1.000000e+00 -0.000000e+00
    outer loop
      vertex   1.040820e+02 7.000000e+01 -5.167003e+00
      vertex   9.623670e+01 7.000000e+01 -1.831262e+00
      vertex   1.045039e+02 7.000000e+01 -3.825642e+00
    endloop
  endfacet
  facet normal 0.000000e+00 1.000000e+00 0.000000e+00
    outer loop
      vertex   1.045039e+02 7.000000e+01 -3.825642e+00
      vertex   9.623670e+01 7.000000e+01 -1.831262e+00
      vertex   9.643384e+01 7.000000e+01 -9.250464e-01
    endloop
  endfacet
  facet normal 0.000000e+00 1.000000e+00 -0.000000e+00
    outer loop
      vertex   1.045039e+02 7.000000e+01 -3.825642e+00
      vertex   9.643384e+01 7.000000e+01 -9.250464e-01
      vertex   1.047985e+02 7.000000e+01 -2.450660e+00
    endloop
  endfacet
  facet normal 0.000000e+00 1.000000e+00 -0.000000e+00
    outer loop
      vertex   1.047985e+02 7.000000e+01 -2.450660e+00
      vertex   9.643384e+01 7.000000e+01 -9.250464e-01
      vertex   1.049629e+02 7.000000e+01 -1.054143e+00
    endloop
  endfacet
  facet normal 0.000000e+00 1.000000e+00 0.000000e+00
    outer loop
      vertex   1.049629e+02 7.000000e+01 -1.054143e+00
      vertex   9.643384e+01 7.000000e+01 -9.250464e-01
      vertex   9.650000e+01 7.000000e+01 1.732875e-14
    endloop
  endfacet
  facet normal 0.000000e+00 1.000000e+00 -0.000000e+00
    outer loop
      vertex   1.049629e+02 7.000000e+01 -1.054143e+00
      vertex   9.650000e+01 7.000000e+01 1.732875e-14
      vertex   1.049959e+02 7.000000e+01 3.516386e-01
    endloop
  endfacet
  facet normal 0.000000e+00 1.000000e+00 0.000000e+00
    outer loop
      vertex   1.049959e+02 7.000000e+01 3.516386e-01
      vertex   9.650000e+01 7.000000e+01 1.732875e-14
      vertex   1.048971e+02 7.000000e+01 1.754330e+00
    endloop
  endfacet
  facet normal 0.000000e+00 1.000000e+00 0.000000e+00
    outer loop
      vertex   1.048971e+02 7.000000e+01 1.754330e+00
      vertex   9.650000e+01 7.000000e+01 1.732875e-14
      vertex   9.643384e+01 7.000000e+01 9.250464e-01
    endloop
  endfacet
  facet normal 0.000000e+00 1.000000e+00 0.000000e+00
    outer loop
      vertex   1.048971e+02 7.000000e+01 1.754330e+00
      vertex   9.643384e+01 7.000000e+01 9.250464e-01
      vertex   1.046673e+02 7.000000e+01 3.141604e+00
    endloop
  endfacet
  facet normal 0.000000e+00 1.000000e+00 0.000000e+00
    outer loop
      vertex   1.046673e+02 7.000000e+01 3.141604e+00
      vertex   9.643384e+01 7.000000e+01 9.250464e-01
      vertex   9.623670e+01 7.000000e+01 1.831262e+00
    endloop
  endfacet
  facet normal 0.000000e+00 1.000000e+00 0.000000e+00
    outer loop
      vertex   1.046673e+02 7.000000e+01 3.141604e+00
      vertex   9.623670e+01 7.000000e+01 1.831262e+00
      vertex   1.043087e+02 7.000000e+01 4.501270e+00
    endloop
  endfacet
  facet normal 0.000000e+00 1.000000e+00 0.000000e+00
    outer loop
      vertex   1.043087e+02 7.000000e+01 4.501270e+00
      vertex   9.623670e+01 7.000000e+01 1.831262e+00
      vertex   1.038243e+02 7.000000e+01 5.821378e+00
    endloop
  endfacet
  facet normal 0.000000e+00 1.000000e+00 0.000000e+00
    outer loop
      vertex   1.038243e+02 7.000000e+01 5.821378e+00
      vertex   9.623670e+01 7.000000e+01 1.831262e+00
      vertex   9.591261e+01 7.000000e+01 2.700198e+00
    endloop
  endfacet
  facet normal 0.000000e+00 1.000000e+00 0.000000e+00
    outer loop
      vertex   1.038243e+02 7.000000e+01 5.821378e+00
      vertex   9.591261e+01 7.000000e+01 2.700198e+00
      vertex   1.032184e+02 7.000000e+01 7.090328e+00
    endloop
  endfacet
  facet normal 0.000000e+00 1.000000e+00 0.000000e+00
    outer loop
      vertex   1.032184e+02 7.000000e+01 7.090328e+00
      vertex   9.591261e+01 7.000000e+01 2.700198e+00
      vertex   9.546815e+01 7.000000e+01 3.514165e+00
    endloop
  endfacet
  facet normal 0.000000e+00 1.000000e+00 0.000000e+00
    outer loop
      vertex   1.032184e+02 7.000000e+01 7.090328e+00
      vertex   9.546815e+01 7.000000e+01 3.514165e+00
      vertex   1.024964e+02 7.000000e+01 8.296967e+00
    endloop
  endfacet
  facet normal 0.000000e+00 1.000000e+00 0.000000e+00
    outer loop
      vertex   1.024964e+02 7.000000e+01 8.296967e+00
      vertex   9.546815e+01 7.000000e+01 3.514165e+00
      vertex   1.016646e+02 7.000000e+01 9.430693e+00
    endloop
  endfacet
  facet normal 0.000000e+00 1.000000e+00 0.000000e+00
    outer loop
      vertex   1.016646e+02 7.000000e+01 9.430693e+00
      vertex   9.546815e+01 7.000000e+01 3.514165e+00
      vertex   9.491237e+01 7.000000e+01 4.256595e+00
    endloop
  endfacet
  facet normal 0.000000e+00 1.000000e+00 0.000000e+00
    outer loop
      vertex   1.016646e+02 7.000000e+01 9.430693e+00
      vertex   9.491237e+01 7.000000e+01 4.256595e+00
      vertex   1.007302e+02 7.000000e+01 1.048154e+01
    endloop
  endfacet
  facet normal 0.000000e+00 1.000000e+00 0.000000e+00
    outer loop
      vertex   1.007302e+02 7.000000e+01 1.048154e+01
      vertex   9.491237e+01 7.000000e+01 4.256595e+00
      vertex   9.425659e+01 7.000000e+01 4.912372e+00
    endloop
  endfacet
  facet normal 0.000000e+00 1.000000e+00 0.000000e+00
    outer loop
      vertex   1.007302e+02 7.000000e+01 1.048154e+01
      vertex   9.425659e+01 7.000000e+01 4.912372e+00
      vertex   9.970155e+01 7.000000e+01 1.144028e+01
    endloop
  endfacet
  facet normal 0.000000e+00 1.000000e+00 0.000000e+00
    outer loop
      vertex   9.970155e+01 7.000000e+01 1.144028e+01
      vertex   9.425659e+01 7.000000e+01 4.912372e+00
      vertex   9.858764e+01 7.000000e+01 1.229848e+01
    endloop
  endfacet
  facet normal 0.000000e+00 1.000000e+00 0.000000e+00
    outer loop
      vertex   9.858764e+01 7.000000e+01 1.229848e+01
      vertex   9.425659e+01 7.000000e+01 4.912372e+00
      vertex   9.351417e+01 7.000000e+01 5.468148e+00
    endloop
  endfacet
  facet normal 0.000000e+00 1.000000e+00 0.000000e+00
    outer loop
      vertex   9.858764e+01 7.000000e+01 1.229848e+01
      vertex   9.351417e+01 7.000000e+01 5.468148e+00
      vertex   9.739825e+01 7.000000e+01 1.304860e+01
    endloop
  endfacet
  facet normal 0.000000e+00 1.000000e+00 0.000000e+00
    outer loop
      vertex   9.739825e+01 7.000000e+01 1.304860e+01
      vertex   9.351417e+01 7.000000e+01 5.468148e+00
      vertex   9.270020e+01 7.000000e+01 5.912608e+00
    endloop
  endfacet
  facet normal 0.000000e+00 1.000000e+00 0.000000e+00
    outer loop
      vertex   9.739825e+01 7.000000e+01 1.304860e+01
      vertex   9.270020e+01 7.000000e+01 5.912608e+00
      vertex   9.614386e+01 7.000000e+01 1.368404e+01
    endloop
  endfacet
  facet normal 0.000000e+00 1.000000e+00 0.000000e+00
    outer loop
      vertex   9.614386e+01 7.000000e+01 1.368404e+01
      vertex   9.270020e+01 7.000000e+01 5.912608e+00
      vertex   9.483546e+01 7.000000e+01 1.419924e+01
    endloop
  endfacet
  facet normal 0.000000e+00 1.000000e+00 0.000000e+00
    outer loop
      vertex   9.483546e+01 7.000000e+01 1.419924e+01
      vertex   9.270020e+01 7.000000e+01 5.912608e+00
      vertex   9.183126e+01 7.000000e+01 6.236704e+00
    endloop
  endfacet
  facet normal 0.000000e+00 1.000000e+00 0.000000e+00
    outer loop
      vertex   9.483546e+01 7.000000e+01 1.419924e+01
      vertex   9.183126e+01 7.000000e+01 6.236704e+00
      vertex   9.348458e+01 7.000000e+01 1.458964e+01
    endloop
  endfacet
  facet normal 0.000000e+00 1.000000e+00 0.000000e+00
    outer loop
      vertex   9.348458e+01 7.000000e+01 1.458964e+01
      vertex   9.183126e+01 7.000000e+01 6.236704e+00
      vertex   9.092505e+01 7.000000e+01 6.433839e+00
    endloop
  endfacet
  facet normal 9.974521e-01 -0.000000e+00 7.133918e-02
    outer loop
      vertex   -6.433839e+00 6.900000e+01 8.907495e+01
      vertex   -6.433839e+00 7.000000e+01 8.907495e+01
      vertex   -6.500000e+00 6.900000e+01 9.000000e+01
    endloop
  endfacet
  facet normal 9.974521e-01 -0.000000e+00 7.133918e-02
    outer loop
      vertex   -6.500000e+00 6.900000e+01 9.000000e+01
      vertex   -6.433839e+00 7.000000e+01 8.907495e+01
      vertex   -6.500000e+00 7.000000e+01 9.000000e+01
    endloop
  endfacet
  facet normal 9.974521e-01 0.000000e+00 -7.133918e-02
    outer loop
      vertex   -6.500000e+00 6.900000e+01 9.000000e+01
      vertex   -6.500000e+00 7.000000e+01 9.000000e+01
      vertex   -6.433839e+00 6.900000e+01 9.092505e+01
    endloop
  endfacet
  facet normal 9.974521e-01 0.000000e+00 -7.133918e-02
    outer loop
      vertex   -6.433839e+00 6.900000e+01 9.092505e+01
      vertex   -6.500000e+00 7.000000e+01 9.000000e+01
      vertex   -6.433839e+00 7.000000e+01 9.092505e+01
    endloop
  endfacet
  facet normal 9.771469e-01 0.000000e+00 -2.125653e-01
    outer loop
      vertex   -6.433839e+00 6.900000e+01 9.092505e+01
      vertex   -6.433839e+00 7.000000e+01 9.092505e+01
      vertex   -6.236704e+00 6.900000e+01 9.183126e+01
    endloop
  endfacet
  facet normal 9.771469e-01 0.000000e+00 -2.125653e-01
    outer loop
      vertex   -6.236704e+00 6.900000e+01 9.183126e+01
      vertex   -6.433839e+00 7.000000e+01 9.092505e+01
      vertex   -6.236704e+00 7.000000e+01 9.183126e+01
    endloop
  endfacet
  facet normal 9.369497e-01 0.000000e+00 -3.494642e-01
    outer loop
      vertex   -6.236704e+00 6.900000e+01 9.183126e+01
      vertex   -6.236704e+00 7.000000e+01 9.183126e+01
      vertex   -5.912608e+00 6.900000e+01 9.270020e+01
    endloop
  endfacet
  facet normal 9.369497e-01 0.000000e+00 -3.494642e-01
    outer loop
      vertex   -5.912608e+00 6.900000e+01 9.270020e+01
      vertex   -6.236704e+00 7.000000e+01 9.183126e+01
      vertex   -5.912608e+00 7.000000e+01 9.270020e+01
    endloop
  endfacet
  facet normal 8.776790e-01 0.000000e+00 -4.792490e-01
    outer loop
      vertex   -5.912608e+00 6.900000e+01 9.270020e+01
      vertex   -5.912608e+00 7.000000e+01 9.270020e+01
      vertex   -5.468148e+00 6.900000e+01 9.351417e+01
    endloop
  endfacet
  facet normal 8.776790e-01 0.000000e+00 -4.792490e-01
    outer loop
      vertex   -5.468148e+00 6.900000e+01 9.351417e+01
      vertex   -5.912608e+00 7.000000e+01 9.270020e+01
      vertex   -5.468148e+00 7.000000e+01 9.351417e+01
    endloop
  endfacet
  facet normal 8.005412e-01 0.000000e+00 -5.992777e-01
    outer loop
      vertex   -5.468148e+00 6.900000e+01 9.351417e+01
      vertex   -5.468148e+00 7.000000e+01 9.351417e+01
      vertex   -4.912372e+00 6.900000e+01 9.425659e+01
    endloop
  endfacet
  facet normal 8.005412e-01 0.000000e+00 -5.992777e-01
    outer loop
      vertex   -4.912372e+00 6.900000e+01 9.425659e+01
      vertex   -5.468148e+00 7.000000e+01 9.351417e+01
      vertex   -4.912372e+00 7.000000e+01 9.425659e+01
    endloop
  endfacet
  facet normal 7.071068e-01 0.000000e+00 -7.071068e-01
    outer loop
      vertex   -4.912372e+00 6.900000e+01 9.425659e+01
      vertex   -4.912372e+00 7.000000e+01 9.425659e+01
      vertex   -4.256595e+00 6.900000e+01 9.491237e+01
    endloop
  endfacet
  facet normal 7.071068e-01 0.000000e+00 -7.071068e-01
    outer loop
      vertex   -4.256595e+00 6.900000e+01 9.491237e+01
      vertex   -4.912372e+00 7.000000e+01 9.425659e+01
      vertex   -4.256595e+00 7.000000e+01 9.491237e+01
    endloop
  endfacet
  facet normal 5.992777e-01 0.000000e+00 -8.005412e-01
    outer loop
      vertex   -4.256595e+00 6.900000e+01 9.491237e+01
      vertex   -4.256595e+00 7.000000e+01 9.491237e+01
      vertex   -3.514165e+00 6.900000e+01 9.546815e+01
    endloop
  endfacet
  facet normal 5.992777e-01 0.000000e+00 -8.005412e-01
    outer loop
      vertex   -3.514165e+00 6.900000e+01 9.546815e+01
      vertex   -4.256595e+00 7.000000e+01 9.491237e+01
      vertex   -3.514165e+00 7.000000e+01 9.546815e+01
    endloop
  endfacet
  facet normal 4.792490e-01 0.000000e+00 -8.776790e-01
    outer loop
      vertex   -3.514165e+00 6.900000e+01 9.546815e+01
      vertex   -3.514165e+00 7.000000e+01 9.546815e+01
      vertex   -2.700198e+00 6.900000e+01 9.591261e+01
    endloop
  endfacet
  facet normal 4.792490e-01 0.000000e+00 -8.776790e-01
    outer loop
      vertex   -2.700198e+00 6.900000e+01 9.591261e+01
      vertex   -3.514165e+00 7.000000e+01 9.546815e+01
      vertex   -2.700198e+00 7.000000e+01 9.591261e+01
    endloop
  endfacet
  facet normal 3.494642e-01 0.000000e+00 -9.369497e-01
    outer loop
      vertex   -2.700198e+00 6.900000e+01 9.591261e+01
      vertex   -2.700198e+00 7.000000e+01 9.591261e+01
      vertex   -1.831262e+00 6.900000e+01 9.623670e+01
    endloop
  endfacet
  facet normal 3.494642e-01 0.000000e+00 -9.369497e-01
    outer loop
      vertex   -1.831262e+00 6.900000e+01 9.623670e+01
      vertex   -2.700198e+00 7.000000e+01 9.591261e+01
      vertex   -1.831262e+00 7.000000e+01 9.623670e+01
    endloop
  endfacet
  facet normal 2.125653e-01 0.000000e+00 -9.771469e-01
    outer loop
      vertex   -1.831262e+00 6.900000e+01 9.623670e+01
      vertex   -1.831262e+00 7.000000e+01 9.623670e+01
      vertex   -9.250464e-01 6.900000e+01 9.643384e+01
    endloop
  endfacet
  facet normal 2.125653e-01 0.000000e+00 -9.771469e-01
    outer loop
      vertex   -9.250464e-01 6.900000e+01 9.643384e+01
      vertex   -1.831262e+00 7.000000e+01 9.623670e+01
      vertex   -9.250464e-01 7.000000e+01 9.643384e+01
    endloop
  endfacet
  facet normal 7.133918e-02 0.000000e+00 -9.974521e-01
    outer loop
      vertex   -9.250464e-01 6.900000e+01 9.643384e+01
      vertex   -9.250464e-01 7.000000e+01 9.643384e+01
      vertex   -1.141983e-14 6.900000e+01 9.650000e+01
    endloop
  endfacet
  facet normal 7.133918e-02 0.000000e+00 -9.974521e-01
    outer loop
      vertex   -1.141983e-14 6.900000e+01 9.650000e+01
      vertex   -9.250464e-01 7.000000e+01 9.643384e+01
      vertex   -1.141983e-14 7.000000e+01 9.650000e+01
    endloop
  endfacet
  facet normal -7.133918e-02 0.000000e+00 -9.974521e-01
    outer loop
      vertex   -1.141983e-14 6.900000e+01 9.650000e+01
      vertex   -1.141983e-14 7.000000e+01 9.650000e+01
      vertex   9.250464e-01 6.900000e+01 9.643384e+01
    endloop
  endfacet
  facet normal -7.133918e-02 0.000000e+00 -9.974521e-01
    outer loop
      vertex   9.250464e-01 6.900000e+01 9.643384e+01
      vertex   -1.141983e-14 7.000000e+01 9.650000e+01
      vertex   9.250464e-01 7.000000e+01 9.643384e+01
    endloop
  endfacet
  facet normal -2.125653e-01 0.000000e+00 -9.771469e-01
    outer loop
      vertex   9.250464e-01 6.900000e+01 9.643384e+01
      vertex   9.250464e-01 7.000000e+01 9.643384e+01
      vertex   1.831262e+00 6.900000e+01 9.623670e+01
    endloop
  endfacet
  facet normal -2.125653e-01 0.000000e+00 -9.771469e-01
    outer loop
      vertex   1.831262e+00 6.900000e+01 9.623670e+01
      vertex   9.250464e-01 7.000000e+01 9.643384e+01
      vertex   1.831262e+00 7.000000e+01 9.623670e+01
    endloop
  endfacet
  facet normal -3.494642e-01 0.000000e+00 -9.369497e-01
    outer loop
      vertex   1.831262e+00 6.900000e+01 9.623670e+01
      vertex   1.831262e+00 7.000000e+01 9.623670e+01
      vertex   2.700198e+00 6.900000e+01 9.591261e+01
    endloop
  endfacet
  facet normal -3.494642e-01 0.000000e+00 -9.369497e-01
    outer loop
      vertex   2.700198e+00 6.900000e+01 9.591261e+01
      vertex   1.831262e+00 7.000000e+01 9.623670e+01
      vertex   2.700198e+00 7.000000e+01 9.591261e+01
    endloop
  endfacet
  facet normal -4.792490e-01 0.000000e+00 -8.776790e-01
    outer loop
      vertex   2.700198e+00 6.900000e+01 9.591261e+01
      vertex   2.700198e+00 7.000000e+01 9.591261e+01
      vertex   3.514165e+00 6.900000e+01 9.546815e+01
    endloop
  endfacet
  facet normal -4.792490e-01 0.000000e+00 -8.776790e-01
    outer loop
      vertex   3.514165e+00 6.900000e+01 9.546815e+01
      vertex   2.700198e+00 7.000000e+01 9.591261e+01
      vertex   3.514165e+00 7.000000e+01 9.546815e+01
    endloop
  endfacet
  facet normal -5.992777e-01 0.000000e+00 -8.005412e-01
    outer loop
      vertex   3.514165e+00 6.900000e+01 9.546815e+01
      vertex   3.514165e+00 7.000000e+01 9.546815e+01
      vertex   4.256595e+00 6.900000e+01 9.491237e+01
    endloop
  endfacet
  facet normal -5.992777e-01 0.000000e+00 -8.005412e-01
    outer loop
      vertex   4.256595e+00 6.900000e+01 9.491237e+01
      vertex   3.514165e+00 7.000000e+01 9.546815e+01
      vertex   4.256595e+00 7.000000e+01 9.491237e+01
    endloop
  endfacet
  facet normal -7.071068e-01 0.000000e+00 -7.071068e-01
    outer loop
      vertex   4.256595e+00 6.900000e+01 9.491237e+01
      vertex   4.256595e+00 7.000000e+01 9.491237e+01
      vertex   4.912372e+00 6.900000e+01 9.425659e+01
    endloop
  endfacet
  facet normal -7.071068e-01 0.000000e+00 -7.071068e-01
    outer loop
      vertex   4.912372e+00 6.900000e+01 9.425659e+01
      vertex   4.256595e+00 7.000000e+01 9.491237e+01
      vertex   4.912372e+00 7.000000e+01 9.425659e+01
    endloop
  endfacet
  facet normal -8.005412e-01 0.000000e+00 -5.992777e-01
    outer loop
      vertex   4.912372e+00 6.900000e+01 9.425659e+01
      vertex   4.912372e+00 7.000000e+01 9.425659e+01
      vertex   5.468148e+00 6.900000e+01 9.351417e+01
    endloop
  endfacet
  facet normal -8.005412e-01 0.000000e+00 -5.992777e-01
    outer loop
      vertex   5.468148e+00 6.900000e+01 9.351417e+01
      vertex   4.912372e+00 7.000000e+01 9.425659e+01
      vertex   5.468148e+00 7.000000e+01 9.351417e+01
    endloop
  endfacet
  facet normal -8.776790e-01 0.000000e+00 -4.792490e-01
    outer loop
      vertex   5.468148e+00 6.900000e+01 9.351417e+01
      vertex   5.468148e+00 7.000000e+01 9.351417e+01
      vertex   5.912608e+00 6.900000e+01 9.270020e+01
    endloop
  endfacet
  facet normal -8.776790e-01 0.000000e+00 -4.792490e-01
    outer loop
      vertex   5.912608e+00 6.900000e+01 9.270020e+01
      vertex   5.468148e+00 7.000000e+01 9.351417e+01
      vertex   5.912608e+00 7.000000e+01 9.270020e+01
    endloop
  endfacet
  facet normal -9.369497e-01 0.000000e+00 -3.494642e-01
    outer loop
      vertex   5.912608e+00 6.900000e+01 9.270020e+01
      vertex   5.912608e+00 7.000000e+01 9.270020e+01
      vertex   6.236704e+00 6.900000e+01 9.183126e+01
    endloop
  endfacet
  facet normal -9.369497e-01 0.000000e+00 -3.494642e-01
    outer loop
      vertex   6.236704e+00 6.900000e+01 9.183126e+01
      vertex   5.912608e+00 7.000000e+01 9.270020e+01
      vertex   6.236704e+00 7.000000e+01 9.183126e+01
    endloop
  endfacet
  facet normal -9.771469e-01 0.000000e+00 -2.125653e-01
    outer loop
      vertex   6.236704e+00 6.900000e+01 9.183126e+01
      vertex   6.236704e+00 7.000000e+01 9.183126e+01
      vertex   6.433839e+00 6.900000e+01 9.092505e+01
    endloop
  endfacet
  facet normal -9.771469e-01 0.000000e+00 -2.125653e-01
    outer loop
      vertex   6.433839e+00 6.900000e+01 9.092505e+01
      vertex   6.236704e+00 7.000000e+01 9.183126e+01
      vertex   6.433839e+00 7.000000e+01 9.092505e+01
    endloop
  endfacet
  facet normal -9.974521e-01 0.000000e+00 -7.133918e-02
    outer loop
      vertex   6.433839e+00 6.900000e+01 9.092505e+01
      vertex   6.433839e+00 7.000000e+01 9.092505e+01
      vertex   6.500000e+00 6.900000e+01 9.000000e+01
    endloop
  endfacet
  facet normal -9.974521e-01 0.000000e+00 -7.133918e-02
    outer loop
      vertex   6.500000e+00 6.900000e+01 9.000000e+01
      vertex   6.433839e+00 7.000000e+01 9.092505e+01
      vertex   6.500000e+00 7.000000e+01 9.000000e+01
    endloop
  endfacet
  facet normal -9.974521e-01 0.000000e+00 7.133918e-02
    outer loop
      vertex   6.500000e+00 6.900000e+01 9.000000e+01
      vertex   6.500000e+00 7.000000e+01 9.000000e+01
      vertex   6.433839e+00 6.900000e+01 8.907495e+01
    endloop
  endfacet
  facet normal -9.974521e-01 0.000000e+00 7.133918e-02
    outer loop
      vertex   6.433839e+00 6.900000e+01 8.907495e+01
      vertex   6.500000e+00 7.000000e+01 9.000000e+01
      vertex   6.433839e+00 7.000000e+01 8.907495e+01
    endloop
  endfacet
  facet normal -9.771469e-01 0.000000e+00 2.125653e-01
    outer loop
      vertex   6.433839e+00 6.900000e+01 8.907495e+01
      vertex   6.433839e+00 7.000000e+01 8.907495e+01
      vertex   6.236704e+00 6.900000e+01 8.816874e+01
    endloop
  endfacet
  facet normal -9.771469e-01 0.000000e+00 2.125653e-01
    outer loop
      vertex   6.236704e+00 6.900000e+01 8.816874e+01
      vertex   6.433839e+00 7.000000e+01 8.907495e+01
      vertex   6.236704e+00 7.000000e+01 8.816874e+01
    endloop
  endfacet
  facet normal -9.369497e-01 0.000000e+00 3.494642e-01
    outer loop
      vertex   6.236704e+00 6.900000e+01 8.816874e+01
      vertex   6.236704e+00 7.000000e+01 8.816874e+01
      vertex   5.912608e+00 6.900000e+01 8.729980e+01
    endloop
  endfacet
  facet normal -9.369497e-01 0.000000e+00 3.494642e-01
    outer loop
      vertex   5.912608e+00 6.900000e+01 8.729980e+01
      vertex   6.236704e+00 7.000000e+01 8.816874e+01
      vertex   5.912608e+00 7.000000e+01 8.729980e+01
    endloop
  endfacet
  facet normal -8.776790e-01 0.000000e+00 4.792490e-01
    outer loop
      vertex   5.912608e+00 6.900000e+01 8.729980e+01
      vertex   5.912608e+00 7.000000e+01 8.729980e+01
      vertex   5.468148e+00 6.900000e+01 8.648583e+01
    endloop
  endfacet
  facet normal -8.776790e-01 0.000000e+00 4.792490e-01
    outer loop
      vertex   5.468148e+00 6.900000e+01 8.648583e+01
      vertex   5.912608e+00 7.000000e+01 8.729980e+01
      vertex   5.468148e+00 7.000000e+01 8.648583e+01
    endloop
  endfacet
  facet normal -8.005412e-01 0.000000e+00 5.992777e-01
    outer loop
      vertex   5.468148e+00 6.900000e+01 8.648583e+01
      vertex   5.468148e+00 7.000000e+01 8.648583e+01
      vertex   4.912372e+00 6.900000e+01 8.574341e+01
    endloop
  endfacet
  facet normal -8.005412e-01 0.000000e+00 5.992777e-01
    outer loop
      vertex   4.912372e+00 6.900000e+01 8.574341e+01
      vertex   5.468148e+00 7.000000e+01 8.648583e+01
      vertex   4.912372e+00 7.000000e+01 8.574341e+01
    endloop
  endfacet
  facet normal -7.071068e-01 0.000000e+00 7.071068e-01
    outer loop
      vertex   4.912372e+00 6.900000e+01 8.574341e+01
      vertex   4.912372e+00 7.000000e+01 8.574341e+01
      vertex   4.256595e+00 6.900000e+01 8.508763e+01
    endloop
  endfacet
  facet normal -7.071068e-01 0.000000e+00 7.071068e-01
    outer loop
      vertex   4.256595e+00 6.900000e+01 8.508763e+01
      vertex   4.912372e+00 7.000000e+01 8.574341e+01
      vertex   4.256595e+00 7.000000e+01 8.508763e+01
    endloop
  endfacet
  facet normal -5.992777e-01 0.000000e+00 8.005412e-01
    outer loop
      vertex   4.256595e+00 6.900000e+01 8.508763e+01
      vertex   4.256595e+00 7.000000e+01 8.508763e+01
      vertex   3.514165e+00 6.900000e+01 8.453185e+01
    endloop
  endfacet
  facet normal -5.992777e-01 0.000000e+00 8.005412e-01
    outer loop
      vertex   3.514165e+00 6.900000e+01 8.453185e+01
      vertex   4.256595e+00 7.000000e+01 8.508763e+01
      vertex   3.514165e+00 7.000000e+01 8.453185e+01
    endloop
  endfacet
  facet normal -4.792490e-01 0.000000e+00 8.776790e-01
    outer loop
      vertex   3.514165e+00 6.900000e+01 8.453185e+01
      vertex   3.514165e+00 7.000000e+01 8.453185e+01
      vertex   2.700198e+00 6.900000e+01 8.408739e+01
    endloop
  endfacet
  facet normal -4.792490e-01 0.000000e+00 8.776790e-01
    outer loop
      vertex   2.700198e+00 6.900000e+01 8.408739e+01
      vertex   3.514165e+00 7.000000e+01 8.453185e+01
      vertex   2.700198e+00 7.000000e+01 8.408739e+01
    endloop
  endfacet
  facet normal -3.494642e-01 0.000000e+00 9.369497e-01
    outer loop
      vertex   2.700198e+00 6.900000e+01 8.408739e+01
      vertex   2.700198e+00 7.000000e+01 8.408739e+01
      vertex   1.831262e+00 6.900000e+01 8.376330e+01
    endloop
  endfacet
  facet normal -3.494642e-01 0.000000e+00 9.369497e-01
    outer loop
      vertex   1.831262e+00 6.900000e+01 8.376330e+01
      vertex   2.700198e+00 7.000000e+01 8.408739e+01
      vertex   1.831262e+00 7.000000e+01 8.376330e+01
    endloop
  endfacet
  facet normal -2.125653e-01 0.000000e+00 9.771469e-01
    outer loop
      vertex   1.831262e+00 6.900000e+01 8.376330e+01
      vertex   1.831262e+00 7.000000e+01 8.376330e+01
      vertex   9.250464e-01 6.900000e+01 8.356616e+01
    endloop
  endfacet
  facet normal -2.125653e-01 0.000000e+00 9.771469e-01
    outer loop
      vertex   9.250464e-01 6.900000e+01 8.356616e+01
      vertex   1.831262e+00 7.000000e+01 8.376330e+01
      vertex   9.250464e-01 7.000000e+01 8.356616e+01
    endloop
  endfacet
  facet normal -7.133918e-02 0.000000e+00 9.974521e-01
    outer loop
      vertex   9.250464e-01 6.900000e+01 8.356616e+01
      vertex   9.250464e-01 7.000000e+01 8.356616e+01
      vertex   -9.827791e-15 6.900000e+01 8.350000e+01
    endloop
  endfacet
  facet normal -7.133918e-02 0.000000e+00 9.974521e-01
    outer loop
      vertex   -9.827791e-15 6.900000e+01 8.350000e+01
      vertex   9.250464e-01 7.000000e+01 8.356616e+01
      vertex   -9.827791e-15 7.000000e+01 8.350000e+01
    endloop
  endfacet
  facet normal 7.133918e-02 -0.000000e+00 9.974521e-01
    outer loop
      vertex   -9.827791e-15 6.900000e+01 8.350000e+01
      vertex   -9.827791e-15 7.000000e+01 8.350000e+01
      vertex   -9.250464e-01 6.900000e+01 8.356616e+01
    endloop
  endfacet
  facet normal 7.133918e-02 -0.000000e+00 9.974521e-01
    outer loop
      vertex   -9.250464e-01 6.900000e+01 8.356616e+01
      vertex   -9.827791e-15 7.000000e+01 8.350000e+01
      vertex   -9.250464e-01 7.000000e+01 8.356616e+01
    endloop
  endfacet
  facet normal 2.125653e-01 -0.000000e+00 9.771469e-01
    outer loop
      vertex   -9.250464e-01 6.900000e+01 8.356616e+01
      vertex   -9.250464e-01 7.000000e+01 8.356616e+01
      vertex   -1.831262e+00 6.900000e+01 8.376330e+01
    endloop
  endfacet
  facet normal 2.125653e-01 -0.000000e+00 9.771469e-01
    outer loop
      vertex   -1.831262e+00 6.900000e+01 8.376330e+01
      vertex   -9.250464e-01 7.000000e+01 8.356616e+01
      vertex   -1.831262e+00 7.000000e+01 8.376330e+01
    endloop
  endfacet
  facet normal 3.494642e-01 -0.000000e+00 9.369497e-01
    outer loop
      vertex   -1.831262e+00 6.900000e+01 8.376330e+01
      vertex   -1.831262e+00 7.000000e+01 8.376330e+01
      vertex   -2.700198e+00 6.900000e+01 8.408739e+01
    endloop
  endfacet
  facet normal 3.494642e-01 -0.000000e+00 9.369497e-01
    outer loop
      vertex   -2.700198e+00 6.900000e+01 8.408739e+01
      vertex   -1.831262e+00 7.000000e+01 8.376330e+01
      vertex   -2.700198e+00 7.000000e+01 8.408739e+01
    endloop
  endfacet
  facet normal 4.792490e-01 -0.000000e+00 8.776790e-01
    outer loop
      vertex   -2.700198e+00 6.900000e+01 8.408739e+01
      vertex   -2.700198e+00 7.000000e+01 8.408739e+01
      vertex   -3.514165e+00 6.900000e+01 8.453185e+01
    endloop
  endfacet
  facet normal 4.792490e-01 -0.000000e+00 8.776790e-01
    outer loop
      vertex   -3.514165e+00 6.900000e+01 8.453185e+01
      vertex   -2.700198e+00 7.000000e+01 8.408739e+01
      vertex   -3.514165e+00 7.000000e+01 8.453185e+01
    endloop
  endfacet
  facet normal 5.992777e-01 -0.000000e+00 8.005412e-01
    outer loop
      vertex   -3.514165e+00 6.900000e+01 8.453185e+01
      vertex   -3.514165e+00 7.000000e+01 8.453185e+01
      vertex   -4.256595e+00 6.900000e+01 8.508763e+01
    endloop
  endfacet
  facet normal 5.992777e-01 -0.000000e+00 8.005412e-01
    outer loop
      vertex   -4.256595e+00 6.900000e+01 8.508763e+01
      vertex   -3.514165e+00 7.000000e+01 8.453185e+01
      vertex   -4.256595e+00 7.000000e+01 8.508763e+01
    endloop
  endfacet
  facet normal 7.071068e-01 -0.000000e+00 7.071068e-01
    outer loop
      vertex   -4.256595e+00 6.900000e+01 8.508763e+01
      vertex   -4.256595e+00 7.000000e+01 8.508763e+01
      vertex   -4.912372e+00 6.900000e+01 8.574341e+01
    endloop
  endfacet
  facet normal 7.071068e-01 -0.000000e+00 7.071068e-01
    outer loop
      vertex   -4.912372e+00 6.900000e+01 8.574341e+01
      vertex   -4.256595e+00 7.000000e+01 8.508763e+01
      vertex   -4.912372e+00 7.000000e+01 8.574341e+01
    endloop
  endfacet
  facet normal 8.005412e-01 -0.000000e+00 5.992777e-01
    outer loop
      vertex   -4.912372e+00 6.900000e+01 8.574341e+01
      vertex   -4.912372e+00 7.000000e+01 8.574341e+01
      vertex   -5.468148e+00 6.900000e+01 8.648583e+01
    endloop
  endfacet
  facet normal 8.005412e-01 -0.000000e+00 5.992777e-01
    outer loop
      vertex   -5.468148e+00 6.900000e+01 8.648583e+01
      vertex   -4.912372e+00 7.000000e+01 8.574341e+01
      vertex   -5.468148e+00 7.000000e+01 8.648583e+01
    endloop
  endfacet
  facet normal 8.776790e-01 -0.000000e+00 4.792490e-01
    outer loop
      vertex   -5.468148e+00 6.900000e+01 8.648583e+01
      vertex   -5.468148e+00 7.000000e+01 8.648583e+01
      vertex   -5.912608e+00 6.900000e+01 8.729980e+01
    endloop
  endfacet
  facet normal 8.776790e-01 -0.000000e+00 4.792490e-01
    outer loop
      vertex   -5.912608e+00 6.900000e+01 8.729980e+01
      vertex   -5.468148e+00 7.000000e+01 8.648583e+01
      vertex   -5.912608e+00 7.000000e+01 8.729980e+01
    endloop
  endfacet
  facet normal 9.369497e-01 -0.000000e+00 3.494642e-01
    outer loop
      vertex   -5.912608e+00 6.900000e+01 8.729980e+01
      vertex   -5.912608e+00 7.000000e+01 8.729980e+01
      vertex   -6.236704e+00 6.900000e+01 8.816874e+01
    endloop
  endfacet
  facet normal 9.369497e-01 -0.000000e+00 3.494642e-01
    outer loop
      vertex   -6.236704e+00 6.900000e+01 8.816874e+01
      vertex   -5.912608e+00 7.000000e+01 8.729980e+01
      vertex   -6.236704e+00 7.000000e+01 8.816874e+01
    endloop
  endfacet
  facet normal 9.771469e-01 -0.000000e+00 2.125653e-01
    outer loop
      vertex   -6.236704e+00 6.900000e+01 8.816874e+01
      vertex   -6.236704e+00 7.000000e+01 8.816874e+01
      vertex   -6.433839e+00 6.900000e+01 8.907495e+01
    endloop
  endfacet
  facet normal 9.771469e-01 -0.000000e+00 2.125653e-01
    outer loop
      vertex   -6.433839e+00 6.900000e+01 8.907495e+01
      vertex   -6.236704e+00 7.000000e+01 8.816874e+01
      vertex   -6.433839e+00 7.000000e+01 8.907495e+01
    endloop
  endfacet
  facet normal -0.000000e+00 1.000000e+00 0.000000e+00
    outer loop
      vertex   -6.433839e+00 6.900000e+01 9.092505e+01
      vertex   6.433839e+00 6.900000e+01 9.092505e+01
      vertex   -6.500000e+00 6.900000e+01 9.000000e+01
    endloop
  endfacet
  facet normal 0.000000e+00 1.000000e+00 0.000000e+00
    outer loop
      vertex   -6.500000e+00 6.900000e+01 9.000000e+01
      vertex   6.433839e+00 6.900000e+01 9.092505e+01
      vertex   6.500000e+00 6.900000e+01 9.000000e+01
    endloop
  endfacet
  facet normal -0.000000e+00 1.000000e+00 0.000000e+00
    outer loop
      vertex   -6.500000e+00 6.900000e+01 9.000000e+01
      vertex   6.500000e+00 6.900000e+01 9.000000e+01
      vertex   -6.433839e+00 6.900000e+01 8.907495e+01
    endloop
  endfacet
  facet normal 0.000000e+00 1.000000e+00 0.000000e+00
    outer loop
      vertex   -6.433839e+00 6.900000e+01 8.907495e+01
      vertex   6.500000e+00 6.900000e+01 9.000000e+01
      vertex   6.433839e+00 6.900000e+01 8.907495e+01
    endloop
  endfacet
  facet normal -0.000000e+00 1.000000e+00 0.000000e+00
    outer loop
      vertex   -6.433839e+00 6.900000e+01 8.907495e+01
      vertex   6.433839e+00 6.900000e+01 8.907495e+01
      vertex   -6.236704e+00 6.900000e+01 8.816874e+01
    endloop
  endfacet
  facet normal 0.000000e+00 1.000000e+00 0.000000e+00
    outer loop
      vertex   -6.236704e+00 6.900000e+01 8.816874e+01
      vertex   6.433839e+00 6.900000e+01 8.907495e+01
      vertex   6.236704e+00 6.900000e+01 8.816874e+01
    endloop
  endfacet
  facet normal -0.000000e+00 1.000000e+00 0.000000e+00
    outer loop
      vertex   -6.236704e+00 6.900000e+01 8.816874e+01
      vertex   6.236704e+00 6.900000e+01 8.816874e+01
      vertex   -5.912608e+00 6.900000e+01 8.729980e+01
    endloop
  endfacet
  facet normal 0.000000e+00 1.000000e+00 0.000000e+00
    outer loop
      vertex   -5.912608e+00 6.900000e+01 8.729980e+01
      vertex   6.236704e+00 6.900000e+01 8.816874e+01
      vertex   5.912608e+00 6.900000e+01 8.729980e+01
    endloop
  endfacet
  facet normal -0.000000e+00 1.000000e+00 0.000000e+00
    outer loop
      vertex   -5.912608e+00 6.900000e+01 8.729980e+01
      vertex   5.912608e+00 6.900000e+01 8.729980e+01
      vertex   -5.468148e+00 6.900000e+01 8.648583e+01
    endloop
  endfacet
  facet normal 0.000000e+00 1.000000e+00 0.000000e+00
    outer loop
      vertex   -5.468148e+00 6.900000e+01 8.648583e+01
      vertex   5.912608e+00 6.900000e+01 8.729980e+01
      vertex   5.468148e+00 6.900000e+01 8.648583e+01
    endloop
  endfacet
  facet normal -0.000000e+00 1.000000e+00 0.000000e+00
    outer loop
      vertex   -5.468148e+00 6.900000e+01 8.648583e+01
      vertex   5.468148e+00 6.900000e+01 8.648583e+01
      vertex   -4.912372e+00 6.900000e+01 8.574341e+01
    endloop
  endfacet
  facet normal 0.000000e+00 1.000000e+00 0.000000e+00
    outer loop
      vertex   -4.912372e+00 6.900000e+01 8.574341e+01
      vertex   5.468148e+00 6.900000e+01 8.648583e+01
      vertex   4.912372e+00 6.900000e+01 8.574341e+01
    endloop
  endfacet
  facet normal -0.000000e+00 1.000000e+00 0.000000e+00
    outer loop
      vertex   -4.912372e+00 6.900000e+01 8.574341e+01
      vertex   4.912372e+00 6.900000e+01 8.574341e+01
      vertex   -4.256595e+00 6.900000e+01 8.508763e+01
    endloop
  endfacet
  facet normal 0.000000e+00 1.000000e+00 0.000000e+00
    outer loop
      vertex   -4.256595e+00 6.900000e+01 8.508763e+01
      vertex   4.912372e+00 6.900000e+01 8.574341e+01
      vertex   4.256595e+00 6.900000e+01 8.508763e+01
    endloop
  endfacet
  facet normal -0.000000e+00 1.000000e+00 0.000000e+00
    outer loop
      vertex   -4.256595e+00 6.900000e+01 8.508763e+01
      vertex   4.256595e+00 6.900000e+01 8.508763e+01
      vertex   -3.514165e+00 6.900000e+01 8.453185e+01
    endloop
  endfacet
  facet normal 0.000000e+00 1.000000e+00 0.000000e+00
    outer loop
      vertex   -3.514165e+00 6.900000e+01 8.453185e+01
      vertex   4.256595e+00 6.900000e+01 8.508763e+01
      vertex   3.514165e+00 6.900000e+01 8.453185e+01
    endloop
  endfacet
  facet normal -0.000000e+00 1.000000e+00 0.000000e+00
    outer loop
      vertex   -3.514165e+00 6.900000e+01 8.453185e+01
      vertex   3.514165e+00 6.900000e+01 8.453185e+01
      vertex   -2.700198e+00 6.900000e+01 8.408739e+01
    endloop
  endfacet
  facet normal 0.000000e+00 1.000000e+00 0.000000e+00
    outer loop
      vertex   -2.700198e+00 6.900000e+01 8.408739e+01
      vertex   3.514165e+00 6.900000e+01 8.453185e+01
      vertex   2.700198e+00 6.900000e+01 8.408739e+01
    endloop
  endfacet
  facet normal -0.000000e+00 1.000000e+00 0.000000e+00
    outer loop
      vertex   -2.700198e+00 6.900000e+01 8.408739e+01
      vertex   2.700198e+00 6.900000e+01 8.408739e+01
      vertex   -1.831262e+00 6.900000e+01 8.376330e+01
    endloop
  endfacet
  facet normal 0.000000e+00 1.000000e+00 0.000000e+00
    outer loop
      vertex   -1.831262e+00 6.900000e+01 8.376330e+01
      vertex   2.700198e+00 6.900000e+01 8.408739e+01
      vertex   1.831262e+00 6.900000e+01 8.376330e+01
    endloop
  endfacet
  facet normal -0.000000e+00 1.000000e+00 0.000000e+00
    outer loop
      vertex   -1.831262e+00 6.900000e+01 8.376330e+01
      vertex   1.831262e+00 6.900000e+01 8.376330e+01
      vertex   -9.250464e-01 6.900000e+01 8.356616e+01
    endloop
  endfacet
  facet normal 0.000000e+00 1.000000e+00 0.000000e+00
    outer loop
      vertex   -9.250464e-01 6.900000e+01 8.356616e+01
      vertex   1.831262e+00 6.900000e+01 8.376330e+01
      vertex   9.250464e-01 6.900000e+01 8.356616e+01
    endloop
  endfacet
  facet normal -0.000000e+00 1.000000e+00 0.000000e+00
    outer loop
      vertex   -9.250464e-01 6.900000e+01 8.356616e+01
      vertex   9.250464e-01 6.900000e+01 8.356616e+01
      vertex   -9.827791e-15 6.900000e+01 8.350000e+01
    endloop
  endfacet
  facet normal 0.000000e+00 1.000000e+00 0.000000e+00
    outer loop
      vertex   6.433839e+00 6.900000e+01 9.092505e+01
      vertex   -6.433839e+00 6.900000e+01 9.092505e+01
      vertex   6.236704e+00 6.900000e+01 9.183126e+01
    endloop
  endfacet
  facet normal 0.000000e+00 1.000000e+00 0.000000e+00
    outer loop
      vertex   6.236704e+00 6.900000e+01 9.183126e+01
      vertex   -6.433839e+00 6.900000e+01 9.092505e+01
      vertex   -6.236704e+00 6.900000e+01 9.183126e+01
    endloop
  endfacet
  facet normal 0.000000e+00 1.000000e+00 0.000000e+00
    outer loop
      vertex   6.236704e+00 6.900000e+01 9.183126e+01
      vertex   -6.236704e+00 6.900000e+01 9.183126e+01
      vertex   5.912608e+00 6.900000e+01 9.270020e+01
    endloop
  endfacet
  facet normal 0.000000e+00 1.000000e+00 0.000000e+00
    outer loop
      vertex   5.912608e+00 6.900000e+01 9.270020e+01
      vertex   -6.236704e+00 6.900000e+01 9.183126e+01
      vertex   -5.912608e+00 6.900000e+01 9.270020e+01
    endloop
  endfacet
  facet normal 0.000000e+00 1.000000e+00 0.000000e+00
    outer loop
      vertex   5.912608e+00 6.900000e+01 9.270020e+01
      vertex   -5.912608e+00 6.900000e+01 9.270020e+01
      vertex   5.468148e+00 6.900000e+01 9.351417e+01
    endloop
  endfacet
  facet normal 0.000000e+00 1.000000e+00 0.000000e+00
    outer loop
      vertex   5.468148e+00 6.900000e+01 9.351417e+01
      vertex   -5.912608e+00 6.900000e+01 9.270020e+01
      vertex   -5.468148e+00 6.900000e+01 9.351417e+01
    endloop
  endfacet
  facet normal 0.000000e+00 1.000000e+00 0.000000e+00
    outer loop
      vertex   5.468148e+00 6.900000e+01 9.351417e+01
      vertex   -5.468148e+00 6.900000e+01 9.351417e+01
      vertex   4.912372e+00 6.900000e+01 9.425659e+01
    endloop
  endfacet
  facet normal 0.000000e+00 1.000000e+00 0.000000e+00
    outer loop
      vertex   4.912372e+00 6.900000e+01 9.425659e+01
      vertex   -5.468148e+00 6.900000e+01 9.351417e+01
      vertex   -4.912372e+00 6.900000e+01 9.425659e+01
    endloop
  endfacet
  facet normal 0.000000e+00 1.000000e+00 0.000000e+00
    outer loop
      vertex   4.912372e+00 6.900000e+01 9.425659e+01
      vertex   -4.912372e+00 6.900000e+01 9.425659e+01
      vertex   4.256595e+00 6.900000e+01 9.491237e+01
    endloop
  endfacet
  facet normal 0.000000e+00 1.000000e+00 0.000000e+00
    outer loop
      vertex   4.256595e+00 6.900000e+01 9.491237e+01
      vertex   -4.912372e+00 6.900000e+01 9.425659e+01
      vertex   -4.256595e+00 6.900000e+01 9.491237e+01
    endloop
  endfacet
  facet normal 0.000000e+00 1.000000e+00 0.000000e+00
    outer loop
      vertex   4.256595e+00 6.900000e+01 9.491237e+01
      vertex   -4.256595e+00 6.900000e+01 9.491237e+01
      vertex   3.514165e+00 6.900000e+01 9.546815e+01
    endloop
  endfacet
  facet normal 0.000000e+00 1.000000e+00 0.000000e+00
    outer loop
      vertex   3.514165e+00 6.900000e+01 9.546815e+01
      vertex   -4.256595e+00 6.900000e+01 9.491237e+01
      vertex   -3.514165e+00 6.900000e+01 9.546815e+01
    endloop
  endfacet
  facet normal 0.000000e+00 1.000000e+00 0.000000e+00
    outer loop
      vertex   3.514165e+00 6.900000e+01 9.546815e+01
      vertex   -3.514165e+00 6.900000e+01 9.546815e+01
      vertex   2.700198e+00 6.900000e+01 9.591261e+01
    endloop
  endfacet
  facet normal 0.000000e+00 1.000000e+00 0.000000e+00
    outer loop
      vertex   2.700198e+00 6.900000e+01 9.591261e+01
      vertex   -3.514165e+00 6.900000e+01 9.546815e+01
      vertex   -2.700198e+00 6.900000e+01 9.591261e+01
    endloop
  endfacet
  facet normal 0.000000e+00 1.000000e+00 0.000000e+00
    outer loop
      vertex   2.700198e+00 6.900000e+01 9.591261e+01
      vertex   -2.700198e+00 6.900000e+01 9.591261e+01
      vertex   1.831262e+00 6.900000e+01 9.623670e+01
    endloop
  endfacet
  facet normal 0.000000e+00 1.000000e+00 0.000000e+00
    outer loop
      vertex   1.831262e+00 6.900000e+01 9.623670e+01
      vertex   -2.700198e+00 6.900000e+01 9.591261e+01
      vertex   -1.831262e+00 6.900000e+01 9.623670e+01
    endloop
  endfacet
  facet normal 0.000000e+00 1.000000e+00 0.000000e+00
    outer loop
      vertex   1.831262e+00 6.900000e+01 9.623670e+01
      vertex   -1.831262e+00 6.900000e+01 9.623670e+01
      vertex   9.250464e-01 6.900000e+01 9.643384e+01
    endloop
  endfacet
  facet normal 0.000000e+00 1.000000e+00 0.000000e+00
    outer loop
      vertex   9.250464e-01 6.900000e+01 9.643384e+01
      vertex   -1.831262e+00 6.900000e+01 9.623670e+01
      vertex   -9.250464e-01 6.900000e+01 9.643384e+01
    endloop
  endfacet
  facet normal 0.000000e+00 1.000000e+00 0.000000e+00
    outer loop
      vertex   9.250464e-01 6.900000e+01 9.643384e+01
      vertex   -9.250464e-01 6.900000e+01 9.643384e+01
      vertex   -1.141983e-14 6.900000e+01 9.650000e+01
    endloop
  endfacet
  facet normal 9.989009e-01 0.000000e+00 4.687226e-02
    outer loop
      vertex   1.493409e+01 7.000000e+01 9.140462e+01
      vertex   1.493409e+01 4.666667e+01 9.140462e+01
      vertex   1.500000e+01 7.000000e+01 9.000000e+01
    endloop
  endfacet
  facet normal 9.989009e-01 0.000000e+00 4.687226e-02
    outer loop
      vertex   1.500000e+01 7.000000e+01 9.000000e+01
      vertex   1.493409e+01 4.666667e+01 9.140462e+01
      vertex   1.500000e+01 4.666667e+01 9.000000e+01
    endloop
  endfacet
  facet normal 9.989009e-01 0.000000e+00 -4.687226e-02
    outer loop
      vertex   1.500000e+01 7.000000e+01 9.000000e+01
      vertex   1.500000e+01 4.666667e+01 9.000000e+01
      vertex   1.493409e+01 7.000000e+01 8.859538e+01
    endloop
  endfacet
  facet normal 9.989009e-01 -7.604590e-17 -4.687226e-02
    outer loop
      vertex   1.493409e+01 7.000000e+01 8.859538e+01
      vertex   1.500000e+01 4.666667e+01 9.000000e+01
      vertex   1.493409e+01 4.666667e+01 8.859538e+01
    endloop
  endfacet
  facet normal 9.901225e-01 -7.537761e-17 -1.402049e-01
    outer loop
      vertex   1.493409e+01 7.000000e+01 8.859538e+01
      vertex   1.493409e+01 4.666667e+01 8.859538e+01
      vertex   1.473694e+01 7.000000e+01 8.720310e+01
    endloop
  endfacet
  facet normal 9.901225e-01 0.000000e+00 -1.402049e-01
    outer loop
      vertex   1.473694e+01 7.000000e+01 8.720310e+01
      vertex   1.493409e+01 4.666667e+01 8.859538e+01
      vertex   1.473694e+01 4.666667e+01 8.720310e+01
    endloop
  endfacet
  facet normal 9.726429e-01 0.000000e+00 -2.323054e-01
    outer loop
      vertex   1.473694e+01 7.000000e+01 8.720310e+01
      vertex   1.473694e+01 4.666667e+01 8.720310e+01
      vertex   1.441028e+01 7.000000e+01 8.583540e+01
    endloop
  endfacet
  facet normal 9.726429e-01 -7.404689e-17 -2.323054e-01
    outer loop
      vertex   1.441028e+01 7.000000e+01 8.583540e+01
      vertex   1.473694e+01 4.666667e+01 8.720310e+01
      vertex   1.441028e+01 4.666667e+01 8.583540e+01
    endloop
  endfacet
  facet normal 9.466157e-01 -7.206545e-17 -3.223643e-01
    outer loop
      vertex   1.441028e+01 7.000000e+01 8.583540e+01
      vertex   1.441028e+01 4.666667e+01 8.583540e+01
      vertex   1.395698e+01 7.000000e+01 8.450430e+01
    endloop
  endfacet
  facet normal 9.466157e-01 0.000000e+00 -3.223643e-01
    outer loop
      vertex   1.395698e+01 7.000000e+01 8.450430e+01
      vertex   1.441028e+01 4.666667e+01 8.583540e+01
      vertex   1.395698e+01 4.666667e+01 8.450430e+01
    endloop
  endfacet
  facet normal 9.122696e-01 0.000000e+00 -4.095904e-01
    outer loop
      vertex   1.395698e+01 7.000000e+01 8.450430e+01
      vertex   1.395698e+01 4.666667e+01 8.450430e+01
      vertex   1.338103e+01 7.000000e+01 8.322150e+01
    endloop
  endfacet
  facet normal 9.122696e-01 -2.494555e-16 -4.095904e-01
    outer loop
      vertex   1.338103e+01 7.000000e+01 8.322150e+01
      vertex   1.395698e+01 4.666667e+01 8.450430e+01
      vertex   1.338103e+01 4.666667e+01 8.322150e+01
    endloop
  endfacet
  facet normal 8.699064e-01 -3.003872e-16 -4.932169e-01
    outer loop
      vertex   1.338103e+01 7.000000e+01 8.322150e+01
      vertex   1.338103e+01 4.666667e+01 8.322150e+01
      vertex   1.268748e+01 7.000000e+01 8.199826e+01
    endloop
  endfacet
  facet normal 8.699064e-01 6.622561e-17 -4.932169e-01
    outer loop
      vertex   1.268748e+01 7.000000e+01 8.199826e+01
      vertex   1.338103e+01 4.666667e+01 8.322150e+01
      vertex   1.268748e+01 4.666667e+01 8.199826e+01
    endloop
  endfacet
  facet normal 8.198984e-01 6.241852e-17 -5.725090e-01
    outer loop
      vertex   1.268748e+01 7.000000e+01 8.199826e+01
      vertex   1.268748e+01 4.666667e+01 8.199826e+01
      vertex   1.188244e+01 7.000000e+01 8.084535e+01
    endloop
  endfacet
  facet normal 8.198984e-01 0.000000e+00 -5.725090e-01
    outer loop
      vertex   1.188244e+01 7.000000e+01 8.084535e+01
      vertex   1.268748e+01 4.666667e+01 8.199826e+01
      vertex   1.188244e+01 4.666667e+01 8.084535e+01
    endloop
  endfacet
  facet normal 7.626852e-01 0.000000e+00 -6.467699e-01
    outer loop
      vertex   1.188244e+01 7.000000e+01 8.084535e+01
      vertex   1.188244e+01 4.666667e+01 8.084535e+01
      vertex   1.097297e+01 7.000000e+01 7.977288e+01
    endloop
  endfacet
  facet normal 7.626852e-01 0.000000e+00 -6.467699e-01
    outer loop
      vertex   1.097297e+01 7.000000e+01 7.977288e+01
      vertex   1.188244e+01 4.666667e+01 8.084535e+01
      vertex   1.097297e+01 4.666667e+01 7.977288e+01
    endloop
  endfacet
  facet normal 6.987694e-01 0.000000e+00 -7.153470e-01
    outer loop
      vertex   1.097297e+01 7.000000e+01 7.977288e+01
      vertex   1.097297e+01 4.666667e+01 7.977288e+01
      vertex   9.967072e+00 7.000000e+01 7.879030e+01
    endloop
  endfacet
  facet normal 6.987694e-01 0.000000e+00 -7.153470e-01
    outer loop
      vertex   9.967072e+00 7.000000e+01 7.879030e+01
      vertex   1.097297e+01 4.666667e+01 7.977288e+01
      vertex   9.967072e+00 4.666667e+01 7.879030e+01
    endloop
  endfacet
  facet normal 6.287129e-01 0.000000e+00 -7.776375e-01
    outer loop
      vertex   9.967072e+00 7.000000e+01 7.879030e+01
      vertex   9.967072e+00 4.666667e+01 7.879030e+01
      vertex   8.873583e+00 7.000000e+01 7.790622e+01
    endloop
  endfacet
  facet normal 6.287129e-01 0.000000e+00 -7.776375e-01
    outer loop
      vertex   8.873583e+00 7.000000e+01 7.790622e+01
      vertex   9.967072e+00 4.666667e+01 7.879030e+01
      vertex   8.873583e+00 4.666667e+01 7.790622e+01
    endloop
  endfacet
  facet normal 5.531312e-01 0.000000e+00 -8.330942e-01
    outer loop
      vertex   8.873583e+00 7.000000e+01 7.790622e+01
      vertex   8.873583e+00 4.666667e+01 7.790622e+01
      vertex   7.702113e+00 7.000000e+01 7.712842e+01
    endloop
  endfacet
  facet normal 5.531312e-01 0.000000e+00 -8.330942e-01
    outer loop
      vertex   7.702113e+00 7.000000e+01 7.712842e+01
      vertex   8.873583e+00 4.666667e+01 7.790622e+01
      vertex   7.702113e+00 4.666667e+01 7.712842e+01
    endloop
  endfacet
  facet normal 4.726885e-01 0.000000e+00 -8.812296e-01
    outer loop
      vertex   7.702113e+00 7.000000e+01 7.712842e+01
      vertex   7.702113e+00 4.666667e+01 7.712842e+01
      vertex   6.462956e+00 7.000000e+01 7.646375e+01
    endloop
  endfacet
  facet normal 4.726885e-01 0.000000e+00 -8.812296e-01
    outer loop
      vertex   6.462956e+00 7.000000e+01 7.646375e+01
      vertex   7.702113e+00 4.666667e+01 7.712842e+01
      vertex   6.462956e+00 4.666667e+01 7.646375e+01
    endloop
  endfacet
  facet normal 3.880919e-01 0.000000e+00 -9.216207e-01
    outer loop
      vertex   6.462956e+00 7.000000e+01 7.646375e+01
      vertex   6.462956e+00 4.666667e+01 7.646375e+01
      vertex   5.167003e+00 7.000000e+01 7.591802e+01
    endloop
  endfacet
  facet normal 3.880919e-01 0.000000e+00 -9.216207e-01
    outer loop
      vertex   5.167003e+00 7.000000e+01 7.591802e+01
      vertex   6.462956e+00 4.666667e+01 7.646375e+01
      vertex   5.167003e+00 4.666667e+01 7.591802e+01
    endloop
  endfacet
  facet normal 3.000846e-01 0.000000e+00 -9.539126e-01
    outer loop
      vertex   5.167003e+00 7.000000e+01 7.591802e+01
      vertex   5.167003e+00 4.666667e+01 7.591802e+01
      vertex   3.825642e+00 7.000000e+01 7.549605e+01
    endloop
  endfacet
  facet normal 3.000846e-01 0.000000e+00 -9.539126e-01
    outer loop
      vertex   3.825642e+00 7.000000e+01 7.549605e+01
      vertex   5.167003e+00 4.666667e+01 7.591802e+01
      vertex   3.825642e+00 4.666667e+01 7.549605e+01
    endloop
  endfacet
  facet normal 2.094403e-01 0.000000e+00 -9.778214e-01
    outer loop
      vertex   3.825642e+00 7.000000e+01 7.549605e+01
      vertex   3.825642e+00 4.666667e+01 7.549605e+01
      vertex   2.450660e+00 7.000000e+01 7.520155e+01
    endloop
  endfacet
  facet normal 2.094403e-01 0.000000e+00 -9.778214e-01
    outer loop
      vertex   2.450660e+00 7.000000e+01 7.520155e+01
      vertex   3.825642e+00 4.666667e+01 7.549605e+01
      vertex   2.450660e+00 4.666667e+01 7.520155e+01
    endloop
  endfacet
  facet normal 1.169553e-01 0.000000e+00 -9.931372e-01
    outer loop
      vertex   2.450660e+00 7.000000e+01 7.520155e+01
      vertex   2.450660e+00 4.666667e+01 7.520155e+01
      vertex   1.054143e+00 7.000000e+01 7.503709e+01
    endloop
  endfacet
  facet normal 1.169553e-01 1.780752e-17 -9.931372e-01
    outer loop
      vertex   1.054143e+00 7.000000e+01 7.503709e+01
      vertex   2.450660e+00 4.666667e+01 7.520155e+01
      vertex   1.054143e+00 4.666667e+01 7.503709e+01
    endloop
  endfacet
  facet normal 2.344257e-02 3.569347e-18 -9.997252e-01
    outer loop
      vertex   1.054143e+00 7.000000e+01 7.503709e+01
      vertex   1.054143e+00 4.666667e+01 7.503709e+01
      vertex   -3.516386e-01 7.000000e+01 7.500412e+01
    endloop
  endfacet
  facet normal 2.344257e-02 0.000000e+00 -9.997252e-01
    outer loop
      vertex   -3.516386e-01 7.000000e+01 7.500412e+01
      vertex   1.054143e+00 4.666667e+01 7.503709e+01
      vertex   -3.516386e-01 4.666667e+01 7.500412e+01
    endloop
  endfacet
  facet normal -7.027619e-02 -0.000000e+00 -9.975276e-01
    outer loop
      vertex   -3.516386e-01 7.000000e+01 7.500412e+01
      vertex   -3.516386e-01 4.666667e+01 7.500412e+01
      vertex   -1.754330e+00 7.000000e+01 7.510294e+01
    endloop
  endfacet
  facet normal -7.027619e-02 -0.000000e+00 -9.975276e-01
    outer loop
      vertex   -1.754330e+00 7.000000e+01 7.510294e+01
      vertex   -3.516386e-01 4.666667e+01 7.500412e+01
      vertex   -1.754330e+00 4.666667e+01 7.510294e+01
    endloop
  endfacet
  facet normal -1.633774e-01 -0.000000e+00 -9.865637e-01
    outer loop
      vertex   -1.754330e+00 7.000000e+01 7.510294e+01
      vertex   -1.754330e+00 4.666667e+01 7.510294e+01
      vertex   -3.141604e+00 7.000000e+01 7.533268e+01
    endloop
  endfacet
  facet normal -1.633774e-01 -0.000000e+00 -9.865637e-01
    outer loop
      vertex   -3.141604e+00 7.000000e+01 7.533268e+01
      vertex   -1.754330e+00 4.666667e+01 7.510294e+01
      vertex   -3.141604e+00 4.666667e+01 7.533268e+01
    endloop
  endfacet
  facet normal -2.550428e-01 -0.000000e+00 -9.669298e-01
    outer loop
      vertex   -3.141604e+00 7.000000e+01 7.533268e+01
      vertex   -3.141604e+00 4.666667e+01 7.533268e+01
      vertex   -4.501270e+00 7.000000e+01 7.569131e+01
    endloop
  endfacet
  facet normal -2.550428e-01 -3.883260e-17 -9.669298e-01
    outer loop
      vertex   -4.501270e+00 7.000000e+01 7.569131e+01
      vertex   -3.141604e+00 4.666667e+01 7.533268e+01
      vertex   -4.501270e+00 4.666667e+01 7.569131e+01
    endloop
  endfacet
  facet normal -3.444669e-01 -5.244823e-17 -9.387985e-01
    outer loop
      vertex   -4.501270e+00 7.000000e+01 7.569131e+01
      vertex   -4.501270e+00 4.666667e+01 7.569131e+01
      vertex   -5.821378e+00 7.000000e+01 7.617569e+01
    endloop
  endfacet
  facet normal -3.444669e-01 -0.000000e+00 -9.387985e-01
    outer loop
      vertex   -5.821378e+00 7.000000e+01 7.617569e+01
      vertex   -4.501270e+00 4.666667e+01 7.569131e+01
      vertex   -5.821378e+00 4.666667e+01 7.617569e+01
    endloop
  endfacet
  facet normal -4.308637e-01 -0.000000e+00 -9.024170e-01
    outer loop
      vertex   -5.821378e+00 7.000000e+01 7.617569e+01
      vertex   -5.821378e+00 4.666667e+01 7.617569e+01
      vertex   -7.090328e+00 7.000000e+01 7.678156e+01
    endloop
  endfacet
  facet normal -4.308637e-01 3.280148e-17 -9.024170e-01
    outer loop
      vertex   -7.090328e+00 7.000000e+01 7.678156e+01
      vertex   -5.821378e+00 4.666667e+01 7.617569e+01
      vertex   -7.090328e+00 4.666667e+01 7.678156e+01
    endloop
  endfacet
  facet normal -5.134742e-01 3.909057e-17 -8.581050e-01
    outer loop
      vertex   -7.090328e+00 7.000000e+01 7.678156e+01
      vertex   -7.090328e+00 4.666667e+01 7.678156e+01
      vertex   -8.296967e+00 7.000000e+01 7.750359e+01
    endloop
  endfacet
  facet normal -5.134742e-01 -7.818115e-17 -8.581050e-01
    outer loop
      vertex   -8.296967e+00 7.000000e+01 7.750359e+01
      vertex   -7.090328e+00 4.666667e+01 7.678156e+01
      vertex   -8.296967e+00 4.666667e+01 7.750359e+01
    endloop
  endfacet
  facet normal -5.915722e-01 -9.007229e-17 -8.062520e-01
    outer loop
      vertex   -8.296967e+00 7.000000e+01 7.750359e+01
      vertex   -8.296967e+00 4.666667e+01 7.750359e+01
      vertex   -9.430693e+00 7.000000e+01 7.833544e+01
    endloop
  endfacet
  facet normal -5.915722e-01 4.503614e-17 -8.062520e-01
    outer loop
      vertex   -9.430693e+00 7.000000e+01 7.833544e+01
      vertex   -8.296967e+00 4.666667e+01 7.750359e+01
      vertex   -9.430693e+00 4.666667e+01 7.833544e+01
    endloop
  endfacet
  facet normal -6.644715e-01 5.058593e-17 -7.473136e-01
    outer loop
      vertex   -9.430693e+00 7.000000e+01 7.833544e+01
      vertex   -9.430693e+00 4.666667e+01 7.833544e+01
      vertex   -1.048154e+01 7.000000e+01 7.926980e+01
    endloop
  endfacet
  facet normal -6.644715e-01 5.058593e-17 -7.473136e-01
    outer loop
      vertex   -1.048154e+01 7.000000e+01 7.926980e+01
      vertex   -9.430693e+00 4.666667e+01 7.833544e+01
      vertex   -1.048154e+01 4.666667e+01 7.926980e+01
    endloop
  endfacet
  facet normal -7.315313e-01 5.569117e-17 -6.818078e-01
    outer loop
      vertex   -1.048154e+01 7.000000e+01 7.926980e+01
      vertex   -1.048154e+01 4.666667e+01 7.926980e+01
      vertex   -1.144028e+01 7.000000e+01 8.029845e+01
    endloop
  endfacet
  facet normal -7.315313e-01 5.569117e-17 -6.818078e-01
    outer loop
      vertex   -1.144028e+01 7.000000e+01 8.029845e+01
      vertex   -1.048154e+01 4.666667e+01 7.926980e+01
      vertex   -1.144028e+01 4.666667e+01 8.029845e+01
    endloop
  endfacet
  facet normal -7.921625e-01 6.030700e-17 -6.103103e-01
    outer loop
      vertex   -1.144028e+01 7.000000e+01 8.029845e+01
      vertex   -1.144028e+01 4.666667e+01 8.029845e+01
      vertex   -1.229848e+01 7.000000e+01 8.141236e+01
    endloop
  endfacet
  facet normal -7.921625e-01 -6.030700e-17 -6.103103e-01
    outer loop
      vertex   -1.229848e+01 7.000000e+01 8.141236e+01
      vertex   -1.144028e+01 4.666667e+01 8.029845e+01
      vertex   -1.229848e+01 4.666667e+01 8.141236e+01
    endloop
  endfacet
  facet normal -8.458321e-01 -6.439284e-17 -5.334493e-01
    outer loop
      vertex   -1.229848e+01 7.000000e+01 8.141236e+01
      vertex   -1.229848e+01 4.666667e+01 8.141236e+01
      vertex   -1.304860e+01 7.000000e+01 8.260175e+01
    endloop
  endfacet
  facet normal -8.458321e-01 -6.439284e-17 -5.334493e-01
    outer loop
      vertex   -1.304860e+01 7.000000e+01 8.260175e+01
      vertex   -1.229848e+01 4.666667e+01 8.141236e+01
      vertex   -1.304860e+01 4.666667e+01 8.260175e+01
    endloop
  endfacet
  facet normal -8.920684e-01 -6.791279e-17 -4.519003e-01
    outer loop
      vertex   -1.304860e+01 7.000000e+01 8.260175e+01
      vertex   -1.304860e+01 4.666667e+01 8.260175e+01
      vertex   -1.368404e+01 7.000000e+01 8.385614e+01
    endloop
  endfacet
  facet normal -8.920684e-01 -0.000000e+00 -4.519003e-01
    outer loop
      vertex   -1.368404e+01 7.000000e+01 8.385614e+01
      vertex   -1.304860e+01 4.666667e+01 8.260175e+01
      vertex   -1.368404e+01 4.666667e+01 8.385614e+01
    endloop
  endfacet
  facet normal -9.304653e-01 -0.000000e+00 -3.663800e-01
    outer loop
      vertex   -1.368404e+01 7.000000e+01 8.385614e+01
      vertex   -1.368404e+01 4.666667e+01 8.385614e+01
      vertex   -1.419924e+01 7.000000e+01 8.516454e+01
    endloop
  endfacet
  facet normal -9.304653e-01 -0.000000e+00 -3.663800e-01
    outer loop
      vertex   -1.419924e+01 7.000000e+01 8.516454e+01
      vertex   -1.368404e+01 4.666667e+01 8.385614e+01
      vertex   -1.419924e+01 4.666667e+01 8.516454e+01
    endloop
  endfacet
  facet normal -9.606852e-01 -0.000000e+00 -2.776400e-01
    outer loop
      vertex   -1.419924e+01 7.000000e+01 8.516454e+01
      vertex   -1.419924e+01 4.666667e+01 8.516454e+01
      vertex   -1.458964e+01 7.000000e+01 8.651542e+01
    endloop
  endfacet
  facet normal -9.606852e-01 -0.000000e+00 -2.776400e-01
    outer loop
      vertex   -1.458964e+01 7.000000e+01 8.651542e+01
      vertex   -1.419924e+01 4.666667e+01 8.516454e+01
      vertex   -1.458964e+01 4.666667e+01 8.651542e+01
    endloop
  endfacet
  facet normal -9.824625e-01 -0.000000e+00 -1.864601e-01
    outer loop
      vertex   -1.458964e+01 7.000000e+01 8.651542e+01
      vertex   -1.458964e+01 4.666667e+01 8.651542e+01
      vertex   -1.485184e+01 7.000000e+01 8.789693e+01
    endloop
  endfacet
  facet normal -9.824625e-01 -0.000000e+00 -1.864601e-01
    outer loop
      vertex   -1.485184e+01 7.000000e+01 8.789693e+01
      vertex   -1.458964e+01 4.666667e+01 8.651542e+01
      vertex   -1.485184e+01 4.666667e+01 8.789693e+01
    endloop
  endfacet
  facet normal -9.956060e-01 -0.000000e+00 -9.364149e-02
    outer loop
      vertex   -1.485184e+01 7.000000e+01 8.789693e+01
      vertex   -1.485184e+01 4.666667e+01 8.789693e+01
      vertex   -1.498351e+01 7.000000e+01 8.929692e+01
    endloop
  endfacet
  facet normal -9.956060e-01 -0.000000e+00 -9.364149e-02
    outer loop
      vertex   -1.498351e+01 7.000000e+01 8.929692e+01
      vertex   -1.485184e+01 4.666667e+01 8.789693e+01
      vertex   -1.498351e+01 4.666667e+01 8.929692e+01
    endloop
  endfacet
  facet normal -1.000000e+00 0.000000e+00 0.000000e+00
    outer loop
      vertex   -1.498351e+01 7.000000e+01 8.929692e+01
      vertex   -1.498351e+01 4.666667e+01 8.929692e+01
      vertex   -1.498351e+01 7.000000e+01 9.070308e+01
    endloop
  endfacet
  facet normal -1.000000e+00 -0.000000e+00 0.000000e+00
    outer loop
      vertex   -1.498351e+01 7.000000e+01 9.070308e+01
      vertex   -1.498351e+01 4.666667e+01 8.929692e+01
      vertex   -1.498351e+01 4.666667e+01 9.070308e+01
    endloop
  endfacet
  facet normal -9.956060e-01 0.000000e+00 9.364149e-02
    outer loop
      vertex   -1.498351e+01 7.000000e+01 9.070308e+01
      vertex   -1.498351e+01 4.666667e+01 9.070308e+01
      vertex   -1.485184e+01 7.000000e+01 9.210307e+01
    endloop
  endfacet
  facet normal -9.956060e-01 0.000000e+00 9.364149e-02
    outer loop
      vertex   -1.485184e+01 7.000000e+01 9.210307e+01
      vertex   -1.498351e+01 4.666667e+01 9.070308e+01
      vertex   -1.485184e+01 4.666667e+01 9.210307e+01
    endloop
  endfacet
  facet normal -9.824625e-01 0.000000e+00 1.864601e-01
    outer loop
      vertex   -1.485184e+01 7.000000e+01 9.210307e+01
      vertex   -1.485184e+01 4.666667e+01 9.210307e+01
      vertex   -1.458964e+01 7.000000e+01 9.348458e+01
    endloop
  endfacet
  facet normal -9.824625e-01 0.000000e+00 1.864601e-01
    outer loop
      vertex   -1.458964e+01 7.000000e+01 9.348458e+01
      vertex   -1.485184e+01 4.666667e+01 9.210307e+01
      vertex   -1.458964e+01 4.666667e+01 9.348458e+01
    endloop
  endfacet
  facet normal -9.606852e-01 0.000000e+00 2.776400e-01
    outer loop
      vertex   -1.458964e+01 7.000000e+01 9.348458e+01
      vertex   -1.458964e+01 4.666667e+01 9.348458e+01
      vertex   -1.419924e+01 7.000000e+01 9.483546e+01
    endloop
  endfacet
  facet normal -9.606852e-01 0.000000e+00 2.776400e-01
    outer loop
      vertex   -1.419924e+01 7.000000e+01 9.483546e+01
      vertex   -1.458964e+01 4.666667e+01 9.348458e+01
      vertex   -1.419924e+01 4.666667e+01 9.483546e+01
    endloop
  endfacet
  facet normal -9.304653e-01 0.000000e+00 3.663800e-01
    outer loop
      vertex   -1.419924e+01 7.000000e+01 9.483546e+01
      vertex   -1.419924e+01 4.666667e+01 9.483546e+01
      vertex   -1.368404e+01 7.000000e+01 9.614386e+01
    endloop
  endfacet
  facet normal -9.304653e-01 0.000000e+00 3.663800e-01
    outer loop
      vertex   -1.368404e+01 7.000000e+01 9.614386e+01
      vertex   -1.419924e+01 4.666667e+01 9.483546e+01
      vertex   -1.368404e+01 4.666667e+01 9.614386e+01
    endloop
  endfacet
  facet normal -8.920684e-01 0.000000e+00 4.519003e-01
    outer loop
      vertex   -1.368404e+01 7.000000e+01 9.614386e+01
      vertex   -1.368404e+01 4.666667e+01 9.614386e+01
      vertex   -1.304860e+01 7.000000e+01 9.739825e+01
    endloop
  endfacet
  facet normal -8.920684e-01 -1.358256e-16 4.519003e-01
    outer loop
      vertex   -1.304860e+01 7.000000e+01 9.739825e+01
      vertex   -1.368404e+01 4.666667e+01 9.614386e+01
      vertex   -1.304860e+01 4.666667e+01 9.739825e+01
    endloop
  endfacet
  facet normal -8.458321e-01 -1.287857e-16 5.334493e-01
    outer loop
      vertex   -1.304860e+01 7.000000e+01 9.739825e+01
      vertex   -1.304860e+01 4.666667e+01 9.739825e+01
      vertex   -1.229848e+01 7.000000e+01 9.858764e+01
    endloop
  endfacet
  facet normal -8.458321e-01 6.439284e-17 5.334493e-01
    outer loop
      vertex   -1.229848e+01 7.000000e+01 9.858764e+01
      vertex   -1.304860e+01 4.666667e+01 9.739825e+01
      vertex   -1.229848e+01 4.666667e+01 9.858764e+01
    endloop
  endfacet
  facet normal -7.921625e-01 6.030700e-17 6.103103e-01
    outer loop
      vertex   -1.229848e+01 7.000000e+01 9.858764e+01
      vertex   -1.229848e+01 4.666667e+01 9.858764e+01
      vertex   -1.144028e+01 7.000000e+01 9.970155e+01
    endloop
  endfacet
  facet normal -7.921625e-01 0.000000e+00 6.103103e-01
    outer loop
      vertex   -1.144028e+01 7.000000e+01 9.970155e+01
      vertex   -1.229848e+01 4.666667e+01 9.858764e+01
      vertex   -1.144028e+01 4.666667e+01 9.970155e+01
    endloop
  endfacet
  facet normal -7.315313e-01 0.000000e+00 6.818078e-01
    outer loop
      vertex   -1.144028e+01 7.000000e+01 9.970155e+01
      vertex   -1.144028e+01 4.666667e+01 9.970155e+01
      vertex   -1.048154e+01 7.000000e+01 1.007302e+02
    endloop
  endfacet
  facet normal -7.315313e-01 -1.113823e-16 6.818078e-01
    outer loop
      vertex   -1.048154e+01 7.000000e+01 1.007302e+02
      vertex   -1.144028e+01 4.666667e+01 9.970155e+01
      vertex   -1.048154e+01 4.666667e+01 1.007302e+02
    endloop
  endfacet
  facet normal -6.644715e-01 -1.011719e-16 7.473136e-01
    outer loop
      vertex   -1.048154e+01 7.000000e+01 1.007302e+02
      vertex   -1.048154e+01 4.666667e+01 1.007302e+02
      vertex   -9.430693e+00 7.000000e+01 1.016646e+02
    endloop
  endfacet
  facet normal -6.644715e-01 -1.011719e-16 7.473136e-01
    outer loop
      vertex   -9.430693e+00 7.000000e+01 1.016646e+02
      vertex   -1.048154e+01 4.666667e+01 1.007302e+02
      vertex   -9.430693e+00 4.666667e+01 1.016646e+02
    endloop
  endfacet
  facet normal -5.915722e-01 -9.007229e-17 8.062520e-01
    outer loop
      vertex   -9.430693e+00 7.000000e+01 1.016646e+02
      vertex   -9.430693e+00 4.666667e+01 1.016646e+02
      vertex   -8.296967e+00 7.000000e+01 1.024964e+02
    endloop
  endfacet
  facet normal -5.915722e-01 0.000000e+00 8.062520e-01
    outer loop
      vertex   -8.296967e+00 7.000000e+01 1.024964e+02
      vertex   -9.430693e+00 4.666667e+01 1.016646e+02
      vertex   -8.296967e+00 4.666667e+01 1.024964e+02
    endloop
  endfacet
  facet normal -5.134742e-01 0.000000e+00 8.581050e-01
    outer loop
      vertex   -8.296967e+00 7.000000e+01 1.024964e+02
      vertex   -8.296967e+00 4.666667e+01 1.024964e+02
      vertex   -7.090328e+00 7.000000e+01 1.032184e+02
    endloop
  endfacet
  facet normal -5.134742e-01 3.909057e-17 8.581050e-01
    outer loop
      vertex   -7.090328e+00 7.000000e+01 1.032184e+02
      vertex   -8.296967e+00 4.666667e+01 1.024964e+02
      vertex   -7.090328e+00 4.666667e+01 1.032184e+02
    endloop
  endfacet
  facet normal -4.308637e-01 3.280148e-17 9.024170e-01
    outer loop
      vertex   -7.090328e+00 7.000000e+01 1.032184e+02
      vertex   -7.090328e+00 4.666667e+01 1.032184e+02
      vertex   -5.821378e+00 7.000000e+01 1.038243e+02
    endloop
  endfacet
  facet normal -4.308637e-01 -6.560295e-17 9.024170e-01
    outer loop
      vertex   -5.821378e+00 7.000000e+01 1.038243e+02
      vertex   -7.090328e+00 4.666667e+01 1.032184e+02
      vertex   -5.821378e+00 4.666667e+01 1.038243e+02
    endloop
  endfacet
  facet normal -3.444669e-01 -5.244823e-17 9.387985e-01
    outer loop
      vertex   -5.821378e+00 7.000000e+01 1.038243e+02
      vertex   -5.821378e+00 4.666667e+01 1.038243e+02
      vertex   -4.501270e+00 7.000000e+01 1.043087e+02
    endloop
  endfacet
  facet normal -3.444669e-01 3.933617e-17 9.387985e-01
    outer loop
      vertex   -4.501270e+00 7.000000e+01 1.043087e+02
      vertex   -5.821378e+00 4.666667e+01 1.038243e+02
      vertex   -4.501270e+00 4.666667e+01 1.043087e+02
    endloop
  endfacet
  facet normal -2.550428e-01 2.912445e-17 9.669298e-01
    outer loop
      vertex   -4.501270e+00 7.000000e+01 1.043087e+02
      vertex   -4.501270e+00 4.666667e+01 1.043087e+02
      vertex   -3.141604e+00 7.000000e+01 1.046673e+02
    endloop
  endfacet
  facet normal -2.550428e-01 0.000000e+00 9.669298e-01
    outer loop
      vertex   -3.141604e+00 7.000000e+01 1.046673e+02
      vertex   -4.501270e+00 4.666667e+01 1.043087e+02
      vertex   -3.141604e+00 4.666667e+01 1.046673e+02
    endloop
  endfacet
  facet normal -1.633774e-01 0.000000e+00 9.865637e-01
    outer loop
      vertex   -3.141604e+00 7.000000e+01 1.046673e+02
      vertex   -3.141604e+00 4.666667e+01 1.046673e+02
      vertex   -1.754330e+00 7.000000e+01 1.048971e+02
    endloop
  endfacet
  facet normal -1.633774e-01 0.000000e+00 9.865637e-01
    outer loop
      vertex   -1.754330e+00 7.000000e+01 1.048971e+02
      vertex   -3.141604e+00 4.666667e+01 1.046673e+02
      vertex   -1.754330e+00 4.666667e+01 1.048971e+02
    endloop
  endfacet
  facet normal -7.027619e-02 0.000000e+00 9.975276e-01
    outer loop
      vertex   -1.754330e+00 7.000000e+01 1.048971e+02
      vertex   -1.754330e+00 4.666667e+01 1.048971e+02
      vertex   -3.516386e-01 7.000000e+01 1.049959e+02
    endloop
  endfacet
  facet normal -7.027619e-02 0.000000e+00 9.975276e-01
    outer loop
      vertex   -3.516386e-01 7.000000e+01 1.049959e+02
      vertex   -1.754330e+00 4.666667e+01 1.048971e+02
      vertex   -3.516386e-01 4.666667e+01 1.049959e+02
    endloop
  endfacet
  facet normal 2.344257e-02 0.000000e+00 9.997252e-01
    outer loop
      vertex   -3.516386e-01 7.000000e+01 1.049959e+02
      vertex   -3.516386e-01 4.666667e+01 1.049959e+02
      vertex   1.054143e+00 7.000000e+01 1.049629e+02
    endloop
  endfacet
  facet normal 2.344257e-02 -3.346262e-18 9.997252e-01
    outer loop
      vertex   1.054143e+00 7.000000e+01 1.049629e+02
      vertex   -3.516386e-01 4.666667e+01 1.049959e+02
      vertex   1.054143e+00 4.666667e+01 1.049629e+02
    endloop
  endfacet
  facet normal 1.169553e-01 -1.669455e-17 9.931372e-01
    outer loop
      vertex   1.054143e+00 7.000000e+01 1.049629e+02
      vertex   1.054143e+00 4.666667e+01 1.049629e+02
      vertex   2.450660e+00 7.000000e+01 1.047985e+02
    endloop
  endfacet
  facet normal 1.169553e-01 0.000000e+00 9.931372e-01
    outer loop
      vertex   2.450660e+00 7.000000e+01 1.047985e+02
      vertex   1.054143e+00 4.666667e+01 1.049629e+02
      vertex   2.450660e+00 4.666667e+01 1.047985e+02
    endloop
  endfacet
  facet normal 2.094403e-01 0.000000e+00 9.778214e-01
    outer loop
      vertex   2.450660e+00 7.000000e+01 1.047985e+02
      vertex   2.450660e+00 4.666667e+01 1.047985e+02
      vertex   3.825642e+00 7.000000e+01 1.045039e+02
    endloop
  endfacet
  facet normal 2.094403e-01 0.000000e+00 9.778214e-01
    outer loop
      vertex   3.825642e+00 7.000000e+01 1.045039e+02
      vertex   2.450660e+00 4.666667e+01 1.047985e+02
      vertex   3.825642e+00 4.666667e+01 1.045039e+02
    endloop
  endfacet
  facet normal 3.000846e-01 0.000000e+00 9.539126e-01
    outer loop
      vertex   3.825642e+00 7.000000e+01 1.045039e+02
      vertex   3.825642e+00 4.666667e+01 1.045039e+02
      vertex   5.167003e+00 7.000000e+01 1.040820e+02
    endloop
  endfacet
  facet normal 3.000846e-01 0.000000e+00 9.539126e-01
    outer loop
      vertex   5.167003e+00 7.000000e+01 1.040820e+02
      vertex   3.825642e+00 4.666667e+01 1.045039e+02
      vertex   5.167003e+00 4.666667e+01 1.040820e+02
    endloop
  endfacet
  facet normal 3.880919e-01 0.000000e+00 9.216207e-01
    outer loop
      vertex   5.167003e+00 7.000000e+01 1.040820e+02
      vertex   5.167003e+00 4.666667e+01 1.040820e+02
      vertex   6.462956e+00 7.000000e+01 1.035363e+02
    endloop
  endfacet
  facet normal 3.880919e-01 1.004420e-15 9.216207e-01
    outer loop
      vertex   6.462956e+00 7.000000e+01 1.035363e+02
      vertex   5.167003e+00 4.666667e+01 1.040820e+02
      vertex   6.462956e+00 4.666667e+01 1.035363e+02
    endloop
  endfacet
  facet normal 4.726885e-01 9.294599e-16 8.812296e-01
    outer loop
      vertex   6.462956e+00 7.000000e+01 1.035363e+02
      vertex   6.462956e+00 4.666667e+01 1.035363e+02
      vertex   7.702113e+00 7.000000e+01 1.028716e+02
    endloop
  endfacet
  facet normal 4.726885e-01 -8.996394e-17 8.812296e-01
    outer loop
      vertex   7.702113e+00 7.000000e+01 1.028716e+02
      vertex   6.462956e+00 4.666667e+01 1.035363e+02
      vertex   7.702113e+00 4.666667e+01 1.028716e+02
    endloop
  endfacet
  facet normal 5.531312e-01 -1.052741e-16 8.330942e-01
    outer loop
      vertex   7.702113e+00 7.000000e+01 1.028716e+02
      vertex   7.702113e+00 4.666667e+01 1.028716e+02
      vertex   8.873583e+00 7.000000e+01 1.020938e+02
    endloop
  endfacet
  facet normal 5.531312e-01 0.000000e+00 8.330942e-01
    outer loop
      vertex   8.873583e+00 7.000000e+01 1.020938e+02
      vertex   7.702113e+00 4.666667e+01 1.028716e+02
      vertex   8.873583e+00 4.666667e+01 1.020938e+02
    endloop
  endfacet
  facet normal 6.287129e-01 0.000000e+00 7.776375e-01
    outer loop
      vertex   8.873583e+00 7.000000e+01 1.020938e+02
      vertex   8.873583e+00 4.666667e+01 1.020938e+02
      vertex   9.967072e+00 7.000000e+01 1.012097e+02
    endloop
  endfacet
  facet normal 6.287129e-01 0.000000e+00 7.776375e-01
    outer loop
      vertex   9.967072e+00 7.000000e+01 1.012097e+02
      vertex   8.873583e+00 4.666667e+01 1.020938e+02
      vertex   9.967072e+00 4.666667e+01 1.012097e+02
    endloop
  endfacet
  facet normal 6.987694e-01 0.000000e+00 7.153470e-01
    outer loop
      vertex   9.967072e+00 7.000000e+01 1.012097e+02
      vertex   9.967072e+00 4.666667e+01 1.012097e+02
      vertex   1.097297e+01 7.000000e+01 1.002271e+02
    endloop
  endfacet
  facet normal 6.987694e-01 0.000000e+00 7.153470e-01
    outer loop
      vertex   1.097297e+01 7.000000e+01 1.002271e+02
      vertex   9.967072e+00 4.666667e+01 1.012097e+02
      vertex   1.097297e+01 4.666667e+01 1.002271e+02
    endloop
  endfacet
  facet normal 7.626852e-01 0.000000e+00 6.467699e-01
    outer loop
      vertex   1.097297e+01 7.000000e+01 1.002271e+02
      vertex   1.097297e+01 4.666667e+01 1.002271e+02
      vertex   1.188244e+01 7.000000e+01 9.915465e+01
    endloop
  endfacet
  facet normal 7.626852e-01 0.000000e+00 6.467699e-01
    outer loop
      vertex   1.188244e+01 7.000000e+01 9.915465e+01
      vertex   1.097297e+01 4.666667e+01 1.002271e+02
      vertex   1.188244e+01 4.666667e+01 9.915465e+01
    endloop
  endfacet
  facet normal 8.198984e-01 0.000000e+00 5.725090e-01
    outer loop
      vertex   1.188244e+01 7.000000e+01 9.915465e+01
      vertex   1.188244e+01 4.666667e+01 9.915465e+01
      vertex   1.268748e+01 7.000000e+01 9.800174e+01
    endloop
  endfacet
  facet normal 8.198984e-01 6.241852e-17 5.725090e-01
    outer loop
      vertex   1.268748e+01 7.000000e+01 9.800174e+01
      vertex   1.188244e+01 4.666667e+01 9.915465e+01
      vertex   1.268748e+01 4.666667e+01 9.800174e+01
    endloop
  endfacet
  facet normal 8.699064e-01 6.622561e-17 4.932169e-01
    outer loop
      vertex   1.268748e+01 7.000000e+01 9.800174e+01
      vertex   1.268748e+01 4.666667e+01 9.800174e+01
      vertex   1.338103e+01 7.000000e+01 9.677850e+01
    endloop
  endfacet
  facet normal 8.699064e-01 0.000000e+00 4.932169e-01
    outer loop
      vertex   1.338103e+01 7.000000e+01 9.677850e+01
      vertex   1.268748e+01 4.666667e+01 9.800174e+01
      vertex   1.338103e+01 4.666667e+01 9.677850e+01
    endloop
  endfacet
  facet normal 9.122696e-01 0.000000e+00 4.095904e-01
    outer loop
      vertex   1.338103e+01 7.000000e+01 9.677850e+01
      vertex   1.338103e+01 4.666667e+01 9.677850e+01
      vertex   1.395698e+01 7.000000e+01 9.549570e+01
    endloop
  endfacet
  facet normal 9.122696e-01 6.945070e-17 4.095904e-01
    outer loop
      vertex   1.395698e+01 7.000000e+01 9.549570e+01
      vertex   1.338103e+01 4.666667e+01 9.677850e+01
      vertex   1.395698e+01 4.666667e+01 9.549570e+01
    endloop
  endfacet
  facet normal 9.466157e-01 7.206545e-17 3.223643e-01
    outer loop
      vertex   1.395698e+01 7.000000e+01 9.549570e+01
      vertex   1.395698e+01 4.666667e+01 9.549570e+01
      vertex   1.441028e+01 7.000000e+01 9.416460e+01
    endloop
  endfacet
  facet normal 9.466157e-01 -7.206545e-17 3.223643e-01
    outer loop
      vertex   1.441028e+01 7.000000e+01 9.416460e+01
      vertex   1.395698e+01 4.666667e+01 9.549570e+01
      vertex   1.441028e+01 4.666667e+01 9.416460e+01
    endloop
  endfacet
  facet normal 9.726429e-01 -7.404689e-17 2.323054e-01
    outer loop
      vertex   1.441028e+01 7.000000e+01 9.416460e+01
      vertex   1.441028e+01 4.666667e+01 9.416460e+01
      vertex   1.473694e+01 7.000000e+01 9.279690e+01
    endloop
  endfacet
  facet normal 9.726429e-01 0.000000e+00 2.323054e-01
    outer loop
      vertex   1.473694e+01 7.000000e+01 9.279690e+01
      vertex   1.441028e+01 4.666667e+01 9.416460e+01
      vertex   1.473694e+01 4.666667e+01 9.279690e+01
    endloop
  endfacet
  facet normal 9.901225e-01 0.000000e+00 1.402049e-01
    outer loop
      vertex   1.473694e+01 7.000000e+01 9.279690e+01
      vertex   1.473694e+01 4.666667e+01 9.279690e+01
      vertex   1.493409e+01 7.000000e+01 9.140462e+01
    endloop
  endfacet
  facet normal 9.901225e-01 0.000000e+00 1.402049e-01
    outer loop
      vertex   1.493409e+01 7.000000e+01 9.140462e+01
      vertex   1.473694e+01 4.666667e+01 9.279690e+01
      vertex   1.493409e+01 4.666667e+01 9.140462e+01
    endloop
  endfacet
  facet normal 9.989009e-01 7.604590e-17 -4.687226e-02
    outer loop
      vertex   1.493409e+01 0.000000e+00 8.859538e+01
      vertex   1.493409e+01 2.333333e+01 8.859538e+01
      vertex   1.500000e+01 0.000000e+00 9.000000e+01
    endloop
  endfacet
  facet normal 9.989009e-01 0.000000e+00 -4.687226e-02
    outer loop
      vertex   1.500000e+01 0.000000e+00 9.000000e+01
      vertex   1.493409e+01 2.333333e+01 8.859538e+01
      vertex   1.500000e+01 2.333333e+01 9.000000e+01
    endloop
  endfacet
  facet normal 9.989009e-01 -0.000000e+00 4.687226e-02
    outer loop
      vertex   1.500000e+01 0.000000e+00 9.000000e+01
      vertex   1.500000e+01 2.333333e+01 9.000000e+01
      vertex   1.493409e+01 0.000000e+00 9.140462e+01
    endloop
  endfacet
  facet normal 9.989009e-01 -0.000000e+00 4.687226e-02
    outer loop
      vertex   1.493409e+01 0.000000e+00 9.140462e+01
      vertex   1.500000e+01 2.333333e+01 9.000000e+01
      vertex   1.493409e+01 2.333333e+01 9.140462e+01
    endloop
  endfacet
  facet normal 9.901225e-01 -0.000000e+00 1.402049e-01
    outer loop
      vertex   1.493409e+01 0.000000e+00 9.140462e+01
      vertex   1.493409e+01 2.333333e+01 9.140462e+01
      vertex   1.473694e+01 0.000000e+00 9.279690e+01
    endloop
  endfacet
  facet normal 9.901225e-01 -0.000000e+00 1.402049e-01
    outer loop
      vertex   1.473694e+01 0.000000e+00 9.279690e+01
      vertex   1.493409e+01 2.333333e+01 9.140462e+01
      vertex   1.473694e+01 2.333333e+01 9.279690e+01
    endloop
  endfacet
  facet normal 9.726429e-01 -0.000000e+00 2.323054e-01
    outer loop
      vertex   1.473694e+01 0.000000e+00 9.279690e+01
      vertex   1.473694e+01 2.333333e+01 9.279690e+01
      vertex   1.441028e+01 0.000000e+00 9.416460e+01
    endloop
  endfacet
  facet normal 9.726429e-01 7.404689e-17 2.323054e-01
    outer loop
      vertex   1.441028e+01 0.000000e+00 9.416460e+01
      vertex   1.473694e+01 2.333333e+01 9.279690e+01
      vertex   1.441028e+01 2.333333e+01 9.416460e+01
    endloop
  endfacet
  facet normal 9.466157e-01 7.206545e-17 3.223643e-01
    outer loop
      vertex   1.441028e+01 0.000000e+00 9.416460e+01
      vertex   1.441028e+01 2.333333e+01 9.416460e+01
      vertex   1.395698e+01 0.000000e+00 9.549570e+01
    endloop
  endfacet
  facet normal 9.466157e-01 -7.206545e-17 3.223643e-01
    outer loop
      vertex   1.395698e+01 0.000000e+00 9.549570e+01
      vertex   1.441028e+01 2.333333e+01 9.416460e+01
      vertex   1.395698e+01 2.333333e+01 9.549570e+01
    endloop
  endfacet
  facet normal 9.122696e-01 -6.945070e-17 4.095904e-01
    outer loop
      vertex   1.395698e+01 0.000000e+00 9.549570e+01
      vertex   1.395698e+01 2.333333e+01 9.549570e+01
      vertex   1.338103e+01 0.000000e+00 9.677850e+01
    endloop
  endfacet
  facet normal 9.122696e-01 -0.000000e+00 4.095904e-01
    outer loop
      vertex   1.338103e+01 0.000000e+00 9.677850e+01
      vertex   1.395698e+01 2.333333e+01 9.549570e+01
      vertex   1.338103e+01 2.333333e+01 9.677850e+01
    endloop
  endfacet
  facet normal 8.699064e-01 -0.000000e+00 4.932169e-01
    outer loop
      vertex   1.338103e+01 0.000000e+00 9.677850e+01
      vertex   1.338103e+01 2.333333e+01 9.677850e+01
      vertex   1.268748e+01 0.000000e+00 9.800174e+01
    endloop
  endfacet
  facet normal 8.699064e-01 -6.622561e-17 4.932169e-01
    outer loop
      vertex   1.268748e+01 0.000000e+00 9.800174e+01
      vertex   1.338103e+01 2.333333e+01 9.677850e+01
      vertex   1.268748e+01 2.333333e+01 9.800174e+01
    endloop
  endfacet
  facet normal 8.198984e-01 -6.241852e-17 5.725090e-01
    outer loop
      vertex   1.268748e+01 0.000000e+00 9.800174e+01
      vertex   1.268748e+01 2.333333e+01 9.800174e+01
      vertex   1.188244e+01 0.000000e+00 9.915465e+01
    endloop
  endfacet
  facet normal 8.198984e-01 -0.000000e+00 5.725090e-01
    outer loop
      vertex   1.188244e+01 0.000000e+00 9.915465e+01
      vertex   1.268748e+01 2.333333e+01 9.800174e+01
      vertex   1.188244e+01 2.333333e+01 9.915465e+01
    endloop
  endfacet
  facet normal 7.626852e-01 -0.000000e+00 6.467699e-01
    outer loop
      vertex   1.188244e+01 0.000000e+00 9.915465e+01
      vertex   1.188244e+01 2.333333e+01 9.915465e+01
      vertex   1.097297e+01 0.000000e+00 1.002271e+02
    endloop
  endfacet
  facet normal 7.626852e-01 -0.000000e+00 6.467699e-01
    outer loop
      vertex   1.097297e+01 0.000000e+00 1.002271e+02
      vertex   1.188244e+01 2.333333e+01 9.915465e+01
      vertex   1.097297e+01 2.333333e+01 1.002271e+02
    endloop
  endfacet
  facet normal 6.987694e-01 -0.000000e+00 7.153470e-01
    outer loop
      vertex   1.097297e+01 0.000000e+00 1.002271e+02
      vertex   1.097297e+01 2.333333e+01 1.002271e+02
      vertex   9.967072e+00 0.000000e+00 1.012097e+02
    endloop
  endfacet
  facet normal 6.987694e-01 -0.000000e+00 7.153470e-01
    outer loop
      vertex   9.967072e+00 0.000000e+00 1.012097e+02
      vertex   1.097297e+01 2.333333e+01 1.002271e+02
      vertex   9.967072e+00 2.333333e+01 1.012097e+02
    endloop
  endfacet
  facet normal 6.287129e-01 -0.000000e+00 7.776375e-01
    outer loop
      vertex   9.967072e+00 0.000000e+00 1.012097e+02
      vertex   9.967072e+00 2.333333e+01 1.012097e+02
      vertex   8.873583e+00 0.000000e+00 1.020938e+02
    endloop
  endfacet
  facet normal 6.287129e-01 -0.000000e+00 7.776375e-01
    outer loop
      vertex   8.873583e+00 0.000000e+00 1.020938e+02
      vertex   9.967072e+00 2.333333e+01 1.012097e+02
      vertex   8.873583e+00 2.333333e+01 1.020938e+02
    endloop
  endfacet
  facet normal 5.531312e-01 -0.000000e+00 8.330942e-01
    outer loop
      vertex   8.873583e+00 0.000000e+00 1.020938e+02
      vertex   8.873583e+00 2.333333e+01 1.020938e+02
      vertex   7.702113e+00 0.000000e+00 1.028716e+02
    endloop
  endfacet
  facet normal 5.531312e-01 1.052741e-16 8.330942e-01
    outer loop
      vertex   7.702113e+00 0.000000e+00 1.028716e+02
      vertex   8.873583e+00 2.333333e+01 1.020938e+02
      vertex   7.702113e+00 2.333333e+01 1.028716e+02
    endloop
  endfacet
  facet normal 4.726885e-01 8.996394e-17 8.812296e-01
    outer loop
      vertex   7.702113e+00 0.000000e+00 1.028716e+02
      vertex   7.702113e+00 2.333333e+01 1.028716e+02
      vertex   6.462956e+00 0.000000e+00 1.035363e+02
    endloop
  endfacet
  facet normal 4.726885e-01 1.259495e-16 8.812296e-01
    outer loop
      vertex   6.462956e+00 0.000000e+00 1.035363e+02
      vertex   7.702113e+00 2.333333e+01 1.028716e+02
      vertex   6.462956e+00 2.333333e+01 1.035363e+02
    endloop
  endfacet
  facet normal 3.880919e-01 1.034084e-16 9.216207e-01
    outer loop
      vertex   6.462956e+00 0.000000e+00 1.035363e+02
      vertex   6.462956e+00 2.333333e+01 1.035363e+02
      vertex   5.167003e+00 0.000000e+00 1.040820e+02
    endloop
  endfacet
  facet normal 3.880919e-01 -5.909054e-17 9.216207e-01
    outer loop
      vertex   5.167003e+00 0.000000e+00 1.040820e+02
      vertex   6.462956e+00 2.333333e+01 1.035363e+02
      vertex   5.167003e+00 2.333333e+01 1.040820e+02
    endloop
  endfacet
  facet normal 3.000846e-01 -4.569063e-17 9.539126e-01
    outer loop
      vertex   5.167003e+00 0.000000e+00 1.040820e+02
      vertex   5.167003e+00 2.333333e+01 1.040820e+02
      vertex   3.825642e+00 0.000000e+00 1.045039e+02
    endloop
  endfacet
  facet normal 3.000846e-01 -0.000000e+00 9.539126e-01
    outer loop
      vertex   3.825642e+00 0.000000e+00 1.045039e+02
      vertex   5.167003e+00 2.333333e+01 1.040820e+02
      vertex   3.825642e+00 2.333333e+01 1.045039e+02
    endloop
  endfacet
  facet normal 2.094403e-01 -0.000000e+00 9.778214e-01
    outer loop
      vertex   3.825642e+00 0.000000e+00 1.045039e+02
      vertex   3.825642e+00 2.333333e+01 1.045039e+02
      vertex   2.450660e+00 0.000000e+00 1.047985e+02
    endloop
  endfacet
  facet normal 2.094403e-01 3.188920e-17 9.778214e-01
    outer loop
      vertex   2.450660e+00 0.000000e+00 1.047985e+02
      vertex   3.825642e+00 2.333333e+01 1.045039e+02
      vertex   2.450660e+00 2.333333e+01 1.047985e+02
    endloop
  endfacet
  facet normal 1.169553e-01 1.780752e-17 9.931372e-01
    outer loop
      vertex   2.450660e+00 0.000000e+00 1.047985e+02
      vertex   2.450660e+00 2.333333e+01 1.047985e+02
      vertex   1.054143e+00 0.000000e+00 1.049629e+02
    endloop
  endfacet
  facet normal 1.169553e-01 -0.000000e+00 9.931372e-01
    outer loop
      vertex   1.054143e+00 0.000000e+00 1.049629e+02
      vertex   2.450660e+00 2.333333e+01 1.047985e+02
      vertex   1.054143e+00 2.333333e+01 1.049629e+02
    endloop
  endfacet
  facet normal 2.344257e-02 -0.000000e+00 9.997252e-01
    outer loop
      vertex   1.054143e+00 0.000000e+00 1.049629e+02
      vertex   1.054143e+00 2.333333e+01 1.049629e+02
      vertex   -3.516386e-01 0.000000e+00 1.049959e+02
    endloop
  endfacet
  facet normal 2.344257e-02 -3.346262e-18 9.997252e-01
    outer loop
      vertex   -3.516386e-01 0.000000e+00 1.049959e+02
      vertex   1.054143e+00 2.333333e+01 1.049629e+02
      vertex   -3.516386e-01 2.333333e+01 1.049959e+02
    endloop
  endfacet
  facet normal -7.027619e-02 1.003143e-17 9.975276e-01
    outer loop
      vertex   -3.516386e-01 0.000000e+00 1.049959e+02
      vertex   -3.516386e-01 2.333333e+01 1.049959e+02
      vertex   -1.754330e+00 0.000000e+00 1.048971e+02
    endloop
  endfacet
  facet normal -7.027619e-02 0.000000e+00 9.975276e-01
    outer loop
      vertex   -1.754330e+00 0.000000e+00 1.048971e+02
      vertex   -3.516386e-01 2.333333e+01 1.049959e+02
      vertex   -1.754330e+00 2.333333e+01 1.048971e+02
    endloop
  endfacet
  facet normal -1.633774e-01 0.000000e+00 9.865637e-01
    outer loop
      vertex   -1.754330e+00 0.000000e+00 1.048971e+02
      vertex   -1.754330e+00 2.333333e+01 1.048971e+02
      vertex   -3.141604e+00 0.000000e+00 1.046673e+02
    endloop
  endfacet
  facet normal -1.633774e-01 -2.176624e-17 9.865637e-01
    outer loop
      vertex   -3.141604e+00 0.000000e+00 1.046673e+02
      vertex   -1.754330e+00 2.333333e+01 1.048971e+02
      vertex   -3.141604e+00 2.333333e+01 1.046673e+02
    endloop
  endfacet
  facet normal -2.550428e-01 -3.397852e-17 9.669298e-01
    outer loop
      vertex   -3.141604e+00 0.000000e+00 1.046673e+02
      vertex   -3.141604e+00 2.333333e+01 1.046673e+02
      vertex   -4.501270e+00 0.000000e+00 1.043087e+02
    endloop
  endfacet
  facet normal -2.550428e-01 0.000000e+00 9.669298e-01
    outer loop
      vertex   -4.501270e+00 0.000000e+00 1.043087e+02
      vertex   -3.141604e+00 2.333333e+01 1.046673e+02
      vertex   -4.501270e+00 2.333333e+01 1.043087e+02
    endloop
  endfacet
  facet normal -3.444669e-01 0.000000e+00 9.387985e-01
    outer loop
      vertex   -4.501270e+00 0.000000e+00 1.043087e+02
      vertex   -4.501270e+00 2.333333e+01 1.043087e+02
      vertex   -5.821378e+00 0.000000e+00 1.038243e+02
    endloop
  endfacet
  facet normal -3.444669e-01 5.244823e-17 9.387985e-01
    outer loop
      vertex   -5.821378e+00 0.000000e+00 1.038243e+02
      vertex   -4.501270e+00 2.333333e+01 1.043087e+02
      vertex   -5.821378e+00 2.333333e+01 1.038243e+02
    endloop
  endfacet
  facet normal -4.308637e-01 6.560295e-17 9.024170e-01
    outer loop
      vertex   -5.821378e+00 0.000000e+00 1.038243e+02
      vertex   -5.821378e+00 2.333333e+01 1.038243e+02
      vertex   -7.090328e+00 0.000000e+00 1.032184e+02
    endloop
  endfacet
  facet normal -4.308637e-01 -3.280148e-17 9.024170e-01
    outer loop
      vertex   -7.090328e+00 0.000000e+00 1.032184e+02
      vertex   -5.821378e+00 2.333333e+01 1.038243e+02
      vertex   -7.090328e+00 2.333333e+01 1.032184e+02
    endloop
  endfacet
  facet normal -5.134742e-01 -3.909057e-17 8.581050e-01
    outer loop
      vertex   -7.090328e+00 0.000000e+00 1.032184e+02
      vertex   -7.090328e+00 2.333333e+01 1.032184e+02
      vertex   -8.296967e+00 0.000000e+00 1.024964e+02
    endloop
  endfacet
  facet normal -5.134742e-01 0.000000e+00 8.581050e-01
    outer loop
      vertex   -8.296967e+00 0.000000e+00 1.024964e+02
      vertex   -7.090328e+00 2.333333e+01 1.032184e+02
      vertex   -8.296967e+00 2.333333e+01 1.024964e+02
    endloop
  endfacet
  facet normal -5.915722e-01 0.000000e+00 8.062520e-01
    outer loop
      vertex   -8.296967e+00 0.000000e+00 1.024964e+02
      vertex   -8.296967e+00 2.333333e+01 1.024964e+02
      vertex   -9.430693e+00 0.000000e+00 1.016646e+02
    endloop
  endfacet
  facet normal -5.915722e-01 9.007229e-17 8.062520e-01
    outer loop
      vertex   -9.430693e+00 0.000000e+00 1.016646e+02
      vertex   -8.296967e+00 2.333333e+01 1.024964e+02
      vertex   -9.430693e+00 2.333333e+01 1.016646e+02
    endloop
  endfacet
  facet normal -6.644715e-01 1.011719e-16 7.473136e-01
    outer loop
      vertex   -9.430693e+00 0.000000e+00 1.016646e+02
      vertex   -9.430693e+00 2.333333e+01 1.016646e+02
      vertex   -1.048154e+01 0.000000e+00 1.007302e+02
    endloop
  endfacet
  facet normal -6.644715e-01 1.011719e-16 7.473136e-01
    outer loop
      vertex   -1.048154e+01 0.000000e+00 1.007302e+02
      vertex   -9.430693e+00 2.333333e+01 1.016646e+02
      vertex   -1.048154e+01 2.333333e+01 1.007302e+02
    endloop
  endfacet
  facet normal -7.315313e-01 1.113823e-16 6.818078e-01
    outer loop
      vertex   -1.048154e+01 0.000000e+00 1.007302e+02
      vertex   -1.048154e+01 2.333333e+01 1.007302e+02
      vertex   -1.144028e+01 0.000000e+00 9.970155e+01
    endloop
  endfacet
  facet normal -7.315313e-01 0.000000e+00 6.818078e-01
    outer loop
      vertex   -1.144028e+01 0.000000e+00 9.970155e+01
      vertex   -1.048154e+01 2.333333e+01 1.007302e+02
      vertex   -1.144028e+01 2.333333e+01 9.970155e+01
    endloop
  endfacet
  facet normal -7.921625e-01 0.000000e+00 6.103103e-01
    outer loop
      vertex   -1.144028e+01 0.000000e+00 9.970155e+01
      vertex   -1.144028e+01 2.333333e+01 9.970155e+01
      vertex   -1.229848e+01 0.000000e+00 9.858764e+01
    endloop
  endfacet
  facet normal -7.921625e-01 6.030700e-17 6.103103e-01
    outer loop
      vertex   -1.229848e+01 0.000000e+00 9.858764e+01
      vertex   -1.144028e+01 2.333333e+01 9.970155e+01
      vertex   -1.229848e+01 2.333333e+01 9.858764e+01
    endloop
  endfacet
  facet normal -8.458321e-01 6.439284e-17 5.334493e-01
    outer loop
      vertex   -1.229848e+01 0.000000e+00 9.858764e+01
      vertex   -1.229848e+01 2.333333e+01 9.858764e+01
      vertex   -1.304860e+01 0.000000e+00 9.739825e+01
    endloop
  endfacet
  facet normal -8.458321e-01 1.287857e-16 5.334493e-01
    outer loop
      vertex   -1.304860e+01 0.000000e+00 9.739825e+01
      vertex   -1.229848e+01 2.333333e+01 9.858764e+01
      vertex   -1.304860e+01 2.333333e+01 9.739825e+01
    endloop
  endfacet
  facet normal -8.920684e-01 1.358256e-16 4.519003e-01
    outer loop
      vertex   -1.304860e+01 0.000000e+00 9.739825e+01
      vertex   -1.304860e+01 2.333333e+01 9.739825e+01
      vertex   -1.368404e+01 0.000000e+00 9.614386e+01
    endloop
  endfacet
  facet normal -8.920684e-01 6.791279e-17 4.519003e-01
    outer loop
      vertex   -1.368404e+01 0.000000e+00 9.614386e+01
      vertex   -1.304860e+01 2.333333e+01 9.739825e+01
      vertex   -1.368404e+01 2.333333e+01 9.614386e+01
    endloop
  endfacet
  facet normal -9.304653e-01 7.083593e-17 3.663800e-01
    outer loop
      vertex   -1.368404e+01 0.000000e+00 9.614386e+01
      vertex   -1.368404e+01 2.333333e+01 9.614386e+01
      vertex   -1.419924e+01 0.000000e+00 9.483546e+01
    endloop
  endfacet
  facet normal -9.304653e-01 0.000000e+00 3.663800e-01
    outer loop
      vertex   -1.419924e+01 0.000000e+00 9.483546e+01
      vertex   -1.368404e+01 2.333333e+01 9.614386e+01
      vertex   -1.419924e+01 2.333333e+01 9.483546e+01
    endloop
  endfacet
  facet normal -9.606852e-01 0.000000e+00 2.776400e-01
    outer loop
      vertex   -1.419924e+01 0.000000e+00 9.483546e+01
      vertex   -1.419924e+01 2.333333e+01 9.483546e+01
      vertex   -1.458964e+01 0.000000e+00 9.348458e+01
    endloop
  endfacet
  facet normal -9.606852e-01 0.000000e+00 2.776400e-01
    outer loop
      vertex   -1.458964e+01 0.000000e+00 9.348458e+01
      vertex   -1.419924e+01 2.333333e+01 9.483546e+01
      vertex   -1.458964e+01 2.333333e+01 9.348458e+01
    endloop
  endfacet
  facet normal -9.824625e-01 0.000000e+00 1.864601e-01
    outer loop
      vertex   -1.458964e+01 0.000000e+00 9.348458e+01
      vertex   -1.458964e+01 2.333333e+01 9.348458e+01
      vertex   -1.485184e+01 0.000000e+00 9.210307e+01
    endloop
  endfacet
  facet normal -9.824625e-01 0.000000e+00 1.864601e-01
    outer loop
      vertex   -1.485184e+01 0.000000e+00 9.210307e+01
      vertex   -1.458964e+01 2.333333e+01 9.348458e+01
      vertex   -1.485184e+01 2.333333e+01 9.210307e+01
    endloop
  endfacet
  facet normal -9.956060e-01 0.000000e+00 9.364149e-02
    outer loop
      vertex   -1.485184e+01 0.000000e+00 9.210307e+01
      vertex   -1.485184e+01 2.333333e+01 9.210307e+01
      vertex   -1.498351e+01 0.000000e+00 9.070308e+01
    endloop
  endfacet
  facet normal -9.956060e-01 0.000000e+00 9.364149e-02
    outer loop
      vertex   -1.498351e+01 0.000000e+00 9.070308e+01
      vertex   -1.485184e+01 2.333333e+01 9.210307e+01
      vertex   -1.498351e+01 2.333333e+01 9.070308e+01
    endloop
  endfacet
  facet normal -1.000000e+00 0.000000e+00 0.000000e+00
    outer loop
      vertex   -1.498351e+01 0.000000e+00 9.070308e+01
      vertex   -1.498351e+01 2.333333e+01 9.070308e+01
      vertex   -1.498351e+01 0.000000e+00 8.929692e+01
    endloop
  endfacet
  facet normal -1.000000e+00 0.000000e+00 0.000000e+00
    outer loop
      vertex   -1.498351e+01 0.000000e+00 8.929692e+01
      vertex   -1.498351e+01 2.333333e+01 9.070308e+01
      vertex   -1.498351e+01 2.333333e+01 8.929692e+01
    endloop
  endfacet
  facet normal -9.956060e-01 0.000000e+00 -9.364149e-02
    outer loop
      vertex   -1.498351e+01 0.000000e+00 8.929692e+01
      vertex   -1.498351e+01 2.333333e+01 8.929692e+01
      vertex   -1.485184e+01 0.000000e+00 8.789693e+01
    endloop
  endfacet
  facet normal -9.956060e-01 0.000000e+00 -9.364149e-02
    outer loop
      vertex   -1.485184e+01 0.000000e+00 8.789693e+01
      vertex   -1.498351e+01 2.333333e+01 8.929692e+01
      vertex   -1.485184e+01 2.333333e+01 8.789693e+01
    endloop
  endfacet
  facet normal -9.824625e-01 0.000000e+00 -1.864601e-01
    outer loop
      vertex   -1.485184e+01 0.000000e+00 8.789693e+01
      vertex   -1.485184e+01 2.333333e+01 8.789693e+01
      vertex   -1.458964e+01 0.000000e+00 8.651542e+01
    endloop
  endfacet
  facet normal -9.824625e-01 0.000000e+00 -1.864601e-01
    outer loop
      vertex   -1.458964e+01 0.000000e+00 8.651542e+01
      vertex   -1.485184e+01 2.333333e+01 8.789693e+01
      vertex   -1.458964e+01 2.333333e+01 8.651542e+01
    endloop
  endfacet
  facet normal -9.606852e-01 0.000000e+00 -2.776400e-01
    outer loop
      vertex   -1.458964e+01 0.000000e+00 8.651542e+01
      vertex   -1.458964e+01 2.333333e+01 8.651542e+01
      vertex   -1.419924e+01 0.000000e+00 8.516454e+01
    endloop
  endfacet
  facet normal -9.606852e-01 0.000000e+00 -2.776400e-01
    outer loop
      vertex   -1.419924e+01 0.000000e+00 8.516454e+01
      vertex   -1.458964e+01 2.333333e+01 8.651542e+01
      vertex   -1.419924e+01 2.333333e+01 8.516454e+01
    endloop
  endfacet
  facet normal -9.304653e-01 0.000000e+00 -3.663800e-01
    outer loop
      vertex   -1.419924e+01 0.000000e+00 8.516454e+01
      vertex   -1.419924e+01 2.333333e+01 8.516454e+01
      vertex   -1.368404e+01 0.000000e+00 8.385614e+01
    endloop
  endfacet
  facet normal -9.304653e-01 -7.083593e-17 -3.663800e-01
    outer loop
      vertex   -1.368404e+01 0.000000e+00 8.385614e+01
      vertex   -1.419924e+01 2.333333e+01 8.516454e+01
      vertex   -1.368404e+01 2.333333e+01 8.385614e+01
    endloop
  endfacet
  facet normal -8.920684e-01 -6.791279e-17 -4.519003e-01
    outer loop
      vertex   -1.368404e+01 0.000000e+00 8.385614e+01
      vertex   -1.368404e+01 2.333333e+01 8.385614e+01
      vertex   -1.304860e+01 0.000000e+00 8.260175e+01
    endloop
  endfacet
  facet normal -8.920684e-01 6.791279e-17 -4.519003e-01
    outer loop
      vertex   -1.304860e+01 0.000000e+00 8.260175e+01
      vertex   -1.368404e+01 2.333333e+01 8.385614e+01
      vertex   -1.304860e+01 2.333333e+01 8.260175e+01
    endloop
  endfacet
  facet normal -8.458321e-01 6.439284e-17 -5.334493e-01
    outer loop
      vertex   -1.304860e+01 0.000000e+00 8.260175e+01
      vertex   -1.304860e+01 2.333333e+01 8.260175e+01
      vertex   -1.229848e+01 0.000000e+00 8.141236e+01
    endloop
  endfacet
  facet normal -8.458321e-01 -6.439284e-17 -5.334493e-01
    outer loop
      vertex   -1.229848e+01 0.000000e+00 8.141236e+01
      vertex   -1.304860e+01 2.333333e+01 8.260175e+01
      vertex   -1.229848e+01 2.333333e+01 8.141236e+01
    endloop
  endfacet
  facet normal -7.921625e-01 -6.030700e-17 -6.103103e-01
    outer loop
      vertex   -1.229848e+01 0.000000e+00 8.141236e+01
      vertex   -1.229848e+01 2.333333e+01 8.141236e+01
      vertex   -1.144028e+01 0.000000e+00 8.029845e+01
    endloop
  endfacet
  facet normal -7.921625e-01 -6.030700e-17 -6.103103e-01
    outer loop
      vertex   -1.144028e+01 0.000000e+00 8.029845e+01
      vertex   -1.229848e+01 2.333333e+01 8.141236e+01
      vertex   -1.144028e+01 2.333333e+01 8.029845e+01
    endloop
  endfacet
  facet normal -7.315313e-01 -5.569117e-17 -6.818078e-01
    outer loop
      vertex   -1.144028e+01 0.000000e+00 8.029845e+01
      vertex   -1.144028e+01 2.333333e+01 8.029845e+01
      vertex   -1.048154e+01 0.000000e+00 7.926980e+01
    endloop
  endfacet
  facet normal -7.315313e-01 -5.569117e-17 -6.818078e-01
    outer loop
      vertex   -1.048154e+01 0.000000e+00 7.926980e+01
      vertex   -1.144028e+01 2.333333e+01 8.029845e+01
      vertex   -1.048154e+01 2.333333e+01 7.926980e+01
    endloop
  endfacet
  facet normal -6.644715e-01 -5.058593e-17 -7.473136e-01
    outer loop
      vertex   -1.048154e+01 0.000000e+00 7.926980e+01
      vertex   -1.048154e+01 2.333333e+01 7.926980e+01
      vertex   -9.430693e+00 0.000000e+00 7.833544e+01
    endloop
  endfacet
  facet normal -6.644715e-01 -5.058593e-17 -7.473136e-01
    outer loop
      vertex   -9.430693e+00 0.000000e+00 7.833544e+01
      vertex   -1.048154e+01 2.333333e+01 7.926980e+01
      vertex   -9.430693e+00 2.333333e+01 7.833544e+01
    endloop
  endfacet
  facet normal -5.915722e-01 -4.503614e-17 -8.062520e-01
    outer loop
      vertex   -9.430693e+00 0.000000e+00 7.833544e+01
      vertex   -9.430693e+00 2.333333e+01 7.833544e+01
      vertex   -8.296967e+00 0.000000e+00 7.750359e+01
    endloop
  endfacet
  facet normal -5.915722e-01 -4.503614e-17 -8.062520e-01
    outer loop
      vertex   -8.296967e+00 0.000000e+00 7.750359e+01
      vertex   -9.430693e+00 2.333333e+01 7.833544e+01
      vertex   -8.296967e+00 2.333333e+01 7.750359e+01
    endloop
  endfacet
  facet normal -5.134742e-01 -3.909057e-17 -8.581050e-01
    outer loop
      vertex   -8.296967e+00 0.000000e+00 7.750359e+01
      vertex   -8.296967e+00 2.333333e+01 7.750359e+01
      vertex   -7.090328e+00 0.000000e+00 7.678156e+01
    endloop
  endfacet
  facet normal -5.134742e-01 -3.909057e-17 -8.581050e-01
    outer loop
      vertex   -7.090328e+00 0.000000e+00 7.678156e+01
      vertex   -8.296967e+00 2.333333e+01 7.750359e+01
      vertex   -7.090328e+00 2.333333e+01 7.678156e+01
    endloop
  endfacet
  facet normal -4.308637e-01 -3.280148e-17 -9.024170e-01
    outer loop
      vertex   -7.090328e+00 0.000000e+00 7.678156e+01
      vertex   -7.090328e+00 2.333333e+01 7.678156e+01
      vertex   -5.821378e+00 0.000000e+00 7.617569e+01
    endloop
  endfacet
  facet normal -4.308637e-01 0.000000e+00 -9.024170e-01
    outer loop
      vertex   -5.821378e+00 0.000000e+00 7.617569e+01
      vertex   -7.090328e+00 2.333333e+01 7.678156e+01
      vertex   -5.821378e+00 2.333333e+01 7.617569e+01
    endloop
  endfacet
  facet normal -3.444669e-01 0.000000e+00 -9.387985e-01
    outer loop
      vertex   -5.821378e+00 0.000000e+00 7.617569e+01
      vertex   -5.821378e+00 2.333333e+01 7.617569e+01
      vertex   -4.501270e+00 0.000000e+00 7.569131e+01
    endloop
  endfacet
  facet normal -3.444669e-01 0.000000e+00 -9.387985e-01
    outer loop
      vertex   -4.501270e+00 0.000000e+00 7.569131e+01
      vertex   -5.821378e+00 2.333333e+01 7.617569e+01
      vertex   -4.501270e+00 2.333333e+01 7.569131e+01
    endloop
  endfacet
  facet normal -2.550428e-01 0.000000e+00 -9.669298e-01
    outer loop
      vertex   -4.501270e+00 0.000000e+00 7.569131e+01
      vertex   -4.501270e+00 2.333333e+01 7.569131e+01
      vertex   -3.141604e+00 0.000000e+00 7.533268e+01
    endloop
  endfacet
  facet normal -2.550428e-01 0.000000e+00 -9.669298e-01
    outer loop
      vertex   -3.141604e+00 0.000000e+00 7.533268e+01
      vertex   -4.501270e+00 2.333333e+01 7.569131e+01
      vertex   -3.141604e+00 2.333333e+01 7.533268e+01
    endloop
  endfacet
  facet normal -1.633774e-01 0.000000e+00 -9.865637e-01
    outer loop
      vertex   -3.141604e+00 0.000000e+00 7.533268e+01
      vertex   -3.141604e+00 2.333333e+01 7.533268e+01
      vertex   -1.754330e+00 0.000000e+00 7.510294e+01
    endloop
  endfacet
  facet normal -1.633774e-01 0.000000e+00 -9.865637e-01
    outer loop
      vertex   -1.754330e+00 0.000000e+00 7.510294e+01
      vertex   -3.141604e+00 2.333333e+01 7.533268e+01
      vertex   -1.754330e+00 2.333333e+01 7.510294e+01
    endloop
  endfacet
  facet normal -7.027619e-02 0.000000e+00 -9.975276e-01
    outer loop
      vertex   -1.754330e+00 0.000000e+00 7.510294e+01
      vertex   -1.754330e+00 2.333333e+01 7.510294e+01
      vertex   -3.516386e-01 0.000000e+00 7.500412e+01
    endloop
  endfacet
  facet normal -7.027619e-02 0.000000e+00 -9.975276e-01
    outer loop
      vertex   -3.516386e-01 0.000000e+00 7.500412e+01
      vertex   -1.754330e+00 2.333333e+01 7.510294e+01
      vertex   -3.516386e-01 2.333333e+01 7.500412e+01
    endloop
  endfacet
  facet normal 2.344257e-02 0.000000e+00 -9.997252e-01
    outer loop
      vertex   -3.516386e-01 0.000000e+00 7.500412e+01
      vertex   -3.516386e-01 2.333333e+01 7.500412e+01
      vertex   1.054143e+00 0.000000e+00 7.503709e+01
    endloop
  endfacet
  facet normal 2.344257e-02 0.000000e+00 -9.997252e-01
    outer loop
      vertex   1.054143e+00 0.000000e+00 7.503709e+01
      vertex   -3.516386e-01 2.333333e+01 7.500412e+01
      vertex   1.054143e+00 2.333333e+01 7.503709e+01
    endloop
  endfacet
  facet normal 1.169553e-01 0.000000e+00 -9.931372e-01
    outer loop
      vertex   1.054143e+00 0.000000e+00 7.503709e+01
      vertex   1.054143e+00 2.333333e+01 7.503709e+01
      vertex   2.450660e+00 0.000000e+00 7.520155e+01
    endloop
  endfacet
  facet normal 1.169553e-01 0.000000e+00 -9.931372e-01
    outer loop
      vertex   2.450660e+00 0.000000e+00 7.520155e+01
      vertex   1.054143e+00 2.333333e+01 7.503709e+01
      vertex   2.450660e+00 2.333333e+01 7.520155e+01
    endloop
  endfacet
  facet normal 2.094403e-01 0.000000e+00 -9.778214e-01
    outer loop
      vertex   2.450660e+00 0.000000e+00 7.520155e+01
      vertex   2.450660e+00 2.333333e+01 7.520155e+01
      vertex   3.825642e+00 0.000000e+00 7.549605e+01
    endloop
  endfacet
  facet normal 2.094403e-01 0.000000e+00 -9.778214e-01
    outer loop
      vertex   3.825642e+00 0.000000e+00 7.549605e+01
      vertex   2.450660e+00 2.333333e+01 7.520155e+01
      vertex   3.825642e+00 2.333333e+01 7.549605e+01
    endloop
  endfacet
  facet normal 3.000846e-01 0.000000e+00 -9.539126e-01
    outer loop
      vertex   3.825642e+00 0.000000e+00 7.549605e+01
      vertex   3.825642e+00 2.333333e+01 7.549605e+01
      vertex   5.167003e+00 0.000000e+00 7.591802e+01
    endloop
  endfacet
  facet normal 3.000846e-01 0.000000e+00 -9.539126e-01
    outer loop
      vertex   5.167003e+00 0.000000e+00 7.591802e+01
      vertex   3.825642e+00 2.333333e+01 7.549605e+01
      vertex   5.167003e+00 2.333333e+01 7.591802e+01
    endloop
  endfacet
  facet normal 3.880919e-01 0.000000e+00 -9.216207e-01
    outer loop
      vertex   5.167003e+00 0.000000e+00 7.591802e+01
      vertex   5.167003e+00 2.333333e+01 7.591802e+01
      vertex   6.462956e+00 0.000000e+00 7.646375e+01
    endloop
  endfacet
  facet normal 3.880919e-01 0.000000e+00 -9.216207e-01
    outer loop
      vertex   6.462956e+00 0.000000e+00 7.646375e+01
      vertex   5.167003e+00 2.333333e+01 7.591802e+01
      vertex   6.462956e+00 2.333333e+01 7.646375e+01
    endloop
  endfacet
  facet normal 4.726885e-01 0.000000e+00 -8.812296e-01
    outer loop
      vertex   6.462956e+00 0.000000e+00 7.646375e+01
      vertex   6.462956e+00 2.333333e+01 7.646375e+01
      vertex   7.702113e+00 0.000000e+00 7.712842e+01
    endloop
  endfacet
  facet normal 4.726885e-01 0.000000e+00 -8.812296e-01
    outer loop
      vertex   7.702113e+00 0.000000e+00 7.712842e+01
      vertex   6.462956e+00 2.333333e+01 7.646375e+01
      vertex   7.702113e+00 2.333333e+01 7.712842e+01
    endloop
  endfacet
  facet normal 5.531312e-01 0.000000e+00 -8.330942e-01
    outer loop
      vertex   7.702113e+00 0.000000e+00 7.712842e+01
      vertex   7.702113e+00 2.333333e+01 7.712842e+01
      vertex   8.873583e+00 0.000000e+00 7.790622e+01
    endloop
  endfacet
  facet normal 5.531312e-01 0.000000e+00 -8.330942e-01
    outer loop
      vertex   8.873583e+00 0.000000e+00 7.790622e+01
      vertex   7.702113e+00 2.333333e+01 7.712842e+01
      vertex   8.873583e+00 2.333333e+01 7.790622e+01
    endloop
  endfacet
  facet normal 6.287129e-01 0.000000e+00 -7.776375e-01
    outer loop
      vertex   8.873583e+00 0.000000e+00 7.790622e+01
      vertex   8.873583e+00 2.333333e+01 7.790622e+01
      vertex   9.967072e+00 0.000000e+00 7.879030e+01
    endloop
  endfacet
  facet normal 6.287129e-01 0.000000e+00 -7.776375e-01
    outer loop
      vertex   9.967072e+00 0.000000e+00 7.879030e+01
      vertex   8.873583e+00 2.333333e+01 7.790622e+01
      vertex   9.967072e+00 2.333333e+01 7.879030e+01
    endloop
  endfacet
  facet normal 6.987694e-01 0.000000e+00 -7.153470e-01
    outer loop
      vertex   9.967072e+00 0.000000e+00 7.879030e+01
      vertex   9.967072e+00 2.333333e+01 7.879030e+01
      vertex   1.097297e+01 0.000000e+00 7.977288e+01
    endloop
  endfacet
  facet normal 6.987694e-01 0.000000e+00 -7.153470e-01
    outer loop
      vertex   1.097297e+01 0.000000e+00 7.977288e+01
      vertex   9.967072e+00 2.333333e+01 7.879030e+01
      vertex   1.097297e+01 2.333333e+01 7.977288e+01
    endloop
  endfacet
  facet normal 7.626852e-01 0.000000e+00 -6.467699e-01
    outer loop
      vertex   1.097297e+01 0.000000e+00 7.977288e+01
      vertex   1.097297e+01 2.333333e+01 7.977288e+01
      vertex   1.188244e+01 0.000000e+00 8.084535e+01
    endloop
  endfacet
  facet normal 7.626852e-01 0.000000e+00 -6.467699e-01
    outer loop
      vertex   1.188244e+01 0.000000e+00 8.084535e+01
      vertex   1.097297e+01 2.333333e+01 7.977288e+01
      vertex   1.188244e+01 2.333333e+01 8.084535e+01
    endloop
  endfacet
  facet normal 8.198984e-01 0.000000e+00 -5.725090e-01
    outer loop
      vertex   1.188244e+01 0.000000e+00 8.084535e+01
      vertex   1.188244e+01 2.333333e+01 8.084535e+01
      vertex   1.268748e+01 0.000000e+00 8.199826e+01
    endloop
  endfacet
  facet normal 8.198984e-01 -6.241852e-17 -5.725090e-01
    outer loop
      vertex   1.268748e+01 0.000000e+00 8.199826e+01
      vertex   1.188244e+01 2.333333e+01 8.084535e+01
      vertex   1.268748e+01 2.333333e+01 8.199826e+01
    endloop
  endfacet
  facet normal 8.699064e-01 -6.622561e-17 -4.932169e-01
    outer loop
      vertex   1.268748e+01 0.000000e+00 8.199826e+01
      vertex   1.268748e+01 2.333333e+01 8.199826e+01
      vertex   1.338103e+01 0.000000e+00 8.322150e+01
    endloop
  endfacet
  facet normal 8.699064e-01 0.000000e+00 -4.932169e-01
    outer loop
      vertex   1.338103e+01 0.000000e+00 8.322150e+01
      vertex   1.268748e+01 2.333333e+01 8.199826e+01
      vertex   1.338103e+01 2.333333e+01 8.322150e+01
    endloop
  endfacet
  facet normal 9.122696e-01 0.000000e+00 -4.095904e-01
    outer loop
      vertex   1.338103e+01 0.000000e+00 8.322150e+01
      vertex   1.338103e+01 2.333333e+01 8.322150e+01
      vertex   1.395698e+01 0.000000e+00 8.450430e+01
    endloop
  endfacet
  facet normal 9.122696e-01 0.000000e+00 -4.095904e-01
    outer loop
      vertex   1.395698e+01 0.000000e+00 8.450430e+01
      vertex   1.338103e+01 2.333333e+01 8.322150e+01
      vertex   1.395698e+01 2.333333e+01 8.450430e+01
    endloop
  endfacet
  facet normal 9.466157e-01 0.000000e+00 -3.223643e-01
    outer loop
      vertex   1.395698e+01 0.000000e+00 8.450430e+01
      vertex   1.395698e+01 2.333333e+01 8.450430e+01
      vertex   1.441028e+01 0.000000e+00 8.583540e+01
    endloop
  endfacet
  facet normal 9.466157e-01 7.206545e-17 -3.223643e-01
    outer loop
      vertex   1.441028e+01 0.000000e+00 8.583540e+01
      vertex   1.395698e+01 2.333333e+01 8.450430e+01
      vertex   1.441028e+01 2.333333e+01 8.583540e+01
    endloop
  endfacet
  facet normal 9.726429e-01 7.404689e-17 -2.323054e-01
    outer loop
      vertex   1.441028e+01 0.000000e+00 8.583540e+01
      vertex   1.441028e+01 2.333333e+01 8.583540e+01
      vertex   1.473694e+01 0.000000e+00 8.720310e+01
    endloop
  endfacet
  facet normal 9.726429e-01 0.000000e+00 -2.323054e-01
    outer loop
      vertex   1.473694e+01 0.000000e+00 8.720310e+01
      vertex   1.441028e+01 2.333333e+01 8.583540e+01
      vertex   1.473694e+01 2.333333e+01 8.720310e+01
    endloop
  endfacet
  facet normal 9.901225e-01 0.000000e+00 -1.402049e-01
    outer loop
      vertex   1.473694e+01 0.000000e+00 8.720310e+01
      vertex   1.473694e+01 2.333333e+01 8.720310e+01
      vertex   1.493409e+01 0.000000e+00 8.859538e+01
    endloop
  endfacet
  facet normal 9.901225e-01 7.537761e-17 -1.402049e-01
    outer loop
      vertex   1.493409e+01 0.000000e+00 8.859538e+01
      vertex   1.473694e+01 2.333333e+01 8.720310e+01
      vertex   1.493409e+01 2.333333e+01 8.859538e+01
    endloop
  endfacet
  facet normal 9.989009e-01 0.000000e+00 -4.687226e-02
    outer loop
      vertex   1.500000e+01 4.666667e+01 9.000000e+01
      vertex   1.500000e+01 2.333333e+01 9.000000e+01
      vertex   1.493409e+01 4.666667e+01 8.859538e+01
    endloop
  endfacet
  facet normal 9.989009e-01 0.000000e+00 -4.687226e-02
    outer loop
      vertex   1.493409e+01 4.666667e+01 8.859538e+01
      vertex   1.500000e+01 2.333333e+01 9.000000e+01
      vertex   1.493409e+01 2.333333e+01 8.859538e+01
    endloop
  endfacet
  facet normal 9.901225e-01 0.000000e+00 -1.402049e-01
    outer loop
      vertex   1.493409e+01 4.666667e+01 8.859538e+01
      vertex   1.493409e+01 2.333333e+01 8.859538e+01
      vertex   1.473694e+01 4.666667e+01 8.720310e+01
    endloop
  endfacet
  facet normal 9.901225e-01 0.000000e+00 -1.402049e-01
    outer loop
      vertex   1.473694e+01 4.666667e+01 8.720310e+01
      vertex   1.493409e+01 2.333333e+01 8.859538e+01
      vertex   1.473694e+01 2.333333e+01 8.720310e+01
    endloop
  endfacet
  facet normal 9.726429e-01 0.000000e+00 -2.323054e-01
    outer loop
      vertex   1.473694e+01 4.666667e+01 8.720310e+01
      vertex   1.473694e+01 2.333333e+01 8.720310e+01
      vertex   1.441028e+01 4.666667e+01 8.583540e+01
    endloop
  endfacet
  facet normal 9.726429e-01 0.000000e+00 -2.323054e-01
    outer loop
      vertex   1.441028e+01 4.666667e+01 8.583540e+01
      vertex   1.473694e+01 2.333333e+01 8.720310e+01
      vertex   1.441028e+01 2.333333e+01 8.583540e+01
    endloop
  endfacet
  facet normal 9.466157e-01 0.000000e+00 -3.223643e-01
    outer loop
      vertex   1.441028e+01 4.666667e+01 8.583540e+01
      vertex   1.441028e+01 2.333333e+01 8.583540e+01
      vertex   1.395698e+01 4.666667e+01 8.450430e+01
    endloop
  endfacet
  facet normal 9.466157e-01 0.000000e+00 -3.223643e-01
    outer loop
      vertex   1.395698e+01 4.666667e+01 8.450430e+01
      vertex   1.441028e+01 2.333333e+01 8.583540e+01
      vertex   1.395698e+01 2.333333e+01 8.450430e+01
    endloop
  endfacet
  facet normal 9.122696e-01 0.000000e+00 -4.095904e-01
    outer loop
      vertex   1.395698e+01 4.666667e+01 8.450430e+01
      vertex   1.395698e+01 2.333333e+01 8.450430e+01
      vertex   1.338103e+01 4.666667e+01 8.322150e+01
    endloop
  endfacet
  facet normal 9.122696e-01 6.945070e-17 -4.095904e-01
    outer loop
      vertex   1.338103e+01 4.666667e+01 8.322150e+01
      vertex   1.395698e+01 2.333333e+01 8.450430e+01
      vertex   1.338103e+01 2.333333e+01 8.322150e+01
    endloop
  endfacet
  facet normal 8.699064e-01 6.622561e-17 -4.932169e-01
    outer loop
      vertex   1.338103e+01 4.666667e+01 8.322150e+01
      vertex   1.338103e+01 2.333333e+01 8.322150e+01
      vertex   1.268748e+01 4.666667e+01 8.199826e+01
    endloop
  endfacet
  facet normal 8.699064e-01 0.000000e+00 -4.932169e-01
    outer loop
      vertex   1.268748e+01 4.666667e+01 8.199826e+01
      vertex   1.338103e+01 2.333333e+01 8.322150e+01
      vertex   1.268748e+01 2.333333e+01 8.199826e+01
    endloop
  endfacet
  facet normal 8.198984e-01 0.000000e+00 -5.725090e-01
    outer loop
      vertex   1.268748e+01 4.666667e+01 8.199826e+01
      vertex   1.268748e+01 2.333333e+01 8.199826e+01
      vertex   1.188244e+01 4.666667e+01 8.084535e+01
    endloop
  endfacet
  facet normal 8.198984e-01 0.000000e+00 -5.725090e-01
    outer loop
      vertex   1.188244e+01 4.666667e+01 8.084535e+01
      vertex   1.268748e+01 2.333333e+01 8.199826e+01
      vertex   1.188244e+01 2.333333e+01 8.084535e+01
    endloop
  endfacet
  facet normal 7.626852e-01 0.000000e+00 -6.467699e-01
    outer loop
      vertex   1.188244e+01 4.666667e+01 8.084535e+01
      vertex   1.188244e+01 2.333333e+01 8.084535e+01
      vertex   1.097297e+01 4.666667e+01 7.977288e+01
    endloop
  endfacet
  facet normal 7.626852e-01 0.000000e+00 -6.467699e-01
    outer loop
      vertex   1.097297e+01 4.666667e+01 7.977288e+01
      vertex   1.188244e+01 2.333333e+01 8.084535e+01
      vertex   1.097297e+01 2.333333e+01 7.977288e+01
    endloop
  endfacet
  facet normal 6.987694e-01 0.000000e+00 -7.153470e-01
    outer loop
      vertex   1.097297e+01 4.666667e+01 7.977288e+01
      vertex   1.097297e+01 2.333333e+01 7.977288e+01
      vertex   9.967072e+00 4.666667e+01 7.879030e+01
    endloop
  endfacet
  facet normal 6.987694e-01 -2.760814e-16 -7.153470e-01
    outer loop
      vertex   9.967072e+00 4.666667e+01 7.879030e+01
      vertex   1.097297e+01 2.333333e+01 7.977288e+01
      vertex   9.967072e+00 2.333333e+01 7.879030e+01
    endloop
  endfacet
  facet normal 6.287129e-01 -3.300188e-16 -7.776375e-01
    outer loop
      vertex   9.967072e+00 4.666667e+01 7.879030e+01
      vertex   9.967072e+00 2.333333e+01 7.879030e+01
      vertex   8.873583e+00 4.666667e+01 7.790622e+01
    endloop
  endfacet
  facet normal 6.287129e-01 0.000000e+00 -7.776375e-01
    outer loop
      vertex   8.873583e+00 4.666667e+01 7.790622e+01
      vertex   9.967072e+00 2.333333e+01 7.879030e+01
      vertex   8.873583e+00 2.333333e+01 7.790622e+01
    endloop
  endfacet
  facet normal 5.531312e-01 0.000000e+00 -8.330942e-01
    outer loop
      vertex   8.873583e+00 4.666667e+01 7.790622e+01
      vertex   8.873583e+00 2.333333e+01 7.790622e+01
      vertex   7.702113e+00 4.666667e+01 7.712842e+01
    endloop
  endfacet
  facet normal 5.531312e-01 0.000000e+00 -8.330942e-01
    outer loop
      vertex   7.702113e+00 4.666667e+01 7.712842e+01
      vertex   8.873583e+00 2.333333e+01 7.790622e+01
      vertex   7.702113e+00 2.333333e+01 7.712842e+01
    endloop
  endfacet
  facet normal 4.726885e-01 0.000000e+00 -8.812296e-01
    outer loop
      vertex   7.702113e+00 4.666667e+01 7.712842e+01
      vertex   7.702113e+00 2.333333e+01 7.712842e+01
      vertex   6.462956e+00 4.666667e+01 7.646375e+01
    endloop
  endfacet
  facet normal 4.726885e-01 1.259495e-16 -8.812296e-01
    outer loop
      vertex   6.462956e+00 4.666667e+01 7.646375e+01
      vertex   7.702113e+00 2.333333e+01 7.712842e+01
      vertex   6.462956e+00 2.333333e+01 7.646375e+01
    endloop
  endfacet
  facet normal 3.880919e-01 1.034084e-16 -9.216207e-01
    outer loop
      vertex   6.462956e+00 4.666667e+01 7.646375e+01
      vertex   6.462956e+00 2.333333e+01 7.646375e+01
      vertex   5.167003e+00 4.666667e+01 7.591802e+01
    endloop
  endfacet
  facet normal 3.880919e-01 4.431790e-17 -9.216207e-01
    outer loop
      vertex   5.167003e+00 4.666667e+01 7.591802e+01
      vertex   6.462956e+00 2.333333e+01 7.646375e+01
      vertex   5.167003e+00 2.333333e+01 7.591802e+01
    endloop
  endfacet
  facet normal 3.000846e-01 3.426798e-17 -9.539126e-01
    outer loop
      vertex   5.167003e+00 4.666667e+01 7.591802e+01
      vertex   5.167003e+00 2.333333e+01 7.591802e+01
      vertex   3.825642e+00 4.666667e+01 7.549605e+01
    endloop
  endfacet
  facet normal 3.000846e-01 0.000000e+00 -9.539126e-01
    outer loop
      vertex   3.825642e+00 4.666667e+01 7.549605e+01
      vertex   5.167003e+00 2.333333e+01 7.591802e+01
      vertex   3.825642e+00 2.333333e+01 7.549605e+01
    endloop
  endfacet
  facet normal 2.094403e-01 0.000000e+00 -9.778214e-01
    outer loop
      vertex   3.825642e+00 4.666667e+01 7.549605e+01
      vertex   3.825642e+00 2.333333e+01 7.549605e+01
      vertex   2.450660e+00 4.666667e+01 7.520155e+01
    endloop
  endfacet
  facet normal 2.094403e-01 -3.188920e-17 -9.778214e-01
    outer loop
      vertex   2.450660e+00 4.666667e+01 7.520155e+01
      vertex   3.825642e+00 2.333333e+01 7.549605e+01
      vertex   2.450660e+00 2.333333e+01 7.520155e+01
    endloop
  endfacet
  facet normal 1.169553e-01 -1.780752e-17 -9.931372e-01
    outer loop
      vertex   2.450660e+00 4.666667e+01 7.520155e+01
      vertex   2.450660e+00 2.333333e+01 7.520155e+01
      vertex   1.054143e+00 4.666667e+01 7.503709e+01
    endloop
  endfacet
  facet normal 1.169553e-01 1.558158e-17 -9.931372e-01
    outer loop
      vertex   1.054143e+00 4.666667e+01 7.503709e+01
      vertex   2.450660e+00 2.333333e+01 7.520155e+01
      vertex   1.054143e+00 2.333333e+01 7.503709e+01
    endloop
  endfacet
  facet normal 2.344257e-02 3.123178e-18 -9.997252e-01
    outer loop
      vertex   1.054143e+00 4.666667e+01 7.503709e+01
      vertex   1.054143e+00 2.333333e+01 7.503709e+01
      vertex   -3.516386e-01 4.666667e+01 7.500412e+01
    endloop
  endfacet
  facet normal 2.344257e-02 3.346262e-18 -9.997252e-01
    outer loop
      vertex   -3.516386e-01 4.666667e+01 7.500412e+01
      vertex   1.054143e+00 2.333333e+01 7.503709e+01
      vertex   -3.516386e-01 2.333333e+01 7.500412e+01
    endloop
  endfacet
  facet normal -7.027619e-02 -1.003143e-17 -9.975276e-01
    outer loop
      vertex   -3.516386e-01 4.666667e+01 7.500412e+01
      vertex   -3.516386e-01 2.333333e+01 7.500412e+01
      vertex   -1.754330e+00 4.666667e+01 7.510294e+01
    endloop
  endfacet
  facet normal -7.027619e-02 -0.000000e+00 -9.975276e-01
    outer loop
      vertex   -1.754330e+00 4.666667e+01 7.510294e+01
      vertex   -3.516386e-01 2.333333e+01 7.500412e+01
      vertex   -1.754330e+00 2.333333e+01 7.510294e+01
    endloop
  endfacet
  facet normal -1.633774e-01 -0.000000e+00 -9.865637e-01
    outer loop
      vertex   -1.754330e+00 4.666667e+01 7.510294e+01
      vertex   -1.754330e+00 2.333333e+01 7.510294e+01
      vertex   -3.141604e+00 4.666667e+01 7.533268e+01
    endloop
  endfacet
  facet normal -1.633774e-01 2.176624e-17 -9.865637e-01
    outer loop
      vertex   -3.141604e+00 4.666667e+01 7.533268e+01
      vertex   -1.754330e+00 2.333333e+01 7.510294e+01
      vertex   -3.141604e+00 2.333333e+01 7.533268e+01
    endloop
  endfacet
  facet normal -2.550428e-01 3.397852e-17 -9.669298e-01
    outer loop
      vertex   -3.141604e+00 4.666667e+01 7.533268e+01
      vertex   -3.141604e+00 2.333333e+01 7.533268e+01
      vertex   -4.501270e+00 4.666667e+01 7.569131e+01
    endloop
  endfacet
  facet normal -2.550428e-01 -2.912445e-17 -9.669298e-01
    outer loop
      vertex   -4.501270e+00 4.666667e+01 7.569131e+01
      vertex   -3.141604e+00 2.333333e+01 7.533268e+01
      vertex   -4.501270e+00 2.333333e+01 7.569131e+01
    endloop
  endfacet
  facet normal -3.444669e-01 -3.933617e-17 -9.387985e-01
    outer loop
      vertex   -4.501270e+00 4.666667e+01 7.569131e+01
      vertex   -4.501270e+00 2.333333e+01 7.569131e+01
      vertex   -5.821378e+00 4.666667e+01 7.617569e+01
    endloop
  endfacet
  facet normal -3.444669e-01 -0.000000e+00 -9.387985e-01
    outer loop
      vertex   -5.821378e+00 4.666667e+01 7.617569e+01
      vertex   -4.501270e+00 2.333333e+01 7.569131e+01
      vertex   -5.821378e+00 2.333333e+01 7.617569e+01
    endloop
  endfacet
  facet normal -4.308637e-01 -0.000000e+00 -9.024170e-01
    outer loop
      vertex   -5.821378e+00 4.666667e+01 7.617569e+01
      vertex   -5.821378e+00 2.333333e+01 7.617569e+01
      vertex   -7.090328e+00 4.666667e+01 7.678156e+01
    endloop
  endfacet
  facet normal -4.308637e-01 -0.000000e+00 -9.024170e-01
    outer loop
      vertex   -7.090328e+00 4.666667e+01 7.678156e+01
      vertex   -5.821378e+00 2.333333e+01 7.617569e+01
      vertex   -7.090328e+00 2.333333e+01 7.678156e+01
    endloop
  endfacet
  facet normal -5.134742e-01 -0.000000e+00 -8.581050e-01
    outer loop
      vertex   -7.090328e+00 4.666667e+01 7.678156e+01
      vertex   -7.090328e+00 2.333333e+01 7.678156e+01
      vertex   -8.296967e+00 4.666667e+01 7.750359e+01
    endloop
  endfacet
  facet normal -5.134742e-01 -3.909057e-17 -8.581050e-01
    outer loop
      vertex   -8.296967e+00 4.666667e+01 7.750359e+01
      vertex   -7.090328e+00 2.333333e+01 7.678156e+01
      vertex   -8.296967e+00 2.333333e+01 7.750359e+01
    endloop
  endfacet
  facet normal -5.915722e-01 -4.503614e-17 -8.062520e-01
    outer loop
      vertex   -8.296967e+00 4.666667e+01 7.750359e+01
      vertex   -8.296967e+00 2.333333e+01 7.750359e+01
      vertex   -9.430693e+00 4.666667e+01 7.833544e+01
    endloop
  endfacet
  facet normal -5.915722e-01 -0.000000e+00 -8.062520e-01
    outer loop
      vertex   -9.430693e+00 4.666667e+01 7.833544e+01
      vertex   -8.296967e+00 2.333333e+01 7.750359e+01
      vertex   -9.430693e+00 2.333333e+01 7.833544e+01
    endloop
  endfacet
  facet normal -6.644715e-01 -0.000000e+00 -7.473136e-01
    outer loop
      vertex   -9.430693e+00 4.666667e+01 7.833544e+01
      vertex   -9.430693e+00 2.333333e+01 7.833544e+01
      vertex   -1.048154e+01 4.666667e+01 7.926980e+01
    endloop
  endfacet
  facet normal -6.644715e-01 -0.000000e+00 -7.473136e-01
    outer loop
      vertex   -1.048154e+01 4.666667e+01 7.926980e+01
      vertex   -9.430693e+00 2.333333e+01 7.833544e+01
      vertex   -1.048154e+01 2.333333e+01 7.926980e+01
    endloop
  endfacet
  facet normal -7.315313e-01 -0.000000e+00 -6.818078e-01
    outer loop
      vertex   -1.048154e+01 4.666667e+01 7.926980e+01
      vertex   -1.048154e+01 2.333333e+01 7.926980e+01
      vertex   -1.144028e+01 4.666667e+01 8.029845e+01
    endloop
  endfacet
  facet normal -7.315313e-01 -0.000000e+00 -6.818078e-01
    outer loop
      vertex   -1.144028e+01 4.666667e+01 8.029845e+01
      vertex   -1.048154e+01 2.333333e+01 7.926980e+01
      vertex   -1.144028e+01 2.333333e+01 8.029845e+01
    endloop
  endfacet
  facet normal -7.921625e-01 -0.000000e+00 -6.103103e-01
    outer loop
      vertex   -1.144028e+01 4.666667e+01 8.029845e+01
      vertex   -1.144028e+01 2.333333e+01 8.029845e+01
      vertex   -1.229848e+01 4.666667e+01 8.141236e+01
    endloop
  endfacet
  facet normal -7.921625e-01 -0.000000e+00 -6.103103e-01
    outer loop
      vertex   -1.229848e+01 4.666667e+01 8.141236e+01
      vertex   -1.144028e+01 2.333333e+01 8.029845e+01
      vertex   -1.229848e+01 2.333333e+01 8.141236e+01
    endloop
  endfacet
  facet normal -8.458321e-01 -0.000000e+00 -5.334493e-01
    outer loop
      vertex   -1.229848e+01 4.666667e+01 8.141236e+01
      vertex   -1.229848e+01 2.333333e+01 8.141236e+01
      vertex   -1.304860e+01 4.666667e+01 8.260175e+01
    endloop
  endfacet
  facet normal -8.458321e-01 -0.000000e+00 -5.334493e-01
    outer loop
      vertex   -1.304860e+01 4.666667e+01 8.260175e+01
      vertex   -1.229848e+01 2.333333e+01 8.141236e+01
      vertex   -1.304860e+01 2.333333e+01 8.260175e+01
    endloop
  endfacet
  facet normal -8.920684e-01 -0.000000e+00 -4.519003e-01
    outer loop
      vertex   -1.304860e+01 4.666667e+01 8.260175e+01
      vertex   -1.304860e+01 2.333333e+01 8.260175e+01
      vertex   -1.368404e+01 4.666667e+01 8.385614e+01
    endloop
  endfacet
  facet normal -8.920684e-01 -0.000000e+00 -4.519003e-01
    outer loop
      vertex   -1.368404e+01 4.666667e+01 8.385614e+01
      vertex   -1.304860e+01 2.333333e+01 8.260175e+01
      vertex   -1.368404e+01 2.333333e+01 8.385614e+01
    endloop
  endfacet
  facet normal -9.304653e-01 -0.000000e+00 -3.663800e-01
    outer loop
      vertex   -1.368404e+01 4.666667e+01 8.385614e+01
      vertex   -1.368404e+01 2.333333e+01 8.385614e+01
      vertex   -1.419924e+01 4.666667e+01 8.516454e+01
    endloop
  endfacet
  facet normal -9.304653e-01 -0.000000e+00 -3.663800e-01
    outer loop
      vertex   -1.419924e+01 4.666667e+01 8.516454e+01
      vertex   -1.368404e+01 2.333333e+01 8.385614e+01
      vertex   -1.419924e+01 2.333333e+01 8.516454e+01
    endloop
  endfacet
  facet normal -9.606852e-01 -0.000000e+00 -2.776400e-01
    outer loop
      vertex   -1.419924e+01 4.666667e+01 8.516454e+01
      vertex   -1.419924e+01 2.333333e+01 8.516454e+01
      vertex   -1.458964e+01 4.666667e+01 8.651542e+01
    endloop
  endfacet
  facet normal -9.606852e-01 2.281981e-17 -2.776400e-01
    outer loop
      vertex   -1.458964e+01 4.666667e+01 8.651542e+01
      vertex   -1.419924e+01 2.333333e+01 8.516454e+01
      vertex   -1.458964e+01 2.333333e+01 8.651542e+01
    endloop
  endfacet
  facet normal -9.824625e-01 -3.602792e-17 -1.864601e-01
    outer loop
      vertex   -1.458964e+01 4.666667e+01 8.651542e+01
      vertex   -1.458964e+01 2.333333e+01 8.651542e+01
      vertex   -1.485184e+01 4.666667e+01 8.789693e+01
    endloop
  endfacet
  facet normal -9.824625e-01 -0.000000e+00 -1.864601e-01
    outer loop
      vertex   -1.485184e+01 4.666667e+01 8.789693e+01
      vertex   -1.458964e+01 2.333333e+01 8.651542e+01
      vertex   -1.485184e+01 2.333333e+01 8.789693e+01
    endloop
  endfacet
  facet normal -9.956060e-01 -0.000000e+00 -9.364149e-02
    outer loop
      vertex   -1.485184e+01 4.666667e+01 8.789693e+01
      vertex   -1.485184e+01 2.333333e+01 8.789693e+01
      vertex   -1.498351e+01 4.666667e+01 8.929692e+01
    endloop
  endfacet
  facet normal -9.956060e-01 -0.000000e+00 -9.364149e-02
    outer loop
      vertex   -1.498351e+01 4.666667e+01 8.929692e+01
      vertex   -1.485184e+01 2.333333e+01 8.789693e+01
      vertex   -1.498351e+01 2.333333e+01 8.929692e+01
    endloop
  endfacet
  facet normal -1.000000e+00 0.000000e+00 0.000000e+00
    outer loop
      vertex   -1.498351e+01 4.666667e+01 8.929692e+01
      vertex   -1.498351e+01 2.333333e+01 8.929692e+01
      vertex   -1.498351e+01 4.666667e+01 9.070308e+01
    endloop
  endfacet
  facet normal -1.000000e+00 -0.000000e+00 0.000000e+00
    outer loop
      vertex   -1.498351e+01 4.666667e+01 9.070308e+01
      vertex   -1.498351e+01 2.333333e+01 8.929692e+01
      vertex   -1.498351e+01 2.333333e+01 9.070308e+01
    endloop
  endfacet
  facet normal -9.956060e-01 0.000000e+00 9.364149e-02
    outer loop
      vertex   -1.498351e+01 4.666667e+01 9.070308e+01
      vertex   -1.498351e+01 2.333333e+01 9.070308e+01
      vertex   -1.485184e+01 4.666667e+01 9.210307e+01
    endloop
  endfacet
  facet normal -9.956060e-01 0.000000e+00 9.364149e-02
    outer loop
      vertex   -1.485184e+01 4.666667e+01 9.210307e+01
      vertex   -1.498351e+01 2.333333e+01 9.070308e+01
      vertex   -1.485184e+01 2.333333e+01 9.210307e+01
    endloop
  endfacet
  facet normal -9.824625e-01 0.000000e+00 1.864601e-01
    outer loop
      vertex   -1.485184e+01 4.666667e+01 9.210307e+01
      vertex   -1.485184e+01 2.333333e+01 9.210307e+01
      vertex   -1.458964e+01 4.666667e+01 9.348458e+01
    endloop
  endfacet
  facet normal -9.824625e-01 3.602792e-17 1.864601e-01
    outer loop
      vertex   -1.458964e+01 4.666667e+01 9.348458e+01
      vertex   -1.485184e+01 2.333333e+01 9.210307e+01
      vertex   -1.458964e+01 2.333333e+01 9.348458e+01
    endloop
  endfacet
  facet normal -9.606852e-01 -2.281981e-17 2.776400e-01
    outer loop
      vertex   -1.458964e+01 4.666667e+01 9.348458e+01
      vertex   -1.458964e+01 2.333333e+01 9.348458e+01
      vertex   -1.419924e+01 4.666667e+01 9.483546e+01
    endloop
  endfacet
  facet normal -9.606852e-01 0.000000e+00 2.776400e-01
    outer loop
      vertex   -1.419924e+01 4.666667e+01 9.483546e+01
      vertex   -1.458964e+01 2.333333e+01 9.348458e+01
      vertex   -1.419924e+01 2.333333e+01 9.483546e+01
    endloop
  endfacet
  facet normal -9.304653e-01 0.000000e+00 3.663800e-01
    outer loop
      vertex   -1.419924e+01 4.666667e+01 9.483546e+01
      vertex   -1.419924e+01 2.333333e+01 9.483546e+01
      vertex   -1.368404e+01 4.666667e+01 9.614386e+01
    endloop
  endfacet
  facet normal -9.304653e-01 0.000000e+00 3.663800e-01
    outer loop
      vertex   -1.368404e+01 4.666667e+01 9.614386e+01
      vertex   -1.419924e+01 2.333333e+01 9.483546e+01
      vertex   -1.368404e+01 2.333333e+01 9.614386e+01
    endloop
  endfacet
  facet normal -8.920684e-01 0.000000e+00 4.519003e-01
    outer loop
      vertex   -1.368404e+01 4.666667e+01 9.614386e+01
      vertex   -1.368404e+01 2.333333e+01 9.614386e+01
      vertex   -1.304860e+01 4.666667e+01 9.739825e+01
    endloop
  endfacet
  facet normal -8.920684e-01 0.000000e+00 4.519003e-01
    outer loop
      vertex   -1.304860e+01 4.666667e+01 9.739825e+01
      vertex   -1.368404e+01 2.333333e+01 9.614386e+01
      vertex   -1.304860e+01 2.333333e+01 9.739825e+01
    endloop
  endfacet
  facet normal -8.458321e-01 0.000000e+00 5.334493e-01
    outer loop
      vertex   -1.304860e+01 4.666667e+01 9.739825e+01
      vertex   -1.304860e+01 2.333333e+01 9.739825e+01
      vertex   -1.229848e+01 4.666667e+01 9.858764e+01
    endloop
  endfacet
  facet normal -8.458321e-01 0.000000e+00 5.334493e-01
    outer loop
      vertex   -1.229848e+01 4.666667e+01 9.858764e+01
      vertex   -1.304860e+01 2.333333e+01 9.739825e+01
      vertex   -1.229848e+01 2.333333e+01 9.858764e+01
    endloop
  endfacet
  facet normal -7.921625e-01 0.000000e+00 6.103103e-01
    outer loop
      vertex   -1.229848e+01 4.666667e+01 9.858764e+01
      vertex   -1.229848e+01 2.333333e+01 9.858764e+01
      vertex   -1.144028e+01 4.666667e+01 9.970155e+01
    endloop
  endfacet
  facet normal -7.921625e-01 0.000000e+00 6.103103e-01
    outer loop
      vertex   -1.144028e+01 4.666667e+01 9.970155e+01
      vertex   -1.229848e+01 2.333333e+01 9.858764e+01
      vertex   -1.144028e+01 2.333333e+01 9.970155e+01
    endloop
  endfacet
  facet normal -7.315313e-01 0.000000e+00 6.818078e-01
    outer loop
      vertex   -1.144028e+01 4.666667e+01 9.970155e+01
      vertex   -1.144028e+01 2.333333e+01 9.970155e+01
      vertex   -1.048154e+01 4.666667e+01 1.007302e+02
    endloop
  endfacet
  facet normal -7.315313e-01 0.000000e+00 6.818078e-01
    outer loop
      vertex   -1.048154e+01 4.666667e+01 1.007302e+02
      vertex   -1.144028e+01 2.333333e+01 9.970155e+01
      vertex   -1.048154e+01 2.333333e+01 1.007302e+02
    endloop
  endfacet
  facet normal -6.644715e-01 0.000000e+00 7.473136e-01
    outer loop
      vertex   -1.048154e+01 4.666667e+01 1.007302e+02
      vertex   -1.048154e+01 2.333333e+01 1.007302e+02
      vertex   -9.430693e+00 4.666667e+01 1.016646e+02
    endloop
  endfacet
  facet normal -6.644715e-01 0.000000e+00 7.473136e-01
    outer loop
      vertex   -9.430693e+00 4.666667e+01 1.016646e+02
      vertex   -1.048154e+01 2.333333e+01 1.007302e+02
      vertex   -9.430693e+00 2.333333e+01 1.016646e+02
    endloop
  endfacet
  facet normal -5.915722e-01 0.000000e+00 8.062520e-01
    outer loop
      vertex   -9.430693e+00 4.666667e+01 1.016646e+02
      vertex   -9.430693e+00 2.333333e+01 1.016646e+02
      vertex   -8.296967e+00 4.666667e+01 1.024964e+02
    endloop
  endfacet
  facet normal -5.915722e-01 -3.559286e-16 8.062520e-01
    outer loop
      vertex   -8.296967e+00 4.666667e+01 1.024964e+02
      vertex   -9.430693e+00 2.333333e+01 1.016646e+02
      vertex   -8.296967e+00 2.333333e+01 1.024964e+02
    endloop
  endfacet
  facet normal -5.134742e-01 -4.053457e-16 8.581050e-01
    outer loop
      vertex   -8.296967e+00 4.666667e+01 1.024964e+02
      vertex   -8.296967e+00 2.333333e+01 1.024964e+02
      vertex   -7.090328e+00 4.666667e+01 1.032184e+02
    endloop
  endfacet
  facet normal -5.134742e-01 0.000000e+00 8.581050e-01
    outer loop
      vertex   -7.090328e+00 4.666667e+01 1.032184e+02
      vertex   -8.296967e+00 2.333333e+01 1.024964e+02
      vertex   -7.090328e+00 2.333333e+01 1.032184e+02
    endloop
  endfacet
  facet normal -4.308637e-01 0.000000e+00 9.024170e-01
    outer loop
      vertex   -7.090328e+00 4.666667e+01 1.032184e+02
      vertex   -7.090328e+00 2.333333e+01 1.032184e+02
      vertex   -5.821378e+00 4.666667e+01 1.038243e+02
    endloop
  endfacet
  facet normal -4.308637e-01 0.000000e+00 9.024170e-01
    outer loop
      vertex   -5.821378e+00 4.666667e+01 1.038243e+02
      vertex   -7.090328e+00 2.333333e+01 1.032184e+02
      vertex   -5.821378e+00 2.333333e+01 1.038243e+02
    endloop
  endfacet
  facet normal -3.444669e-01 0.000000e+00 9.387985e-01
    outer loop
      vertex   -5.821378e+00 4.666667e+01 1.038243e+02
      vertex   -5.821378e+00 2.333333e+01 1.038243e+02
      vertex   -4.501270e+00 4.666667e+01 1.043087e+02
    endloop
  endfacet
  facet normal -3.444669e-01 5.244823e-17 9.387985e-01
    outer loop
      vertex   -4.501270e+00 4.666667e+01 1.043087e+02
      vertex   -5.821378e+00 2.333333e+01 1.038243e+02
      vertex   -4.501270e+00 2.333333e+01 1.043087e+02
    endloop
  endfacet
  facet normal -2.550428e-01 3.883260e-17 9.669298e-01
    outer loop
      vertex   -4.501270e+00 4.666667e+01 1.043087e+02
      vertex   -4.501270e+00 2.333333e+01 1.043087e+02
      vertex   -3.141604e+00 4.666667e+01 1.046673e+02
    endloop
  endfacet
  facet normal -2.550428e-01 0.000000e+00 9.669298e-01
    outer loop
      vertex   -3.141604e+00 4.666667e+01 1.046673e+02
      vertex   -4.501270e+00 2.333333e+01 1.043087e+02
      vertex   -3.141604e+00 2.333333e+01 1.046673e+02
    endloop
  endfacet
  facet normal -1.633774e-01 0.000000e+00 9.865637e-01
    outer loop
      vertex   -3.141604e+00 4.666667e+01 1.046673e+02
      vertex   -3.141604e+00 2.333333e+01 1.046673e+02
      vertex   -1.754330e+00 4.666667e+01 1.048971e+02
    endloop
  endfacet
  facet normal -1.633774e-01 0.000000e+00 9.865637e-01
    outer loop
      vertex   -1.754330e+00 4.666667e+01 1.048971e+02
      vertex   -3.141604e+00 2.333333e+01 1.046673e+02
      vertex   -1.754330e+00 2.333333e+01 1.048971e+02
    endloop
  endfacet
  facet normal -7.027619e-02 0.000000e+00 9.975276e-01
    outer loop
      vertex   -1.754330e+00 4.666667e+01 1.048971e+02
      vertex   -1.754330e+00 2.333333e+01 1.048971e+02
      vertex   -3.516386e-01 4.666667e+01 1.049959e+02
    endloop
  endfacet
  facet normal -7.027619e-02 0.000000e+00 9.975276e-01
    outer loop
      vertex   -3.516386e-01 4.666667e+01 1.049959e+02
      vertex   -1.754330e+00 2.333333e+01 1.048971e+02
      vertex   -3.516386e-01 2.333333e+01 1.049959e+02
    endloop
  endfacet
  facet normal 2.344257e-02 0.000000e+00 9.997252e-01
    outer loop
      vertex   -3.516386e-01 4.666667e+01 1.049959e+02
      vertex   -3.516386e-01 2.333333e+01 1.049959e+02
      vertex   1.054143e+00 4.666667e+01 1.049629e+02
    endloop
  endfacet
  facet normal 2.344257e-02 -3.346262e-18 9.997252e-01
    outer loop
      vertex   1.054143e+00 4.666667e+01 1.049629e+02
      vertex   -3.516386e-01 2.333333e+01 1.049959e+02
      vertex   1.054143e+00 2.333333e+01 1.049629e+02
    endloop
  endfacet
  facet normal 1.169553e-01 -1.669455e-17 9.931372e-01
    outer loop
      vertex   1.054143e+00 4.666667e+01 1.049629e+02
      vertex   1.054143e+00 2.333333e+01 1.049629e+02
      vertex   2.450660e+00 4.666667e+01 1.047985e+02
    endloop
  endfacet
  facet normal 1.169553e-01 0.000000e+00 9.931372e-01
    outer loop
      vertex   2.450660e+00 4.666667e+01 1.047985e+02
      vertex   1.054143e+00 2.333333e+01 1.049629e+02
      vertex   2.450660e+00 2.333333e+01 1.047985e+02
    endloop
  endfacet
  facet normal 2.094403e-01 0.000000e+00 9.778214e-01
    outer loop
      vertex   2.450660e+00 4.666667e+01 1.047985e+02
      vertex   2.450660e+00 2.333333e+01 1.047985e+02
      vertex   3.825642e+00 4.666667e+01 1.045039e+02
    endloop
  endfacet
  facet normal 2.094403e-01 0.000000e+00 9.778214e-01
    outer loop
      vertex   3.825642e+00 4.666667e+01 1.045039e+02
      vertex   2.450660e+00 2.333333e+01 1.047985e+02
      vertex   3.825642e+00 2.333333e+01 1.045039e+02
    endloop
  endfacet
  facet normal 3.000846e-01 0.000000e+00 9.539126e-01
    outer loop
      vertex   3.825642e+00 4.666667e+01 1.045039e+02
      vertex   3.825642e+00 2.333333e+01 1.045039e+02
      vertex   5.167003e+00 4.666667e+01 1.040820e+02
    endloop
  endfacet
  facet normal 3.000846e-01 0.000000e+00 9.539126e-01
    outer loop
      vertex   5.167003e+00 4.666667e+01 1.040820e+02
      vertex   3.825642e+00 2.333333e+01 1.045039e+02
      vertex   5.167003e+00 2.333333e+01 1.040820e+02
    endloop
  endfacet
  facet normal 3.880919e-01 0.000000e+00 9.216207e-01
    outer loop
      vertex   5.167003e+00 4.666667e+01 1.040820e+02
      vertex   5.167003e+00 2.333333e+01 1.040820e+02
      vertex   6.462956e+00 4.666667e+01 1.035363e+02
    endloop
  endfacet
  facet normal 3.880919e-01 -1.034084e-16 9.216207e-01
    outer loop
      vertex   6.462956e+00 4.666667e+01 1.035363e+02
      vertex   5.167003e+00 2.333333e+01 1.040820e+02
      vertex   6.462956e+00 2.333333e+01 1.035363e+02
    endloop
  endfacet
  facet normal 4.726885e-01 -1.259495e-16 8.812296e-01
    outer loop
      vertex   6.462956e+00 4.666667e+01 1.035363e+02
      vertex   6.462956e+00 2.333333e+01 1.035363e+02
      vertex   7.702113e+00 4.666667e+01 1.028716e+02
    endloop
  endfacet
  facet normal 4.726885e-01 0.000000e+00 8.812296e-01
    outer loop
      vertex   7.702113e+00 4.666667e+01 1.028716e+02
      vertex   6.462956e+00 2.333333e+01 1.035363e+02
      vertex   7.702113e+00 2.333333e+01 1.028716e+02
    endloop
  endfacet
  facet normal 5.531312e-01 0.000000e+00 8.330942e-01
    outer loop
      vertex   7.702113e+00 4.666667e+01 1.028716e+02
      vertex   7.702113e+00 2.333333e+01 1.028716e+02
      vertex   8.873583e+00 4.666667e+01 1.020938e+02
    endloop
  endfacet
  facet normal 5.531312e-01 0.000000e+00 8.330942e-01
    outer loop
      vertex   8.873583e+00 4.666667e+01 1.020938e+02
      vertex   7.702113e+00 2.333333e+01 1.028716e+02
      vertex   8.873583e+00 2.333333e+01 1.020938e+02
    endloop
  endfacet
  facet normal 6.287129e-01 0.000000e+00 7.776375e-01
    outer loop
      vertex   8.873583e+00 4.666667e+01 1.020938e+02
      vertex   8.873583e+00 2.333333e+01 1.020938e+02
      vertex   9.967072e+00 4.666667e+01 1.012097e+02
    endloop
  endfacet
  facet normal 6.287129e-01 3.300188e-16 7.776375e-01
    outer loop
      vertex   9.967072e+00 4.666667e+01 1.012097e+02
      vertex   8.873583e+00 2.333333e+01 1.020938e+02
      vertex   9.967072e+00 2.333333e+01 1.012097e+02
    endloop
  endfacet
  facet normal 6.987694e-01 2.760814e-16 7.153470e-01
    outer loop
      vertex   9.967072e+00 4.666667e+01 1.012097e+02
      vertex   9.967072e+00 2.333333e+01 1.012097e+02
      vertex   1.097297e+01 4.666667e+01 1.002271e+02
    endloop
  endfacet
  facet normal 6.987694e-01 0.000000e+00 7.153470e-01
    outer loop
      vertex   1.097297e+01 4.666667e+01 1.002271e+02
      vertex   9.967072e+00 2.333333e+01 1.012097e+02
      vertex   1.097297e+01 2.333333e+01 1.002271e+02
    endloop
  endfacet
  facet normal 7.626852e-01 0.000000e+00 6.467699e-01
    outer loop
      vertex   1.097297e+01 4.666667e+01 1.002271e+02
      vertex   1.097297e+01 2.333333e+01 1.002271e+02
      vertex   1.188244e+01 4.666667e+01 9.915465e+01
    endloop
  endfacet
  facet normal 7.626852e-01 0.000000e+00 6.467699e-01
    outer loop
      vertex   1.188244e+01 4.666667e+01 9.915465e+01
      vertex   1.097297e+01 2.333333e+01 1.002271e+02
      vertex   1.188244e+01 2.333333e+01 9.915465e+01
    endloop
  endfacet
  facet normal 8.198984e-01 0.000000e+00 5.725090e-01
    outer loop
      vertex   1.188244e+01 4.666667e+01 9.915465e+01
      vertex   1.188244e+01 2.333333e+01 9.915465e+01
      vertex   1.268748e+01 4.666667e+01 9.800174e+01
    endloop
  endfacet
  facet normal 8.198984e-01 0.000000e+00 5.725090e-01
    outer loop
      vertex   1.268748e+01 4.666667e+01 9.800174e+01
      vertex   1.188244e+01 2.333333e+01 9.915465e+01
      vertex   1.268748e+01 2.333333e+01 9.800174e+01
    endloop
  endfacet
  facet normal 8.699064e-01 0.000000e+00 4.932169e-01
    outer loop
      vertex   1.268748e+01 4.666667e+01 9.800174e+01
      vertex   1.268748e+01 2.333333e+01 9.800174e+01
      vertex   1.338103e+01 4.666667e+01 9.677850e+01
    endloop
  endfacet
  facet normal 8.699064e-01 2.341615e-16 4.932169e-01
    outer loop
      vertex   1.338103e+01 4.666667e+01 9.677850e+01
      vertex   1.268748e+01 2.333333e+01 9.800174e+01
      vertex   1.338103e+01 2.333333e+01 9.677850e+01
    endloop
  endfacet
  facet normal 9.122696e-01 1.800048e-16 4.095904e-01
    outer loop
      vertex   1.338103e+01 4.666667e+01 9.677850e+01
      vertex   1.338103e+01 2.333333e+01 9.677850e+01
      vertex   1.395698e+01 4.666667e+01 9.549570e+01
    endloop
  endfacet
  facet normal 9.122696e-01 0.000000e+00 4.095904e-01
    outer loop
      vertex   1.395698e+01 4.666667e+01 9.549570e+01
      vertex   1.338103e+01 2.333333e+01 9.677850e+01
      vertex   1.395698e+01 2.333333e+01 9.549570e+01
    endloop
  endfacet
  facet normal 9.466157e-01 0.000000e+00 3.223643e-01
    outer loop
      vertex   1.395698e+01 4.666667e+01 9.549570e+01
      vertex   1.395698e+01 2.333333e+01 9.549570e+01
      vertex   1.441028e+01 4.666667e+01 9.416460e+01
    endloop
  endfacet
  facet normal 9.466157e-01 0.000000e+00 3.223643e-01
    outer loop
      vertex   1.441028e+01 4.666667e+01 9.416460e+01
      vertex   1.395698e+01 2.333333e+01 9.549570e+01
      vertex   1.441028e+01 2.333333e+01 9.416460e+01
    endloop
  endfacet
  facet normal 9.726429e-01 0.000000e+00 2.323054e-01
    outer loop
      vertex   1.441028e+01 4.666667e+01 9.416460e+01
      vertex   1.441028e+01 2.333333e+01 9.416460e+01
      vertex   1.473694e+01 4.666667e+01 9.279690e+01
    endloop
  endfacet
  facet normal 9.726429e-01 0.000000e+00 2.323054e-01
    outer loop
      vertex   1.473694e+01 4.666667e+01 9.279690e+01
      vertex   1.441028e+01 2.333333e+01 9.416460e+01
      vertex   1.473694e+01 2.333333e+01 9.279690e+01
    endloop
  endfacet
  facet normal 9.901225e-01 0.000000e+00 1.402049e-01
    outer loop
      vertex   1.473694e+01 4.666667e+01 9.279690e+01
      vertex   1.473694e+01 2.333333e+01 9.279690e+01
      vertex   1.493409e+01 4.666667e+01 9.140462e+01
    endloop
  endfacet
  facet normal 9.901225e-01 0.000000e+00 1.402049e-01
    outer loop
      vertex   1.493409e+01 4.666667e+01 9.140462e+01
      vertex   1.473694e+01 2.333333e+01 9.279690e+01
      vertex   1.493409e+01 2.333333e+01 9.140462e+01
    endloop
  endfacet
  facet normal 9.989009e-01 0.000000e+00 4.687226e-02
    outer loop
      vertex   1.493409e+01 4.666667e+01 9.140462e+01
      vertex   1.493409e+01 2.333333e+01 9.140462e+01
      vertex   1.500000e+01 4.666667e+01 9.000000e+01
    endloop
  endfacet
  facet normal 9.989009e-01 0.000000e+00 4.687226e-02
    outer loop
      vertex   1.500000e+01 4.666667e+01 9.000000e+01
      vertex   1.493409e+01 2.333333e+01 9.140462e+01
      vertex   1.500000e+01 2.333333e+01 9.000000e+01
    endloop
  endfacet
  facet normal 0.000000e+00 1.000000e+00 0.000000e+00
    outer loop
      vertex   -6.433839e+00 7.000000e+01 8.907495e+01
      vertex   -1.498351e+01 7.000000e+01 8.929692e+01
      vertex   -6.500000e+00 7.000000e+01 9.000000e+01
    endloop
  endfacet
  facet normal 0.000000e+00 1.000000e+00 0.000000e+00
    outer loop
      vertex   -6.500000e+00 7.000000e+01 9.000000e+01
      vertex   -1.498351e+01 7.000000e+01 8.929692e+01
      vertex   -1.498351e+01 7.000000e+01 9.070308e+01
    endloop
  endfacet
  facet normal 0.000000e+00 1.000000e+00 -0.000000e+00
    outer loop
      vertex   -6.500000e+00 7.000000e+01 9.000000e+01
      vertex   -1.498351e+01 7.000000e+01 9.070308e+01
      vertex   -6.433839e+00 7.000000e+01 9.092505e+01
    endloop
  endfacet
  facet normal 0.000000e+00 1.000000e+00 0.000000e+00
    outer loop
      vertex   -6.433839e+00 7.000000e+01 9.092505e+01
      vertex   -1.498351e+01 7.000000e+01 9.070308e+01
      vertex   -1.485184e+01 7.000000e+01 9.210307e+01
    endloop
  endfacet
  facet normal 0.000000e+00 1.000000e+00 0.000000e+00
    outer loop
      vertex   -6.433839e+00 7.000000e+01 9.092505e+01
      vertex   -1.485184e+01 7.000000e+01 9.210307e+01
      vertex   -1.458964e+01 7.000000e+01 9.348458e+01
    endloop
  endfacet
  facet normal 0.000000e+00 1.000000e+00 0.000000e+00
    outer loop
      vertex   -6.236704e+00 7.000000e+01 8.816874e+01
      vertex   -1.458964e+01 7.000000e+01 8.651542e+01
      vertex   -6.433839e+00 7.000000e+01 8.907495e+01
    endloop
  endfacet
  facet normal 0.000000e+00 1.000000e+00 0.000000e+00
    outer loop
      vertex   -6.433839e+00 7.000000e+01 8.907495e+01
      vertex   -1.458964e+01 7.000000e+01 8.651542e+01
      vertex   -1.485184e+01 7.000000e+01 8.789693e+01
    endloop
  endfacet
  facet normal 0.000000e+00 1.000000e+00 0.000000e+00
    outer loop
      vertex   -6.433839e+00 7.000000e+01 8.907495e+01
      vertex   -1.485184e+01 7.000000e+01 8.789693e+01
      vertex   -1.498351e+01 7.000000e+01 8.929692e+01
    endloop
  endfacet
  facet normal -0.000000e+00 1.000000e+00 0.000000e+00
    outer loop
      vertex   -1.458964e+01 7.000000e+01 8.651542e+01
      vertex   -6.236704e+00 7.000000e+01 8.816874e+01
      vertex   -1.419924e+01 7.000000e+01 8.516454e+01
    endloop
  endfacet
  facet normal 0.000000e+00 1.000000e+00 0.000000e+00
    outer loop
      vertex   -1.419924e+01 7.000000e+01 8.516454e+01
      vertex   -6.236704e+00 7.000000e+01 8.816874e+01
      vertex   -5.912608e+00 7.000000e+01 8.729980e+01
    endloop
  endfacet
  facet normal -0.000000e+00 1.000000e+00 0.000000e+00
    outer loop
      vertex   -1.419924e+01 7.000000e+01 8.516454e+01
      vertex   -5.912608e+00 7.000000e+01 8.729980e+01
      vertex   -1.368404e+01 7.000000e+01 8.385614e+01
    endloop
  endfacet
  facet normal -0.000000e+00 1.000000e+00 0.000000e+00
    outer loop
      vertex   -1.368404e+01 7.000000e+01 8.385614e+01
      vertex   -5.912608e+00 7.000000e+01 8.729980e+01
      vertex   -1.304860e+01 7.000000e+01 8.260175e+01
    endloop
  endfacet
  facet normal 0.000000e+00 1.000000e+00 0.000000e+00
    outer loop
      vertex   -1.304860e+01 7.000000e+01 8.260175e+01
      vertex   -5.912608e+00 7.000000e+01 8.729980e+01
      vertex   -5.468148e+00 7.000000e+01 8.648583e+01
    endloop
  endfacet
  facet normal -0.000000e+00 1.000000e+00 0.000000e+00
    outer loop
      vertex   -1.304860e+01 7.000000e+01 8.260175e+01
      vertex   -5.468148e+00 7.000000e+01 8.648583e+01
      vertex   -1.229848e+01 7.000000e+01 8.141236e+01
    endloop
  endfacet
  facet normal 0.000000e+00 1.000000e+00 0.000000e+00
    outer loop
      vertex   -1.229848e+01 7.000000e+01 8.141236e+01
      vertex   -5.468148e+00 7.000000e+01 8.648583e+01
      vertex   -4.912372e+00 7.000000e+01 8.574341e+01
    endloop
  endfacet
  facet normal -0.000000e+00 1.000000e+00 0.000000e+00
    outer loop
      vertex   -1.229848e+01 7.000000e+01 8.141236e+01
      vertex   -4.912372e+00 7.000000e+01 8.574341e+01
      vertex   -1.144028e+01 7.000000e+01 8.029845e+01
    endloop
  endfacet
  facet normal -0.000000e+00 1.000000e+00 0.000000e+00
    outer loop
      vertex   -1.144028e+01 7.000000e+01 8.029845e+01
      vertex   -4.912372e+00 7.000000e+01 8.574341e+01
      vertex   -1.048154e+01 7.000000e+01 7.926980e+01
    endloop
  endfacet
  facet normal 0.000000e+00 1.000000e+00 0.000000e+00
    outer loop
      vertex   -1.048154e+01 7.000000e+01 7.926980e+01
      vertex   -4.912372e+00 7.000000e+01 8.574341e+01
      vertex   -4.256595e+00 7.000000e+01 8.508763e+01
    endloop
  endfacet
  facet normal -0.000000e+00 1.000000e+00 0.000000e+00
    outer loop
      vertex   -1.048154e+01 7.000000e+01 7.926980e+01
      vertex   -4.256595e+00 7.000000e+01 8.508763e+01
      vertex   -9.430693e+00 7.000000e+01 7.833544e+01
    endloop
  endfacet
  facet normal 0.000000e+00 1.000000e+00 0.000000e+00
    outer loop
      vertex   -9.430693e+00 7.000000e+01 7.833544e+01
      vertex   -4.256595e+00 7.000000e+01 8.508763e+01
      vertex   -3.514165e+00 7.000000e+01 8.453185e+01
    endloop
  endfacet
  facet normal -0.000000e+00 1.000000e+00 0.000000e+00
    outer loop
      vertex   -9.430693e+00 7.000000e+01 7.833544e+01
      vertex   -3.514165e+00 7.000000e+01 8.453185e+01
      vertex   -8.296967e+00 7.000000e+01 7.750359e+01
    endloop
  endfacet
  facet normal -0.000000e+00 1.000000e+00 0.000000e+00
    outer loop
      vertex   -8.296967e+00 7.000000e+01 7.750359e+01
      vertex   -3.514165e+00 7.000000e+01 8.453185e+01
      vertex   -7.090328e+00 7.000000e+01 7.678156e+01
    endloop
  endfacet
  facet normal 0.000000e+00 1.000000e+00 0.000000e+00
    outer loop
      vertex   -7.090328e+00 7.000000e+01 7.678156e+01
      vertex   -3.514165e+00 7.000000e+01 8.453185e+01
      vertex   -2.700198e+00 7.000000e+01 8.408739e+01
    endloop
  endfacet
  facet normal -0.000000e+00 1.000000e+00 0.000000e+00
    outer loop
      vertex   -7.090328e+00 7.000000e+01 7.678156e+01
      vertex   -2.700198e+00 7.000000e+01 8.408739e+01
      vertex   -5.821378e+00 7.000000e+01 7.617569e+01
    endloop
  endfacet
  facet normal 0.000000e+00 1.000000e+00 0.000000e+00
    outer loop
      vertex   -5.821378e+00 7.000000e+01 7.617569e+01
      vertex   -2.700198e+00 7.000000e+01 8.408739e+01
      vertex   -1.831262e+00 7.000000e+01 8.376330e+01
    endloop
  endfacet
  facet normal -0.000000e+00 1.000000e+00 0.000000e+00
    outer loop
      vertex   -5.821378e+00 7.000000e+01 7.617569e+01
      vertex   -1.831262e+00 7.000000e+01 8.376330e+01
      vertex   -4.501270e+00 7.000000e+01 7.569131e+01
    endloop
  endfacet
  facet normal -0.000000e+00 1.000000e+00 0.000000e+00
    outer loop
      vertex   -4.501270e+00 7.000000e+01 7.569131e+01
      vertex   -1.831262e+00 7.000000e+01 8.376330e+01
      vertex   -3.141604e+00 7.000000e+01 7.533268e+01
    endloop
  endfacet
  facet normal 0.000000e+00 1.000000e+00 0.000000e+00
    outer loop
      vertex   -3.141604e+00 7.000000e+01 7.533268e+01
      vertex   -1.831262e+00 7.000000e+01 8.376330e+01
      vertex   -9.250464e-01 7.000000e+01 8.356616e+01
    endloop
  endfacet
  facet normal -0.000000e+00 1.000000e+00 0.000000e+00
    outer loop
      vertex   -3.141604e+00 7.000000e+01 7.533268e+01
      vertex   -9.250464e-01 7.000000e+01 8.356616e+01
      vertex   -1.754330e+00 7.000000e+01 7.510294e+01
    endloop
  endfacet
  facet normal 0.000000e+00 1.000000e+00 0.000000e+00
    outer loop
      vertex   -1.754330e+00 7.000000e+01 7.510294e+01
      vertex   -9.250464e-01 7.000000e+01 8.356616e+01
      vertex   -9.827791e-15 7.000000e+01 8.350000e+01
    endloop
  endfacet
  facet normal -0.000000e+00 1.000000e+00 0.000000e+00
    outer loop
      vertex   -1.754330e+00 7.000000e+01 7.510294e+01
      vertex   -9.827791e-15 7.000000e+01 8.350000e+01
      vertex   -3.516386e-01 7.000000e+01 7.500412e+01
    endloop
  endfacet
  facet normal 0.000000e+00 1.000000e+00 0.000000e+00
    outer loop
      vertex   -3.516386e-01 7.000000e+01 7.500412e+01
      vertex   -9.827791e-15 7.000000e+01 8.350000e+01
      vertex   1.054143e+00 7.000000e+01 7.503709e+01
    endloop
  endfacet
  facet normal 0.000000e+00 1.000000e+00 0.000000e+00
    outer loop
      vertex   1.054143e+00 7.000000e+01 7.503709e+01
      vertex   -9.827791e-15 7.000000e+01 8.350000e+01
      vertex   9.250464e-01 7.000000e+01 8.356616e+01
    endloop
  endfacet
  facet normal 0.000000e+00 1.000000e+00 -0.000000e+00
    outer loop
      vertex   1.054143e+00 7.000000e+01 7.503709e+01
      vertex   9.250464e-01 7.000000e+01 8.356616e+01
      vertex   2.450660e+00 7.000000e+01 7.520155e+01
    endloop
  endfacet
  facet normal 0.000000e+00 1.000000e+00 -0.000000e+00
    outer loop
      vertex   2.450660e+00 7.000000e+01 7.520155e+01
      vertex   9.250464e-01 7.000000e+01 8.356616e+01
      vertex   3.825642e+00 7.000000e+01 7.549605e+01
    endloop
  endfacet
  facet normal 0.000000e+00 1.000000e+00 0.000000e+00
    outer loop
      vertex   3.825642e+00 7.000000e+01 7.549605e+01
      vertex   9.250464e-01 7.000000e+01 8.356616e+01
      vertex   1.831262e+00 7.000000e+01 8.376330e+01
    endloop
  endfacet
  facet normal 0.000000e+00 1.000000e+00 -0.000000e+00
    outer loop
      vertex   3.825642e+00 7.000000e+01 7.549605e+01
      vertex   1.831262e+00 7.000000e+01 8.376330e+01
      vertex   5.167003e+00 7.000000e+01 7.591802e+01
    endloop
  endfacet
  facet normal 0.000000e+00 1.000000e+00 0.000000e+00
    outer loop
      vertex   5.167003e+00 7.000000e+01 7.591802e+01
      vertex   1.831262e+00 7.000000e+01 8.376330e+01
      vertex   2.700198e+00 7.000000e+01 8.408739e+01
    endloop
  endfacet
  facet normal 0.000000e+00 1.000000e+00 -0.000000e+00
    outer loop
      vertex   5.167003e+00 7.000000e+01 7.591802e+01
      vertex   2.700198e+00 7.000000e+01 8.408739e+01
      vertex   6.462956e+00 7.000000e+01 7.646375e+01
    endloop
  endfacet
  facet normal 0.000000e+00 1.000000e+00 -0.000000e+00
    outer loop
      vertex   6.462956e+00 7.000000e+01 7.646375e+01
      vertex   2.700198e+00 7.000000e+01 8.408739e+01
      vertex   7.702113e+00 7.000000e+01 7.712842e+01
    endloop
  endfacet
  facet normal 0.000000e+00 1.000000e+00 -0.000000e+00
    outer loop
      vertex   7.702113e+00 7.000000e+01 7.712842e+01
      vertex   2.700198e+00 7.000000e+01 8.408739e+01
      vertex   8.873583e+00 7.000000e+01 7.790622e+01
    endloop
  endfacet
  facet normal 0.000000e+00 1.000000e+00 -0.000000e+00
    outer loop
      vertex   8.873583e+00 7.000000e+01 7.790622e+01
      vertex   2.700198e+00 7.000000e+01 8.408739e+01
      vertex   9.967072e+00 7.000000e+01 7.879030e+01
    endloop
  endfacet
  facet normal 0.000000e+00 1.000000e+00 -0.000000e+00
    outer loop
      vertex   9.967072e+00 7.000000e+01 7.879030e+01
      vertex   2.700198e+00 7.000000e+01 8.408739e+01
      vertex   1.097297e+01 7.000000e+01 7.977288e+01
    endloop
  endfacet
  facet normal 0.000000e+00 1.000000e+00 0.000000e+00
    outer loop
      vertex   1.097297e+01 7.000000e+01 7.977288e+01
      vertex   2.700198e+00 7.000000e+01 8.408739e+01
      vertex   3.514165e+00 7.000000e+01 8.453185e+01
    endloop
  endfacet
  facet normal 0.000000e+00 1.000000e+00 0.000000e+00
    outer loop
      vertex   1.097297e+01 7.000000e+01 7.977288e+01
      vertex   3.514165e+00 7.000000e+01 8.453185e+01
      vertex   4.256595e+00 7.000000e+01 8.508763e+01
    endloop
  endfacet
  facet normal -0.000000e+00 1.000000e+00 0.000000e+00
    outer loop
      vertex   4.256595e+00 7.000000e+01 8.508763e+01
      vertex   4.912372e+00 7.000000e+01 8.574341e+01
      vertex   1.097297e+01 7.000000e+01 7.977288e+01
    endloop
  endfacet
  facet normal 0.000000e+00 1.000000e+00 -0.000000e+00
    outer loop
      vertex   1.097297e+01 7.000000e+01 7.977288e+01
      vertex   4.912372e+00 7.000000e+01 8.574341e+01
      vertex   1.188244e+01 7.000000e+01 8.084535e+01
    endloop
  endfacet
  facet normal 0.000000e+00 1.000000e+00 0.000000e+00
    outer loop
      vertex   1.188244e+01 7.000000e+01 8.084535e+01
      vertex   4.912372e+00 7.000000e+01 8.574341e+01
      vertex   5.468148e+00 7.000000e+01 8.648583e+01
    endloop
  endfacet
  facet normal 0.000000e+00 1.000000e+00 -0.000000e+00
    outer loop
      vertex   1.188244e+01 7.000000e+01 8.084535e+01
      vertex   5.468148e+00 7.000000e+01 8.648583e+01
      vertex   1.268748e+01 7.000000e+01 8.199826e+01
    endloop
  endfacet
  facet normal 0.000000e+00 1.000000e+00 -0.000000e+00
    outer loop
      vertex   1.268748e+01 7.000000e+01 8.199826e+01
      vertex   5.468148e+00 7.000000e+01 8.648583e+01
      vertex   1.338103e+01 7.000000e+01 8.322150e+01
    endloop
  endfacet
  facet normal 0.000000e+00 1.000000e+00 0.000000e+00
    outer loop
      vertex   1.338103e+01 7.000000e+01 8.322150e+01
      vertex   5.468148e+00 7.000000e+01 8.648583e+01
      vertex   5.912608e+00 7.000000e+01 8.729980e+01
    endloop
  endfacet
  facet normal 0.000000e+00 1.000000e+00 -0.000000e+00
    outer loop
      vertex   1.338103e+01 7.000000e+01 8.322150e+01
      vertex   5.912608e+00 7.000000e+01 8.729980e+01
      vertex   1.395698e+01 7.000000e+01 8.450430e+01
    endloop
  endfacet
  facet normal 0.000000e+00 1.000000e+00 0.000000e+00
    outer loop
      vertex   1.395698e+01 7.000000e+01 8.450430e+01
      vertex   5.912608e+00 7.000000e+01 8.729980e+01
      vertex   6.236704e+00 7.000000e+01 8.816874e+01
    endloop
  endfacet
  facet normal 0.000000e+00 1.000000e+00 -0.000000e+00
    outer loop
      vertex   1.395698e+01 7.000000e+01 8.450430e+01
      vertex   6.236704e+00 7.000000e+01 8.816874e+01
      vertex   1.441028e+01 7.000000e+01 8.583540e+01
    endloop
  endfacet
  facet normal 0.000000e+00 1.000000e+00 -0.000000e+00
    outer loop
      vertex   1.441028e+01 7.000000e+01 8.583540e+01
      vertex   6.236704e+00 7.000000e+01 8.816874e+01
      vertex   1.473694e+01 7.000000e+01 8.720310e+01
    endloop
  endfacet
  facet normal 0.000000e+00 1.000000e+00 0.000000e+00
    outer loop
      vertex   1.473694e+01 7.000000e+01 8.720310e+01
      vertex   6.236704e+00 7.000000e+01 8.816874e+01
      vertex   6.433839e+00 7.000000e+01 8.907495e+01
    endloop
  endfacet
  facet normal 0.000000e+00 1.000000e+00 -0.000000e+00
    outer loop
      vertex   1.473694e+01 7.000000e+01 8.720310e+01
      vertex   6.433839e+00 7.000000e+01 8.907495e+01
      vertex   1.493409e+01 7.000000e+01 8.859538e+01
    endloop
  endfacet
  facet normal 0.000000e+00 1.000000e+00 0.000000e+00
    outer loop
      vertex   1.493409e+01 7.000000e+01 8.859538e+01
      vertex   6.433839e+00 7.000000e+01 8.907495e+01
      vertex   6.500000e+00 7.000000e+01 9.000000e+01
    endloop
  endfacet
  facet normal 0.000000e+00 1.000000e+00 -0.000000e+00
    outer loop
      vertex   1.493409e+01 7.000000e+01 8.859538e+01
      vertex   6.500000e+00 7.000000e+01 9.000000e+01
      vertex   1.500000e+01 7.000000e+01 9.000000e+01
    endloop
  endfacet
  facet normal 0.000000e+00 1.000000e+00 0.000000e+00
    outer loop
      vertex   1.500000e+01 7.000000e+01 9.000000e+01
      vertex   6.500000e+00 7.000000e+01 9.000000e+01
      vertex   1.493409e+01 7.000000e+01 9.140462e+01
    endloop
  endfacet
  facet normal 0.000000e+00 1.000000e+00 0.000000e+00
    outer loop
      vertex   1.493409e+01 7.000000e+01 9.140462e+01
      vertex   6.500000e+00 7.000000e+01 9.000000e+01
      vertex   6.433839e+00 7.000000e+01 9.092505e+01
    endloop
  endfacet
  facet normal 0.000000e+00 1.000000e+00 0.000000e+00
    outer loop
      vertex   1.493409e+01 7.000000e+01 9.140462e+01
      vertex   6.433839e+00 7.000000e+01 9.092505e+01
      vertex   1.473694e+01 7.000000e+01 9.279690e+01
    endloop
  endfacet
  facet normal 0.000000e+00 1.000000e+00 0.000000e+00
    outer loop
      vertex   1.473694e+01 7.000000e+01 9.279690e+01
      vertex   6.433839e+00 7.000000e+01 9.092505e+01
      vertex   6.236704e+00 7.000000e+01 9.183126e+01
    endloop
  endfacet
  facet normal 0.000000e+00 1.000000e+00 0.000000e+00
    outer loop
      vertex   1.473694e+01 7.000000e+01 9.279690e+01
      vertex   6.236704e+00 7.000000e+01 9.183126e+01
      vertex   1.441028e+01 7.000000e+01 9.416460e+01
    endloop
  endfacet
  facet normal 0.000000e+00 1.000000e+00 0.000000e+00
    outer loop
      vertex   1.441028e+01 7.000000e+01 9.416460e+01
      vertex   6.236704e+00 7.000000e+01 9.183126e+01
      vertex   1.395698e+01 7.000000e+01 9.549570e+01
    endloop
  endfacet
  facet normal 0.000000e+00 1.000000e+00 0.000000e+00
    outer loop
      vertex   1.395698e+01 7.000000e+01 9.549570e+01
      vertex   6.236704e+00 7.000000e+01 9.183126e+01
      vertex   5.912608e+00 7.000000e+01 9.270020e+01
    endloop
  endfacet
  facet normal 0.000000e+00 1.000000e+00 0.000000e+00
    outer loop
      vertex   1.395698e+01 7.000000e+01 9.549570e+01
      vertex   5.912608e+00 7.000000e+01 9.270020e+01
      vertex   1.338103e+01 7.000000e+01 9.677850e+01
    endloop
  endfacet
  facet normal 0.000000e+00 1.000000e+00 0.000000e+00
    outer loop
      vertex   1.338103e+01 7.000000e+01 9.677850e+01
      vertex   5.912608e+00 7.000000e+01 9.270020e+01
      vertex   5.468148e+00 7.000000e+01 9.351417e+01
    endloop
  endfacet
  facet normal 0.000000e+00 1.000000e+00 0.000000e+00
    outer loop
      vertex   1.338103e+01 7.000000e+01 9.677850e+01
      vertex   5.468148e+00 7.000000e+01 9.351417e+01
      vertex   1.268748e+01 7.000000e+01 9.800174e+01
    endloop
  endfacet
  facet normal 0.000000e+00 1.000000e+00 0.000000e+00
    outer loop
      vertex   1.268748e+01 7.000000e+01 9.800174e+01
      vertex   5.468148e+00 7.000000e+01 9.351417e+01
      vertex   1.188244e+01 7.000000e+01 9.915465e+01
    endloop
  endfacet
  facet normal 0.000000e+00 1.000000e+00 0.000000e+00
    outer loop
      vertex   1.188244e+01 7.000000e+01 9.915465e+01
      vertex   5.468148e+00 7.000000e+01 9.351417e+01
      vertex   4.912372e+00 7.000000e+01 9.425659e+01
    endloop
  endfacet
  facet normal 0.000000e+00 1.000000e+00 0.000000e+00
    outer loop
      vertex   1.188244e+01 7.000000e+01 9.915465e+01
      vertex   4.912372e+00 7.000000e+01 9.425659e+01
      vertex   1.097297e+01 7.000000e+01 1.002271e+02
    endloop
  endfacet
  facet normal 0.000000e+00 1.000000e+00 0.000000e+00
    outer loop
      vertex   1.097297e+01 7.000000e+01 1.002271e+02
      vertex   4.912372e+00 7.000000e+01 9.425659e+01
      vertex   4.256595e+00 7.000000e+01 9.491237e+01
    endloop
  endfacet
  facet normal 0.000000e+00 1.000000e+00 0.000000e+00
    outer loop
      vertex   1.097297e+01 7.000000e+01 1.002271e+02
      vertex   4.256595e+00 7.000000e+01 9.491237e+01
      vertex   9.967072e+00 7.000000e+01 1.012097e+02
    endloop
  endfacet
  facet normal 0.000000e+00 1.000000e+00 0.000000e+00
    outer loop
      vertex   9.967072e+00 7.000000e+01 1.012097e+02
      vertex   4.256595e+00 7.000000e+01 9.491237e+01
      vertex   8.873583e+00 7.000000e+01 1.020938e+02
    endloop
  endfacet
  facet normal 0.000000e+00 1.000000e+00 0.000000e+00
    outer loop
      vertex   8.873583e+00 7.000000e+01 1.020938e+02
      vertex   4.256595e+00 7.000000e+01 9.491237e+01
      vertex   3.514165e+00 7.000000e+01 9.546815e+01
    endloop
  endfacet
  facet normal 0.000000e+00 1.000000e+00 0.000000e+00
    outer loop
      vertex   8.873583e+00 7.000000e+01 1.020938e+02
      vertex   3.514165e+00 7.000000e+01 9.546815e+01
      vertex   7.702113e+00 7.000000e+01 1.028716e+02
    endloop
  endfacet
  facet normal 0.000000e+00 1.000000e+00 0.000000e+00
    outer loop
      vertex   7.702113e+00 7.000000e+01 1.028716e+02
      vertex   3.514165e+00 7.000000e+01 9.546815e+01
      vertex   2.700198e+00 7.000000e+01 9.591261e+01
    endloop
  endfacet
  facet normal 0.000000e+00 1.000000e+00 0.000000e+00
    outer loop
      vertex   7.702113e+00 7.000000e+01 1.028716e+02
      vertex   2.700198e+00 7.000000e+01 9.591261e+01
      vertex   6.462956e+00 7.000000e+01 1.035363e+02
    endloop
  endfacet
  facet normal 0.000000e+00 1.000000e+00 0.000000e+00
    outer loop
      vertex   6.462956e+00 7.000000e+01 1.035363e+02
      vertex   2.700198e+00 7.000000e+01 9.591261e+01
      vertex   5.167003e+00 7.000000e+01 1.040820e+02
    endloop
  endfacet
  facet normal 0.000000e+00 1.000000e+00 0.000000e+00
    outer loop
      vertex   5.167003e+00 7.000000e+01 1.040820e+02
      vertex   2.700198e+00 7.000000e+01 9.591261e+01
      vertex   1.831262e+00 7.000000e+01 9.623670e+01
    endloop
  endfacet
  facet normal 0.000000e+00 1.000000e+00 0.000000e+00
    outer loop
      vertex   5.167003e+00 7.000000e+01 1.040820e+02
      vertex   1.831262e+00 7.000000e+01 9.623670e+01
      vertex   3.825642e+00 7.000000e+01 1.045039e+02
    endloop
  endfacet
  facet normal 0.000000e+00 1.000000e+00 0.000000e+00
    outer loop
      vertex   3.825642e+00 7.000000e+01 1.045039e+02
      vertex   1.831262e+00 7.000000e+01 9.623670e+01
      vertex   9.250464e-01 7.000000e+01 9.643384e+01
    endloop
  endfacet
  facet normal 0.000000e+00 1.000000e+00 0.000000e+00
    outer loop
      vertex   3.825642e+00 7.000000e+01 1.045039e+02
      vertex   9.250464e-01 7.000000e+01 9.643384e+01
      vertex   2.450660e+00 7.000000e+01 1.047985e+02
    endloop
  endfacet
  facet normal 0.000000e+00 1.000000e+00 0.000000e+00
    outer loop
      vertex   2.450660e+00 7.000000e+01 1.047985e+02
      vertex   9.250464e-01 7.000000e+01 9.643384e+01
      vertex   1.054143e+00 7.000000e+01 1.049629e+02
    endloop
  endfacet
  facet normal 0.000000e+00 1.000000e+00 0.000000e+00
    outer loop
      vertex   1.054143e+00 7.000000e+01 1.049629e+02
      vertex   9.250464e-01 7.000000e+01 9.643384e+01
      vertex   -1.141983e-14 7.000000e+01 9.650000e+01
    endloop
  endfacet
  facet normal 0.000000e+00 1.000000e+00 0.000000e+00
    outer loop
      vertex   1.054143e+00 7.000000e+01 1.049629e+02
      vertex   -1.141983e-14 7.000000e+01 9.650000e+01
      vertex   -3.516386e-01 7.000000e+01 1.049959e+02
    endloop
  endfacet
  facet normal 0.000000e+00 1.000000e+00 0.000000e+00
    outer loop
      vertex   -3.516386e-01 7.000000e+01 1.049959e+02
      vertex   -1.141983e-14 7.000000e+01 9.650000e+01
      vertex   -1.754330e+00 7.000000e+01 1.048971e+02
    endloop
  endfacet
  facet normal 0.000000e+00 1.000000e+00 0.000000e+00
    outer loop
      vertex   -1.754330e+00 7.000000e+01 1.048971e+02
      vertex   -1.141983e-14 7.000000e+01 9.650000e+01
      vertex   -9.250464e-01 7.000000e+01 9.643384e+01
    endloop
  endfacet
  facet normal 0.000000e+00 1.000000e+00 0.000000e+00
    outer loop
      vertex   -1.754330e+00 7.000000e+01 1.048971e+02
      vertex   -9.250464e-01 7.000000e+01 9.643384e+01
      vertex   -3.141604e+00 7.000000e+01 1.046673e+02
    endloop
  endfacet
  facet normal 0.000000e+00 1.000000e+00 0.000000e+00
    outer loop
      vertex   -3.141604e+00 7.000000e+01 1.046673e+02
      vertex   -9.250464e-01 7.000000e+01 9.643384e+01
      vertex   -1.831262e+00 7.000000e+01 9.623670e+01
    endloop
  endfacet
  facet normal 0.000000e+00 1.000000e+00 0.000000e+00
    outer loop
      vertex   -3.141604e+00 7.000000e+01 1.046673e+02
      vertex   -1.831262e+00 7.000000e+01 9.623670e+01
      vertex   -4.501270e+00 7.000000e+01 1.043087e+02
    endloop
  endfacet
  facet normal 0.000000e+00 1.000000e+00 0.000000e+00
    outer loop
      vertex   -4.501270e+00 7.000000e+01 1.043087e+02
      vertex   -1.831262e+00 7.000000e+01 9.623670e+01
      vertex   -5.821378e+00 7.000000e+01 1.038243e+02
    endloop
  endfacet
  facet normal 0.000000e+00 1.000000e+00 0.000000e+00
    outer loop
      vertex   -5.821378e+00 7.000000e+01 1.038243e+02
      vertex   -1.831262e+00 7.000000e+01 9.623670e+01
      vertex   -2.700198e+00 7.000000e+01 9.591261e+01
    endloop
  endfacet
  facet normal 0.000000e+00 1.000000e+00 0.000000e+00
    outer loop
      vertex   -5.821378e+00 7.000000e+01 1.038243e+02
      vertex   -2.700198e+00 7.000000e+01 9.591261e+01
      vertex   -7.090328e+00 7.000000e+01 1.032184e+02
    endloop
  endfacet
  facet normal 0.000000e+00 1.000000e+00 0.000000e+00
    outer loop
      vertex   -7.090328e+00 7.000000e+01 1.032184e+02
      vertex   -2.700198e+00 7.000000e+01 9.591261e+01
      vertex   -3.514165e+00 7.000000e+01 9.546815e+01
    endloop
  endfacet
  facet normal 0.000000e+00 1.000000e+00 0.000000e+00
    outer loop
      vertex   -7.090328e+00 7.000000e+01 1.032184e+02
      vertex   -3.514165e+00 7.000000e+01 9.546815e+01
      vertex   -8.296967e+00 7.000000e+01 1.024964e+02
    endloop
  endfacet
  facet normal 0.000000e+00 1.000000e+00 0.000000e+00
    outer loop
      vertex   -8.296967e+00 7.000000e+01 1.024964e+02
      vertex   -3.514165e+00 7.000000e+01 9.546815e+01
      vertex   -9.430693e+00 7.000000e+01 1.016646e+02
    endloop
  endfacet
  facet normal 0.000000e+00 1.000000e+00 0.000000e+00
    outer loop
      vertex   -9.430693e+00 7.000000e+01 1.016646e+02
      vertex   -3.514165e+00 7.000000e+01 9.546815e+01
      vertex   -4.256595e+00 7.000000e+01 9.491237e+01
    endloop
  endfacet
  facet normal 0.000000e+00 1.000000e+00 0.000000e+00
    outer loop
      vertex   -9.430693e+00 7.000000e+01 1.016646e+02
      vertex   -4.256595e+00 7.000000e+01 9.491237e+01
      vertex   -1.048154e+01 7.000000e+01 1.007302e+02
    endloop
  endfacet
  facet normal 0.000000e+00 1.000000e+00 0.000000e+00
    outer loop
      vertex   -1.048154e+01 7.000000e+01 1.007302e+02
      vertex   -4.256595e+00 7.000000e+01 9.491237e+01
      vertex   -4.912372e+00 7.000000e+01 9.425659e+01
    endloop
  endfacet
  facet normal 0.000000e+00 1.000000e+00 0.000000e+00
    outer loop
      vertex   -1.048154e+01 7.000000e+01 1.007302e+02
      vertex   -4.912372e+00 7.000000e+01 9.425659e+01
      vertex   -1.144028e+01 7.000000e+01 9.970155e+01
    endloop
  endfacet
  facet normal 0.000000e+00 1.000000e+00 0.000000e+00
    outer loop
      vertex   -1.144028e+01 7.000000e+01 9.970155e+01
      vertex   -4.912372e+00 7.000000e+01 9.425659e+01
      vertex   -1.229848e+01 7.000000e+01 9.858764e+01
    endloop
  endfacet
  facet normal 0.000000e+00 1.000000e+00 0.000000e+00
    outer loop
      vertex   -1.229848e+01 7.000000e+01 9.858764e+01
      vertex   -4.912372e+00 7.000000e+01 9.425659e+01
      vertex   -5.468148e+00 7.000000e+01 9.351417e+01
    endloop
  endfacet
  facet normal 0.000000e+00 1.000000e+00 0.000000e+00
    outer loop
      vertex   -1.229848e+01 7.000000e+01 9.858764e+01
      vertex   -5.468148e+00 7.000000e+01 9.351417e+01
      vertex   -1.304860e+01 7.000000e+01 9.739825e+01
    endloop
  endfacet
  facet normal 0.000000e+00 1.000000e+00 0.000000e+00
    outer loop
      vertex   -1.304860e+01 7.000000e+01 9.739825e+01
      vertex   -5.468148e+00 7.000000e+01 9.351417e+01
      vertex   -5.912608e+00 7.000000e+01 9.270020e+01
    endloop
  endfacet
  facet normal 0.000000e+00 1.000000e+00 0.000000e+00
    outer loop
      vertex   -1.304860e+01 7.000000e+01 9.739825e+01
      vertex   -5.912608e+00 7.000000e+01 9.270020e+01
      vertex   -1.368404e+01 7.000000e+01 9.614386e+01
    endloop
  endfacet
  facet normal 0.000000e+00 1.000000e+00 0.000000e+00
    outer loop
      vertex   -1.368404e+01 7.000000e+01 9.614386e+01
      vertex   -5.912608e+00 7.000000e+01 9.270020e+01
      vertex   -1.419924e+01 7.000000e+01 9.483546e+01
    endloop
  endfacet
  facet normal 0.000000e+00 1.000000e+00 0.000000e+00
    outer loop
      vertex   -1.419924e+01 7.000000e+01 9.483546e+01
      vertex   -5.912608e+00 7.000000e+01 9.270020e+01
      vertex   -6.236704e+00 7.000000e+01 9.183126e+01
    endloop
  endfacet
  facet normal 0.000000e+00 1.000000e+00 0.000000e+00
    outer loop
      vertex   -1.419924e+01 7.000000e+01 9.483546e+01
      vertex   -6.236704e+00 7.000000e+01 9.183126e+01
      vertex   -1.458964e+01 7.000000e+01 9.348458e+01
    endloop
  endfacet
  facet normal 0.000000e+00 1.000000e+00 0.000000e+00
    outer loop
      vertex   -1.458964e+01 7.000000e+01 9.348458e+01
      vertex   -6.236704e+00 7.000000e+01 9.183126e+01
      vertex   -6.433839e+00 7.000000e+01 9.092505e+01
    endloop
  endfacet
  facet normal -7.133918e-02 0.000000e+00 9.974521e-01
    outer loop
      vertex   -8.907495e+01 6.900000e+01 -6.433839e+00
      vertex   -8.907495e+01 7.000000e+01 -6.433839e+00
      vertex   -9.000000e+01 6.900000e+01 -6.500000e+00
    endloop
  endfacet
  facet normal -7.133918e-02 0.000000e+00 9.974521e-01
    outer loop
      vertex   -9.000000e+01 6.900000e+01 -6.500000e+00
      vertex   -8.907495e+01 7.000000e+01 -6.433839e+00
      vertex   -9.000000e+01 7.000000e+01 -6.500000e+00
    endloop
  endfacet
  facet normal 7.133918e-02 -0.000000e+00 9.974521e-01
    outer loop
      vertex   -9.000000e+01 6.900000e+01 -6.500000e+00
      vertex   -9.000000e+01 7.000000e+01 -6.500000e+00
      vertex   -9.092505e+01 6.900000e+01 -6.433839e+00
    endloop
  endfacet
  facet normal 7.133918e-02 -0.000000e+00 9.974521e-01
    outer loop
      vertex   -9.092505e+01 6.900000e+01 -6.433839e+00
      vertex   -9.000000e+01 7.000000e+01 -6.500000e+00
      vertex   -9.092505e+01 7.000000e+01 -6.433839e+00
    endloop
  endfacet
  facet normal 2.125653e-01 -0.000000e+00 9.771469e-01
    outer loop
      vertex   -9.092505e+01 6.900000e+01 -6.433839e+00
      vertex   -9.092505e+01 7.000000e+01 -6.433839e+00
      vertex   -9.183126e+01 6.900000e+01 -6.236704e+00
    endloop
  endfacet
  facet normal 2.125653e-01 -0.000000e+00 9.771469e-01
    outer loop
      vertex   -9.183126e+01 6.900000e+01 -6.236704e+00
      vertex   -9.092505e+01 7.000000e+01 -6.433839e+00
      vertex   -9.183126e+01 7.000000e+01 -6.236704e+00
    endloop
  endfacet
  facet normal 3.494642e-01 -0.000000e+00 9.369497e-01
    outer loop
      vertex   -9.183126e+01 6.900000e+01 -6.236704e+00
      vertex   -9.183126e+01 7.000000e+01 -6.236704e+00
      vertex   -9.270020e+01 6.900000e+01 -5.912608e+00
    endloop
  endfacet
  facet normal 3.494642e-01 -0.000000e+00 9.369497e-01
    outer loop
      vertex   -9.270020e+01 6.900000e+01 -5.912608e+00
      vertex   -9.183126e+01 7.000000e+01 -6.236704e+00
      vertex   -9.270020e+01 7.000000e+01 -5.912608e+00
    endloop
  endfacet
  facet normal 4.792490e-01 -0.000000e+00 8.776790e-01
    outer loop
      vertex   -9.270020e+01 6.900000e+01 -5.912608e+00
      vertex   -9.270020e+01 7.000000e+01 -5.912608e+00
      vertex   -9.351417e+01 6.900000e+01 -5.468148e+00
    endloop
  endfacet
  facet normal 4.792490e-01 -0.000000e+00 8.776790e-01
    outer loop
      vertex   -9.351417e+01 6.900000e+01 -5.468148e+00
      vertex   -9.270020e+01 7.000000e+01 -5.912608e+00
      vertex   -9.351417e+01 7.000000e+01 -5.468148e+00
    endloop
  endfacet
  facet normal 5.992777e-01 -0.000000e+00 8.005412e-01
    outer loop
      vertex   -9.351417e+01 6.900000e+01 -5.468148e+00
      vertex   -9.351417e+01 7.000000e+01 -5.468148e+00
      vertex   -9.425659e+01 6.900000e+01 -4.912372e+00
    endloop
  endfacet
  facet normal 5.992777e-01 -0.000000e+00 8.005412e-01
    outer loop
      vertex   -9.425659e+01 6.900000e+01 -4.912372e+00
      vertex   -9.351417e+01 7.000000e+01 -5.468148e+00
      vertex   -9.425659e+01 7.000000e+01 -4.912372e+00
    endloop
  endfacet
  facet normal 7.071068e-01 -0.000000e+00 7.071068e-01
    outer loop
      vertex   -9.425659e+01 6.900000e+01 -4.912372e+00
      vertex   -9.425659e+01 7.000000e+01 -4.912372e+00
      vertex   -9.491237e+01 6.900000e+01 -4.256595e+00
    endloop
  endfacet
  facet normal 7.071068e-01 -0.000000e+00 7.071068e-01
    outer loop
      vertex   -9.491237e+01 6.900000e+01 -4.256595e+00
      vertex   -9.425659e+01 7.000000e+01 -4.912372e+00
      vertex   -9.491237e+01 7.000000e+01 -4.256595e+00
    endloop
  endfacet
  facet normal 8.005412e-01 -0.000000e+00 5.992777e-01
    outer loop
      vertex   -9.491237e+01 6.900000e+01 -4.256595e+00
      vertex   -9.491237e+01 7.000000e+01 -4.256595e+00
      vertex   -9.546815e+01 6.900000e+01 -3.514165e+00
    endloop
  endfacet
  facet normal 8.005412e-01 -0.000000e+00 5.992777e-01
    outer loop
      vertex   -9.546815e+01 6.900000e+01 -3.514165e+00
      vertex   -9.491237e+01 7.000000e+01 -4.256595e+00
      vertex   -9.546815e+01 7.000000e+01 -3.514165e+00
    endloop
  endfacet
  facet normal 8.776790e-01 -0.000000e+00 4.792490e-01
    outer loop
      vertex   -9.546815e+01 6.900000e+01 -3.514165e+00
      vertex   -9.546815e+01 7.000000e+01 -3.514165e+00
      vertex   -9.591261e+01 6.900000e+01 -2.700198e+00
    endloop
  endfacet
  facet normal 8.776790e-01 -0.000000e+00 4.792490e-01
    outer loop
      vertex   -9.591261e+01 6.900000e+01 -2.700198e+00
      vertex   -9.546815e+01 7.000000e+01 -3.514165e+00
      vertex   -9.591261e+01 7.000000e+01 -2.700198e+00
    endloop
  endfacet
  facet normal 9.369497e-01 -0.000000e+00 3.494642e-01
    outer loop
      vertex   -9.591261e+01 6.900000e+01 -2.700198e+00
      vertex   -9.591261e+01 7.000000e+01 -2.700198e+00
      vertex   -9.623670e+01 6.900000e+01 -1.831262e+00
    endloop
  endfacet
  facet normal 9.369497e-01 -0.000000e+00 3.494642e-01
    outer loop
      vertex   -9.623670e+01 6.900000e+01 -1.831262e+00
      vertex   -9.591261e+01 7.000000e+01 -2.700198e+00
      vertex   -9.623670e+01 7.000000e+01 -1.831262e+00
    endloop
  endfacet
  facet normal 9.771469e-01 -0.000000e+00 2.125653e-01
    outer loop
      vertex   -9.623670e+01 6.900000e+01 -1.831262e+00
      vertex   -9.623670e+01 7.000000e+01 -1.831262e+00
      vertex   -9.643384e+01 6.900000e+01 -9.250464e-01
    endloop
  endfacet
  facet normal 9.771469e-01 -0.000000e+00 2.125653e-01
    outer loop
      vertex   -9.643384e+01 6.900000e+01 -9.250464e-01
      vertex   -9.623670e+01 7.000000e+01 -1.831262e+00
      vertex   -9.643384e+01 7.000000e+01 -9.250464e-01
    endloop
  endfacet
  facet normal 9.974521e-01 -0.000000e+00 7.133918e-02
    outer loop
      vertex   -9.643384e+01 6.900000e+01 -9.250464e-01
      vertex   -9.643384e+01 7.000000e+01 -9.250464e-01
      vertex   -9.650000e+01 6.900000e+01 -5.510911e-15
    endloop
  endfacet
  facet normal 9.974521e-01 -0.000000e+00 7.133918e-02
    outer loop
      vertex   -9.650000e+01 6.900000e+01 -5.510911e-15
      vertex   -9.643384e+01 7.000000e+01 -9.250464e-01
      vertex   -9.650000e+01 7.000000e+01 -5.510911e-15
    endloop
  endfacet
  facet normal 9.974521e-01 0.000000e+00 -7.133918e-02
    outer loop
      vertex   -9.650000e+01 6.900000e+01 -5.510911e-15
      vertex   -9.650000e+01 7.000000e+01 -5.510911e-15
      vertex   -9.643384e+01 6.900000e+01 9.250464e-01
    endloop
  endfacet
  facet normal 9.974521e-01 0.000000e+00 -7.133918e-02
    outer loop
      vertex   -9.643384e+01 6.900000e+01 9.250464e-01
      vertex   -9.650000e+01 7.000000e+01 -5.510911e-15
      vertex   -9.643384e+01 7.000000e+01 9.250464e-01
    endloop
  endfacet
  facet normal 9.771469e-01 0.000000e+00 -2.125653e-01
    outer loop
      vertex   -9.643384e+01 6.900000e+01 9.250464e-01
      vertex   -9.643384e+01 7.000000e+01 9.250464e-01
      vertex   -9.623670e+01 6.900000e+01 1.831262e+00
    endloop
  endfacet
  facet normal 9.771469e-01 0.000000e+00 -2.125653e-01
    outer loop
      vertex   -9.623670e+01 6.900000e+01 1.831262e+00
      vertex   -9.643384e+01 7.000000e+01 9.250464e-01
      vertex   -9.623670e+01 7.000000e+01 1.831262e+00
    endloop
  endfacet
  facet normal 9.369497e-01 0.000000e+00 -3.494642e-01
    outer loop
      vertex   -9.623670e+01 6.900000e+01 1.831262e+00
      vertex   -9.623670e+01 7.000000e+01 1.831262e+00
      vertex   -9.591261e+01 6.900000e+01 2.700198e+00
    endloop
  endfacet
  facet normal 9.369497e-01 0.000000e+00 -3.494642e-01
    outer loop
      vertex   -9.591261e+01 6.900000e+01 2.700198e+00
      vertex   -9.623670e+01 7.000000e+01 1.831262e+00
      vertex   -9.591261e+01 7.000000e+01 2.700198e+00
    endloop
  endfacet
  facet normal 8.776790e-01 0.000000e+00 -4.792490e-01
    outer loop
      vertex   -9.591261e+01 6.900000e+01 2.700198e+00
      vertex   -9.591261e+01 7.000000e+01 2.700198e+00
      vertex   -9.546815e+01 6.900000e+01 3.514165e+00
    endloop
  endfacet
  facet normal 8.776790e-01 0.000000e+00 -4.792490e-01
    outer loop
      vertex   -9.546815e+01 6.900000e+01 3.514165e+00
      vertex   -9.591261e+01 7.000000e+01 2.700198e+00
      vertex   -9.546815e+01 7.000000e+01 3.514165e+00
    endloop
  endfacet
  facet normal 8.005412e-01 0.000000e+00 -5.992777e-01
    outer loop
      vertex   -9.546815e+01 6.900000e+01 3.514165e+00
      vertex   -9.546815e+01 7.000000e+01 3.514165e+00
      vertex   -9.491237e+01 6.900000e+01 4.256595e+00
    endloop
  endfacet
  facet normal 8.005412e-01 0.000000e+00 -5.992777e-01
    outer loop
      vertex   -9.491237e+01 6.900000e+01 4.256595e+00
      vertex   -9.546815e+01 7.000000e+01 3.514165e+00
      vertex   -9.491237e+01 7.000000e+01 4.256595e+00
    endloop
  endfacet
  facet normal 7.071068e-01 0.000000e+00 -7.071068e-01
    outer loop
      vertex   -9.491237e+01 6.900000e+01 4.256595e+00
      vertex   -9.491237e+01 7.000000e+01 4.256595e+00
      vertex   -9.425659e+01 6.900000e+01 4.912372e+00
    endloop
  endfacet
  facet normal 7.071068e-01 0.000000e+00 -7.071068e-01
    outer loop
      vertex   -9.425659e+01 6.900000e+01 4.912372e+00
      vertex   -9.491237e+01 7.000000e+01 4.256595e+00
      vertex   -9.425659e+01 7.000000e+01 4.912372e+00
    endloop
  endfacet
  facet normal 5.992777e-01 0.000000e+00 -8.005412e-01
    outer loop
      vertex   -9.425659e+01 6.900000e+01 4.912372e+00
      vertex   -9.425659e+01 7.000000e+01 4.912372e+00
      vertex   -9.351417e+01 6.900000e+01 5.468148e+00
    endloop
  endfacet
  facet normal 5.992777e-01 0.000000e+00 -8.005412e-01
    outer loop
      vertex   -9.351417e+01 6.900000e+01 5.468148e+00
      vertex   -9.425659e+01 7.000000e+01 4.912372e+00
      vertex   -9.351417e+01 7.000000e+01 5.468148e+00
    endloop
  endfacet
  facet normal 4.792490e-01 0.000000e+00 -8.776790e-01
    outer loop
      vertex   -9.351417e+01 6.900000e+01 5.468148e+00
      vertex   -9.351417e+01 7.000000e+01 5.468148e+00
      vertex   -9.270020e+01 6.900000e+01 5.912608e+00
    endloop
  endfacet
  facet normal 4.792490e-01 0.000000e+00 -8.776790e-01
    outer loop
      vertex   -9.270020e+01 6.900000e+01 5.912608e+00
      vertex   -9.351417e+01 7.000000e+01 5.468148e+00
      vertex   -9.270020e+01 7.000000e+01 5.912608e+00
    endloop
  endfacet
  facet normal 3.494642e-01 0.000000e+00 -9.369497e-01
    outer loop
      vertex   -9.270020e+01 6.900000e+01 5.912608e+00
      vertex   -9.270020e+01 7.000000e+01 5.912608e+00
      vertex   -9.183126e+01 6.900000e+01 6.236704e+00
    endloop
  endfacet
  facet normal 3.494642e-01 0.000000e+00 -9.369497e-01
    outer loop
      vertex   -9.183126e+01 6.900000e+01 6.236704e+00
      vertex   -9.270020e+01 7.000000e+01 5.912608e+00
      vertex   -9.183126e+01 7.000000e+01 6.236704e+00
    endloop
  endfacet
  facet normal 2.125653e-01 0.000000e+00 -9.771469e-01
    outer loop
      vertex   -9.183126e+01 6.900000e+01 6.236704e+00
      vertex   -9.183126e+01 7.000000e+01 6.236704e+00
      vertex   -9.092505e+01 6.900000e+01 6.433839e+00
    endloop
  endfacet
  facet normal 2.125653e-01 0.000000e+00 -9.771469e-01
    outer loop
      vertex   -9.092505e+01 6.900000e+01 6.433839e+00
      vertex   -9.183126e+01 7.000000e+01 6.236704e+00
      vertex   -9.092505e+01 7.000000e+01 6.433839e+00
    endloop
  endfacet
  facet normal 7.133918e-02 0.000000e+00 -9.974521e-01
    outer loop
      vertex   -9.092505e+01 6.900000e+01 6.433839e+00
      vertex   -9.092505e+01 7.000000e+01 6.433839e+00
      vertex   -9.000000e+01 6.900000e+01 6.500000e+00
    endloop
  endfacet
  facet normal 7.133918e-02 0.000000e+00 -9.974521e-01
    outer loop
      vertex   -9.000000e+01 6.900000e+01 6.500000e+00
      vertex   -9.092505e+01 7.000000e+01 6.433839e+00
      vertex   -9.000000e+01 7.000000e+01 6.500000e+00
    endloop
  endfacet
  facet normal -7.133918e-02 0.000000e+00 -9.974521e-01
    outer loop
      vertex   -9.000000e+01 6.900000e+01 6.500000e+00
      vertex   -9.000000e+01 7.000000e+01 6.500000e+00
      vertex   -8.907495e+01 6.900000e+01 6.433839e+00
    endloop
  endfacet
  facet normal -7.133918e-02 0.000000e+00 -9.974521e-01
    outer loop
      vertex   -8.907495e+01 6.900000e+01 6.433839e+00
      vertex   -9.000000e+01 7.000000e+01 6.500000e+00
      vertex   -8.907495e+01 7.000000e+01 6.433839e+00
    endloop
  endfacet
  facet normal -2.125653e-01 0.000000e+00 -9.771469e-01
    outer loop
      vertex   -8.907495e+01 6.900000e+01 6.433839e+00
      vertex   -8.907495e+01 7.000000e+01 6.433839e+00
      vertex   -8.816874e+01 6.900000e+01 6.236704e+00
    endloop
  endfacet
  facet normal -2.125653e-01 0.000000e+00 -9.771469e-01
    outer loop
      vertex   -8.816874e+01 6.900000e+01 6.236704e+00
      vertex   -8.907495e+01 7.000000e+01 6.433839e+00
      vertex   -8.816874e+01 7.000000e+01 6.236704e+00
    endloop
  endfacet
  facet normal -3.494642e-01 0.000000e+00 -9.369497e-01
    outer loop
      vertex   -8.816874e+01 6.900000e+01 6.236704e+00
      vertex   -8.816874e+01 7.000000e+01 6.236704e+00
      vertex   -8.729980e+01 6.900000e+01 5.912608e+00
    endloop
  endfacet
  facet normal -3.494642e-01 0.000000e+00 -9.369497e-01
    outer loop
      vertex   -8.729980e+01 6.900000e+01 5.912608e+00
      vertex   -8.816874e+01 7.000000e+01 6.236704e+00
      vertex   -8.729980e+01 7.000000e+01 5.912608e+00
    endloop
  endfacet
  facet normal -4.792490e-01 0.000000e+00 -8.776790e-01
    outer loop
      vertex   -8.729980e+01 6.900000e+01 5.912608e+00
      vertex   -8.729980e+01 7.000000e+01 5.912608e+00
      vertex   -8.648583e+01 6.900000e+01 5.468148e+00
    endloop
  endfacet
  facet normal -4.792490e-01 0.000000e+00 -8.776790e-01
    outer loop
      vertex   -8.648583e+01 6.900000e+01 5.468148e+00
      vertex   -8.729980e+01 7.000000e+01 5.912608e+00
      vertex   -8.648583e+01 7.000000e+01 5.468148e+00
    endloop
  endfacet
  facet normal -5.992777e-01 0.000000e+00 -8.005412e-01
    outer loop
      vertex   -8.648583e+01 6.900000e+01 5.468148e+00
      vertex   -8.648583e+01 7.000000e+01 5.468148e+00
      vertex   -8.574341e+01 6.900000e+01 4.912372e+00
    endloop
  endfacet
  facet normal -5.992777e-01 0.000000e+00 -8.005412e-01
    outer loop
      vertex   -8.574341e+01 6.900000e+01 4.912372e+00
      vertex   -8.648583e+01 7.000000e+01 5.468148e+00
      vertex   -8.574341e+01 7.000000e+01 4.912372e+00
    endloop
  endfacet
  facet normal -7.071068e-01 0.000000e+00 -7.071068e-01
    outer loop
      vertex   -8.574341e+01 6.900000e+01 4.912372e+00
      vertex   -8.574341e+01 7.000000e+01 4.912372e+00
      vertex   -8.508763e+01 6.900000e+01 4.256595e+00
    endloop
  endfacet
  facet normal -7.071068e-01 0.000000e+00 -7.071068e-01
    outer loop
      vertex   -8.508763e+01 6.900000e+01 4.256595e+00
      vertex   -8.574341e+01 7.000000e+01 4.912372e+00
      vertex   -8.508763e+01 7.000000e+01 4.256595e+00
    endloop
  endfacet
  facet normal -8.005412e-01 0.000000e+00 -5.992777e-01
    outer loop
      vertex   -8.508763e+01 6.900000e+01 4.256595e+00
      vertex   -8.508763e+01 7.000000e+01 4.256595e+00
      vertex   -8.453185e+01 6.900000e+01 3.514165e+00
    endloop
  endfacet
  facet normal -8.005412e-01 0.000000e+00 -5.992777e-01
    outer loop
      vertex   -8.453185e+01 6.900000e+01 3.514165e+00
      vertex   -8.508763e+01 7.000000e+01 4.256595e+00
      vertex   -8.453185e+01 7.000000e+01 3.514165e+00
    endloop
  endfacet
  facet normal -8.776790e-01 0.000000e+00 -4.792490e-01
    outer loop
      vertex   -8.453185e+01 6.900000e+01 3.514165e+00
      vertex   -8.453185e+01 7.000000e+01 3.514165e+00
      vertex   -8.408739e+01 6.900000e+01 2.700198e+00
    endloop
  endfacet
  facet normal -8.776790e-01 0.000000e+00 -4.792490e-01
    outer loop
      vertex   -8.408739e+01 6.900000e+01 2.700198e+00
      vertex   -8.453185e+01 7.000000e+01 3.514165e+00
      vertex   -8.408739e+01 7.000000e+01 2.700198e+00
    endloop
  endfacet
  facet normal -9.369497e-01 0.000000e+00 -3.494642e-01
    outer loop
      vertex   -8.408739e+01 6.900000e+01 2.700198e+00
      vertex   -8.408739e+01 7.000000e+01 2.700198e+00
      vertex   -8.376330e+01 6.900000e+01 1.831262e+00
    endloop
  endfacet
  facet normal -9.369497e-01 0.000000e+00 -3.494642e-01
    outer loop
      vertex   -8.376330e+01 6.900000e+01 1.831262e+00
      vertex   -8.408739e+01 7.000000e+01 2.700198e+00
      vertex   -8.376330e+01 7.000000e+01 1.831262e+00
    endloop
  endfacet
  facet normal -9.771469e-01 0.000000e+00 -2.125653e-01
    outer loop
      vertex   -8.376330e+01 6.900000e+01 1.831262e+00
      vertex   -8.376330e+01 7.000000e+01 1.831262e+00
      vertex   -8.356616e+01 6.900000e+01 9.250464e-01
    endloop
  endfacet
  facet normal -9.771469e-01 0.000000e+00 -2.125653e-01
    outer loop
      vertex   -8.356616e+01 6.900000e+01 9.250464e-01
      vertex   -8.376330e+01 7.000000e+01 1.831262e+00
      vertex   -8.356616e+01 7.000000e+01 9.250464e-01
    endloop
  endfacet
  facet normal -9.974521e-01 0.000000e+00 -7.133918e-02
    outer loop
      vertex   -8.356616e+01 6.900000e+01 9.250464e-01
      vertex   -8.356616e+01 7.000000e+01 9.250464e-01
      vertex   -8.350000e+01 6.900000e+01 -4.714890e-15
    endloop
  endfacet
  facet normal -9.974521e-01 0.000000e+00 -7.133918e-02
    outer loop
      vertex   -8.350000e+01 6.900000e+01 -4.714890e-15
      vertex   -8.356616e+01 7.000000e+01 9.250464e-01
      vertex   -8.350000e+01 7.000000e+01 -4.714890e-15
    endloop
  endfacet
  facet normal -9.974521e-01 0.000000e+00 7.133918e-02
    outer loop
      vertex   -8.350000e+01 6.900000e+01 -4.714890e-15
      vertex   -8.350000e+01 7.000000e+01 -4.714890e-15
      vertex   -8.356616e+01 6.900000e+01 -9.250464e-01
    endloop
  endfacet
  facet normal -9.974521e-01 0.000000e+00 7.133918e-02
    outer loop
      vertex   -8.356616e+01 6.900000e+01 -9.250464e-01
      vertex   -8.350000e+01 7.000000e+01 -4.714890e-15
      vertex   -8.356616e+01 7.000000e+01 -9.250464e-01
    endloop
  endfacet
  facet normal -9.771469e-01 0.000000e+00 2.125653e-01
    outer loop
      vertex   -8.356616e+01 6.900000e+01 -9.250464e-01
      vertex   -8.356616e+01 7.000000e+01 -9.250464e-01
      vertex   -8.376330e+01 6.900000e+01 -1.831262e+00
    endloop
  endfacet
  facet normal -9.771469e-01 0.000000e+00 2.125653e-01
    outer loop
      vertex   -8.376330e+01 6.900000e+01 -1.831262e+00
      vertex   -8.356616e+01 7.000000e+01 -9.250464e-01
      vertex   -8.376330e+01 7.000000e+01 -1.831262e+00
    endloop
  endfacet
  facet normal -9.369497e-01 0.000000e+00 3.494642e-01
    outer loop
      vertex   -8.376330e+01 6.900000e+01 -1.831262e+00
      vertex   -8.376330e+01 7.000000e+01 -1.831262e+00
      vertex   -8.408739e+01 6.900000e+01 -2.700198e+00
    endloop
  endfacet
  facet normal -9.369497e-01 0.000000e+00 3.494642e-01
    outer loop
      vertex   -8.408739e+01 6.900000e+01 -2.700198e+00
      vertex   -8.376330e+01 7.000000e+01 -1.831262e+00
      vertex   -8.408739e+01 7.000000e+01 -2.700198e+00
    endloop
  endfacet
  facet normal -8.776790e-01 0.000000e+00 4.792490e-01
    outer loop
      vertex   -8.408739e+01 6.900000e+01 -2.700198e+00
      vertex   -8.408739e+01 7.000000e+01 -2.700198e+00
      vertex   -8.453185e+01 6.900000e+01 -3.514165e+00
    endloop
  endfacet
  facet normal -8.776790e-01 0.000000e+00 4.792490e-01
    outer loop
      vertex   -8.453185e+01 6.900000e+01 -3.514165e+00
      vertex   -8.408739e+01 7.000000e+01 -2.700198e+00
      vertex   -8.453185e+01 7.000000e+01 -3.514165e+00
    endloop
  endfacet
  facet normal -8.005412e-01 0.000000e+00 5.992777e-01
    outer loop
      vertex   -8.453185e+01 6.900000e+01 -3.514165e+00
      vertex   -8.453185e+01 7.000000e+01 -3.514165e+00
      vertex   -8.508763e+01 6.900000e+01 -4.256595e+00
    endloop
  endfacet
  facet normal -8.005412e-01 0.000000e+00 5.992777e-01
    outer loop
      vertex   -8.508763e+01 6.900000e+01 -4.256595e+00
      vertex   -8.453185e+01 7.000000e+01 -3.514165e+00
      vertex   -8.508763e+01 7.000000e+01 -4.256595e+00
    endloop
  endfacet
  facet normal -7.071068e-01 0.000000e+00 7.071068e-01
    outer loop
      vertex   -8.508763e+01 6.900000e+01 -4.256595e+00
      vertex   -8.508763e+01 7.000000e+01 -4.256595e+00
      vertex   -8.574341e+01 6.900000e+01 -4.912372e+00
    endloop
  endfacet
  facet normal -7.071068e-01 0.000000e+00 7.071068e-01
    outer loop
      vertex   -8.574341e+01 6.900000e+01 -4.912372e+00
      vertex   -8.508763e+01 7.000000e+01 -4.256595e+00
      vertex   -8.574341e+01 7.000000e+01 -4.912372e+00
    endloop
  endfacet
  facet normal -5.992777e-01 0.000000e+00 8.005412e-01
    outer loop
      vertex   -8.574341e+01 6.900000e+01 -4.912372e+00
      vertex   -8.574341e+01 7.000000e+01 -4.912372e+00
      vertex   -8.648583e+01 6.900000e+01 -5.468148e+00
    endloop
  endfacet
  facet normal -5.992777e-01 0.000000e+00 8.005412e-01
    outer loop
      vertex   -8.648583e+01 6.900000e+01 -5.468148e+00
      vertex   -8.574341e+01 7.000000e+01 -4.912372e+00
      vertex   -8.648583e+01 7.000000e+01 -5.468148e+00
    endloop
  endfacet
  facet normal -4.792490e-01 0.000000e+00 8.776790e-01
    outer loop
      vertex   -8.648583e+01 6.900000e+01 -5.468148e+00
      vertex   -8.648583e+01 7.000000e+01 -5.468148e+00
      vertex   -8.729980e+01 6.900000e+01 -5.912608e+00
    endloop
  endfacet
  facet normal -4.792490e-01 0.000000e+00 8.776790e-01
    outer loop
      vertex   -8.729980e+01 6.900000e+01 -5.912608e+00
      vertex   -8.648583e+01 7.000000e+01 -5.468148e+00
      vertex   -8.729980e+01 7.000000e+01 -5.912608e+00
    endloop
  endfacet
  facet normal -3.494642e-01 0.000000e+00 9.369497e-01
    outer loop
      vertex   -8.729980e+01 6.900000e+01 -5.912608e+00
      vertex   -8.729980e+01 7.000000e+01 -5.912608e+00
      vertex   -8.816874e+01 6.900000e+01 -6.236704e+00
    endloop
  endfacet
  facet normal -3.494642e-01 0.000000e+00 9.369497e-01
    outer loop
      vertex   -8.816874e+01 6.900000e+01 -6.236704e+00
      vertex   -8.729980e+01 7.000000e+01 -5.912608e+00
      vertex   -8.816874e+01 7.000000e+01 -6.236704e+00
    endloop
  endfacet
  facet normal -2.125653e-01 0.000000e+00 9.771469e-01
    outer loop
      vertex   -8.816874e+01 6.900000e+01 -6.236704e+00
      vertex   -8.816874e+01 7.000000e+01 -6.236704e+00
      vertex   -8.907495e+01 6.900000e+01 -6.433839e+00
    endloop
  endfacet
  facet normal -2.125653e-01 0.000000e+00 9.771469e-01
    outer loop
      vertex   -8.907495e+01 6.900000e+01 -6.433839e+00
      vertex   -8.816874e+01 7.000000e+01 -6.236704e+00
      vertex   -8.907495e+01 7.000000e+01 -6.433839e+00
    endloop
  endfacet
  facet normal -0.000000e+00 1.000000e+00 0.000000e+00
    outer loop
      vertex   -9.092505e+01 6.900000e+01 -6.433839e+00
      vertex   -9.092505e+01 6.900000e+01 6.433839e+00
      vertex   -9.000000e+01 6.900000e+01 -6.500000e+00
    endloop
  endfacet
  facet normal 0.000000e+00 1.000000e+00 -0.000000e+00
    outer loop
      vertex   -9.000000e+01 6.900000e+01 -6.500000e+00
      vertex   -9.092505e+01 6.900000e+01 6.433839e+00
      vertex   -9.000000e+01 6.900000e+01 6.500000e+00
    endloop
  endfacet
  facet normal 0.000000e+00 1.000000e+00 0.000000e+00
    outer loop
      vertex   -9.000000e+01 6.900000e+01 -6.500000e+00
      vertex   -9.000000e+01 6.900000e+01 6.500000e+00
      vertex   -8.907495e+01 6.900000e+01 -6.433839e+00
    endloop
  endfacet
  facet normal 0.000000e+00 1.000000e+00 -0.000000e+00
    outer loop
      vertex   -8.907495e+01 6.900000e+01 -6.433839e+00
      vertex   -9.000000e+01 6.900000e+01 6.500000e+00
      vertex   -8.907495e+01 6.900000e+01 6.433839e+00
    endloop
  endfacet
  facet normal 0.000000e+00 1.000000e+00 0.000000e+00
    outer loop
      vertex   -8.907495e+01 6.900000e+01 -6.433839e+00
      vertex   -8.907495e+01 6.900000e+01 6.433839e+00
      vertex   -8.816874e+01 6.900000e+01 -6.236704e+00
    endloop
  endfacet
  facet normal 0.000000e+00 1.000000e+00 -0.000000e+00
    outer loop
      vertex   -8.816874e+01 6.900000e+01 -6.236704e+00
      vertex   -8.907495e+01 6.900000e+01 6.433839e+00
      vertex   -8.816874e+01 6.900000e+01 6.236704e+00
    endloop
  endfacet
  facet normal 0.000000e+00 1.000000e+00 0.000000e+00
    outer loop
      vertex   -8.816874e+01 6.900000e+01 -6.236704e+00
      vertex   -8.816874e+01 6.900000e+01 6.236704e+00
      vertex   -8.729980e+01 6.900000e+01 -5.912608e+00
    endloop
  endfacet
  facet normal 0.000000e+00 1.000000e+00 -0.000000e+00
    outer loop
      vertex   -8.729980e+01 6.900000e+01 -5.912608e+00
      vertex   -8.816874e+01 6.900000e+01 6.236704e+00
      vertex   -8.729980e+01 6.900000e+01 5.912608e+00
    endloop
  endfacet
  facet normal 0.000000e+00 1.000000e+00 0.000000e+00
    outer loop
      vertex   -8.729980e+01 6.900000e+01 -5.912608e+00
      vertex   -8.729980e+01 6.900000e+01 5.912608e+00
      vertex   -8.648583e+01 6.900000e+01 -5.468148e+00
    endloop
  endfacet
  facet normal 0.000000e+00 1.000000e+00 -0.000000e+00
    outer loop
      vertex   -8.648583e+01 6.900000e+01 -5.468148e+00
      vertex   -8.729980e+01 6.900000e+01 5.912608e+00
      vertex   -8.648583e+01 6.900000e+01 5.468148e+00
    endloop
  endfacet
  facet normal 0.000000e+00 1.000000e+00 0.000000e+00
    outer loop
      vertex   -8.648583e+01 6.900000e+01 -5.468148e+00
      vertex   -8.648583e+01 6.900000e+01 5.468148e+00
      vertex   -8.574341e+01 6.900000e+01 -4.912372e+00
    endloop
  endfacet
  facet normal 0.000000e+00 1.000000e+00 -0.000000e+00
    outer loop
      vertex   -8.574341e+01 6.900000e+01 -4.912372e+00
      vertex   -8.648583e+01 6.900000e+01 5.468148e+00
      vertex   -8.574341e+01 6.900000e+01 4.912372e+00
    endloop
  endfacet
  facet normal 0.000000e+00 1.000000e+00 0.000000e+00
    outer loop
      vertex   -8.574341e+01 6.900000e+01 -4.912372e+00
      vertex   -8.574341e+01 6.900000e+01 4.912372e+00
      vertex   -8.508763e+01 6.900000e+01 -4.256595e+00
    endloop
  endfacet
  facet normal 0.000000e+00 1.000000e+00 -0.000000e+00
    outer loop
      vertex   -8.508763e+01 6.900000e+01 -4.256595e+00
      vertex   -8.574341e+01 6.900000e+01 4.912372e+00
      vertex   -8.508763e+01 6.900000e+01 4.256595e+00
    endloop
  endfacet
  facet normal 0.000000e+00 1.000000e+00 0.000000e+00
    outer loop
      vertex   -8.508763e+01 6.900000e+01 -4.256595e+00
      vertex   -8.508763e+01 6.900000e+01 4.256595e+00
      vertex   -8.453185e+01 6.900000e+01 -3.514165e+00
    endloop
  endfacet
  facet normal 0.000000e+00 1.000000e+00 -0.000000e+00
    outer loop
      vertex   -8.453185e+01 6.900000e+01 -3.514165e+00
      vertex   -8.508763e+01 6.900000e+01 4.256595e+00
      vertex   -8.453185e+01 6.900000e+01 3.514165e+00
    endloop
  endfacet
  facet normal 0.000000e+00 1.000000e+00 0.000000e+00
    outer loop
      vertex   -8.453185e+01 6.900000e+01 -3.514165e+00
      vertex   -8.453185e+01 6.900000e+01 3.514165e+00
      vertex   -8.408739e+01 6.900000e+01 -2.700198e+00
    endloop
  endfacet
  facet normal 0.000000e+00 1.000000e+00 -0.000000e+00
    outer loop
      vertex   -8.408739e+01 6.900000e+01 -2.700198e+00
      vertex   -8.453185e+01 6.900000e+01 3.514165e+00
      vertex   -8.408739e+01 6.900000e+01 2.700198e+00
    endloop
  endfacet
  facet normal 0.000000e+00 1.000000e+00 0.000000e+00
    outer loop
      vertex   -8.408739e+01 6.900000e+01 -2.700198e+00
      vertex   -8.408739e+01 6.900000e+01 2.700198e+00
      vertex   -8.376330e+01 6.900000e+01 -1.831262e+00
    endloop
  endfacet
  facet normal 0.000000e+00 1.000000e+00 -0.000000e+00
    outer loop
      vertex   -8.376330e+01 6.900000e+01 -1.831262e+00
      vertex   -8.408739e+01 6.900000e+01 2.700198e+00
      vertex   -8.376330e+01 6.900000e+01 1.831262e+00
    endloop
  endfacet
  facet normal 0.000000e+00 1.000000e+00 0.000000e+00
    outer loop
      vertex   -8.376330e+01 6.900000e+01 -1.831262e+00
      vertex   -8.376330e+01 6.900000e+01 1.831262e+00
      vertex   -8.356616e+01 6.900000e+01 -9.250464e-01
    endloop
  endfacet
  facet normal 0.000000e+00 1.000000e+00 -0.000000e+00
    outer loop
      vertex   -8.356616e+01 6.900000e+01 -9.250464e-01
      vertex   -8.376330e+01 6.900000e+01 1.831262e+00
      vertex   -8.356616e+01 6.900000e+01 9.250464e-01
    endloop
  endfacet
  facet normal 0.000000e+00 1.000000e+00 0.000000e+00
    outer loop
      vertex   -8.356616e+01 6.900000e+01 -9.250464e-01
      vertex   -8.356616e+01 6.900000e+01 9.250464e-01
      vertex   -8.350000e+01 6.900000e+01 -4.714890e-15
    endloop
  endfacet
  facet normal 0.000000e+00 1.000000e+00 0.000000e+00
    outer loop
      vertex   -9.092505e+01 6.900000e+01 6.433839e+00
      vertex   -9.092505e+01 6.900000e+01 -6.433839e+00
      vertex   -9.183126e+01 6.900000e+01 6.236704e+00
    endloop
  endfacet
  facet normal 0.000000e+00 1.000000e+00 0.000000e+00
    outer loop
      vertex   -9.183126e+01 6.900000e+01 6.236704e+00
      vertex   -9.092505e+01 6.900000e+01 -6.433839e+00
      vertex   -9.183126e+01 6.900000e+01 -6.236704e+00
    endloop
  endfacet
  facet normal 0.000000e+00 1.000000e+00 0.000000e+00
    outer loop
      vertex   -9.183126e+01 6.900000e+01 6.236704e+00
      vertex   -9.183126e+01 6.900000e+01 -6.236704e+00
      vertex   -9.270020e+01 6.900000e+01 5.912608e+00
    endloop
  endfacet
  facet normal 0.000000e+00 1.000000e+00 0.000000e+00
    outer loop
      vertex   -9.270020e+01 6.900000e+01 5.912608e+00
      vertex   -9.183126e+01 6.900000e+01 -6.236704e+00
      vertex   -9.270020e+01 6.900000e+01 -5.912608e+00
    endloop
  endfacet
  facet normal 0.000000e+00 1.000000e+00 0.000000e+00
    outer loop
      vertex   -9.270020e+01 6.900000e+01 5.912608e+00
      vertex   -9.270020e+01 6.900000e+01 -5.912608e+00
      vertex   -9.351417e+01 6.900000e+01 5.468148e+00
    endloop
  endfacet
  facet normal 0.000000e+00 1.000000e+00 0.000000e+00
    outer loop
      vertex   -9.351417e+01 6.900000e+01 5.468148e+00
      vertex   -9.270020e+01 6.900000e+01 -5.912608e+00
      vertex   -9.351417e+01 6.900000e+01 -5.468148e+00
    endloop
  endfacet
  facet normal 0.000000e+00 1.000000e+00 0.000000e+00
    outer loop
      vertex   -9.351417e+01 6.900000e+01 5.468148e+00
      vertex   -9.351417e+01 6.900000e+01 -5.468148e+00
      vertex   -9.425659e+01 6.900000e+01 4.912372e+00
    endloop
  endfacet
  facet normal 0.000000e+00 1.000000e+00 0.000000e+00
    outer loop
      vertex   -9.425659e+01 6.900000e+01 4.912372e+00
      vertex   -9.351417e+01 6.900000e+01 -5.468148e+00
      vertex   -9.425659e+01 6.900000e+01 -4.912372e+00
    endloop
  endfacet
  facet normal 0.000000e+00 1.000000e+00 0.000000e+00
    outer loop
      vertex   -9.425659e+01 6.900000e+01 4.912372e+00
      vertex   -9.425659e+01 6.900000e+01 -4.912372e+00
      vertex   -9.491237e+01 6.900000e+01 4.256595e+00
    endloop
  endfacet
  facet normal 0.000000e+00 1.000000e+00 0.000000e+00
    outer loop
      vertex   -9.491237e+01 6.900000e+01 4.256595e+00
      vertex   -9.425659e+01 6.900000e+01 -4.912372e+00
      vertex   -9.491237e+01 6.900000e+01 -4.256595e+00
    endloop
  endfacet
  facet normal 0.000000e+00 1.000000e+00 0.000000e+00
    outer loop
      vertex   -9.491237e+01 6.900000e+01 4.256595e+00
      vertex   -9.491237e+01 6.900000e+01 -4.256595e+00
      vertex   -9.546815e+01 6.900000e+01 3.514165e+00
    endloop
  endfacet
  facet normal 0.000000e+00 1.000000e+00 0.000000e+00
    outer loop
      vertex   -9.546815e+01 6.900000e+01 3.514165e+00
      vertex   -9.491237e+01 6.900000e+01 -4.256595e+00
      vertex   -9.546815e+01 6.900000e+01 -3.514165e+00
    endloop
  endfacet
  facet normal 0.000000e+00 1.000000e+00 0.000000e+00
    outer loop
      vertex   -9.546815e+01 6.900000e+01 3.514165e+00
      vertex   -9.546815e+01 6.900000e+01 -3.514165e+00
      vertex   -9.591261e+01 6.900000e+01 2.700198e+00
    endloop
  endfacet
  facet normal 0.000000e+00 1.000000e+00 0.000000e+00
    outer loop
      vertex   -9.591261e+01 6.900000e+01 2.700198e+00
      vertex   -9.546815e+01 6.900000e+01 -3.514165e+00
      vertex   -9.591261e+01 6.900000e+01 -2.700198e+00
    endloop
  endfacet
  facet normal 0.000000e+00 1.000000e+00 0.000000e+00
    outer loop
      vertex   -9.591261e+01 6.900000e+01 2.700198e+00
      vertex   -9.591261e+01 6.900000e+01 -2.700198e+00
      vertex   -9.623670e+01 6.900000e+01 1.831262e+00
    endloop
  endfacet
  facet normal 0.000000e+00 1.000000e+00 0.000000e+00
    outer loop
      vertex   -9.623670e+01 6.900000e+01 1.831262e+00
      vertex   -9.591261e+01 6.900000e+01 -2.700198e+00
      vertex   -9.623670e+01 6.900000e+01 -1.831262e+00
    endloop
  endfacet
  facet normal 0.000000e+00 1.000000e+00 0.000000e+00
    outer loop
      vertex   -9.623670e+01 6.900000e+01 1.831262e+00
      vertex   -9.623670e+01 6.900000e+01 -1.831262e+00
      vertex   -9.643384e+01 6.900000e+01 9.250464e-01
    endloop
  endfacet
  facet normal 0.000000e+00 1.000000e+00 0.000000e+00
    outer loop
      vertex   -9.643384e+01 6.900000e+01 9.250464e-01
      vertex   -9.623670e+01 6.900000e+01 -1.831262e+00
      vertex   -9.643384e+01 6.900000e+01 -9.250464e-01
    endloop
  endfacet
  facet normal 0.000000e+00 1.000000e+00 0.000000e+00
    outer loop
      vertex   -9.643384e+01 6.900000e+01 9.250464e-01
      vertex   -9.643384e+01 6.900000e+01 -9.250464e-01
      vertex   -9.650000e+01 6.900000e+01 -5.510911e-15
    endloop
  endfacet
  facet normal -4.687226e-02 0.000000e+00 9.989009e-01
    outer loop
      vertex   -9.140462e+01 7.000000e+01 1.493409e+01
      vertex   -9.140462e+01 4.666667e+01 1.493409e+01
      vertex   -9.000000e+01 7.000000e+01 1.500000e+01
    endloop
  endfacet
  facet normal -4.687226e-02 0.000000e+00 9.989009e-01
    outer loop
      vertex   -9.000000e+01 7.000000e+01 1.500000e+01
      vertex   -9.140462e+01 4.666667e+01 1.493409e+01
      vertex   -9.000000e+01 4.666667e+01 1.500000e+01
    endloop
  endfacet
  facet normal 4.687226e-02 0.000000e+00 9.989009e-01
    outer loop
      vertex   -9.000000e+01 7.000000e+01 1.500000e+01
      vertex   -9.000000e+01 4.666667e+01 1.500000e+01
      vertex   -8.859538e+01 7.000000e+01 1.493409e+01
    endloop
  endfacet
  facet normal 4.687226e-02 0.000000e+00 9.989009e-01
    outer loop
      vertex   -8.859538e+01 7.000000e+01 1.493409e+01
      vertex   -9.000000e+01 4.666667e+01 1.500000e+01
      vertex   -8.859538e+01 4.666667e+01 1.493409e+01
    endloop
  endfacet
  facet normal 1.402049e-01 0.000000e+00 9.901225e-01
    outer loop
      vertex   -8.859538e+01 7.000000e+01 1.493409e+01
      vertex   -8.859538e+01 4.666667e+01 1.493409e+01
      vertex   -8.720310e+01 7.000000e+01 1.473694e+01
    endloop
  endfacet
  facet normal 1.402049e-01 0.000000e+00 9.901225e-01
    outer loop
      vertex   -8.720310e+01 7.000000e+01 1.473694e+01
      vertex   -8.859538e+01 4.666667e+01 1.493409e+01
      vertex   -8.720310e+01 4.666667e+01 1.473694e+01
    endloop
  endfacet
  facet normal 2.323054e-01 0.000000e+00 9.726429e-01
    outer loop
      vertex   -8.720310e+01 7.000000e+01 1.473694e+01
      vertex   -8.720310e+01 4.666667e+01 1.473694e+01
      vertex   -8.583540e+01 7.000000e+01 1.441028e+01
    endloop
  endfacet
  facet normal 2.323054e-01 -7.404689e-17 9.726429e-01
    outer loop
      vertex   -8.583540e+01 7.000000e+01 1.441028e+01
      vertex   -8.720310e+01 4.666667e+01 1.473694e+01
      vertex   -8.583540e+01 4.666667e+01 1.441028e+01
    endloop
  endfacet
  facet normal 3.223643e-01 -7.206545e-17 9.466157e-01
    outer loop
      vertex   -8.583540e+01 7.000000e+01 1.441028e+01
      vertex   -8.583540e+01 4.666667e+01 1.441028e+01
      vertex   -8.450430e+01 7.000000e+01 1.395698e+01
    endloop
  endfacet
  facet normal 3.223643e-01 0.000000e+00 9.466157e-01
    outer loop
      vertex   -8.450430e+01 7.000000e+01 1.395698e+01
      vertex   -8.583540e+01 4.666667e+01 1.441028e+01
      vertex   -8.450430e+01 4.666667e+01 1.395698e+01
    endloop
  endfacet
  facet normal 4.095904e-01 0.000000e+00 9.122696e-01
    outer loop
      vertex   -8.450430e+01 7.000000e+01 1.395698e+01
      vertex   -8.450430e+01 4.666667e+01 1.395698e+01
      vertex   -8.322150e+01 7.000000e+01 1.338103e+01
    endloop
  endfacet
  facet normal 4.095904e-01 -2.494555e-16 9.122696e-01
    outer loop
      vertex   -8.322150e+01 7.000000e+01 1.338103e+01
      vertex   -8.450430e+01 4.666667e+01 1.395698e+01
      vertex   -8.322150e+01 4.666667e+01 1.338103e+01
    endloop
  endfacet
  facet normal 4.932169e-01 -3.003872e-16 8.699064e-01
    outer loop
      vertex   -8.322150e+01 7.000000e+01 1.338103e+01
      vertex   -8.322150e+01 4.666667e+01 1.338103e+01
      vertex   -8.199826e+01 7.000000e+01 1.268748e+01
    endloop
  endfacet
  facet normal 4.932169e-01 6.622561e-17 8.699064e-01
    outer loop
      vertex   -8.199826e+01 7.000000e+01 1.268748e+01
      vertex   -8.322150e+01 4.666667e+01 1.338103e+01
      vertex   -8.199826e+01 4.666667e+01 1.268748e+01
    endloop
  endfacet
  facet normal 5.725090e-01 6.241852e-17 8.198984e-01
    outer loop
      vertex   -8.199826e+01 7.000000e+01 1.268748e+01
      vertex   -8.199826e+01 4.666667e+01 1.268748e+01
      vertex   -8.084535e+01 7.000000e+01 1.188244e+01
    endloop
  endfacet
  facet normal 5.725090e-01 0.000000e+00 8.198984e-01
    outer loop
      vertex   -8.084535e+01 7.000000e+01 1.188244e+01
      vertex   -8.199826e+01 4.666667e+01 1.268748e+01
      vertex   -8.084535e+01 4.666667e+01 1.188244e+01
    endloop
  endfacet
  facet normal 6.467699e-01 0.000000e+00 7.626852e-01
    outer loop
      vertex   -8.084535e+01 7.000000e+01 1.188244e+01
      vertex   -8.084535e+01 4.666667e+01 1.188244e+01
      vertex   -7.977288e+01 7.000000e+01 1.097297e+01
    endloop
  endfacet
  facet normal 6.467699e-01 0.000000e+00 7.626852e-01
    outer loop
      vertex   -7.977288e+01 7.000000e+01 1.097297e+01
      vertex   -8.084535e+01 4.666667e+01 1.188244e+01
      vertex   -7.977288e+01 4.666667e+01 1.097297e+01
    endloop
  endfacet
  facet normal 7.153470e-01 0.000000e+00 6.987694e-01
    outer loop
      vertex   -7.977288e+01 7.000000e+01 1.097297e+01
      vertex   -7.977288e+01 4.666667e+01 1.097297e+01
      vertex   -7.879030e+01 7.000000e+01 9.967072e+00
    endloop
  endfacet
  facet normal 7.153470e-01 -2.760814e-16 6.987694e-01
    outer loop
      vertex   -7.879030e+01 7.000000e+01 9.967072e+00
      vertex   -7.977288e+01 4.666667e+01 1.097297e+01
      vertex   -7.879030e+01 4.666667e+01 9.967072e+00
    endloop
  endfacet
  facet normal 7.776375e-01 -3.300188e-16 6.287129e-01
    outer loop
      vertex   -7.879030e+01 7.000000e+01 9.967072e+00
      vertex   -7.879030e+01 4.666667e+01 9.967072e+00
      vertex   -7.790622e+01 7.000000e+01 8.873583e+00
    endloop
  endfacet
  facet normal 7.776375e-01 0.000000e+00 6.287129e-01
    outer loop
      vertex   -7.790622e+01 7.000000e+01 8.873583e+00
      vertex   -7.879030e+01 4.666667e+01 9.967072e+00
      vertex   -7.790622e+01 4.666667e+01 8.873583e+00
    endloop
  endfacet
  facet normal 8.330942e-01 0.000000e+00 5.531312e-01
    outer loop
      vertex   -7.790622e+01 7.000000e+01 8.873583e+00
      vertex   -7.790622e+01 4.666667e+01 8.873583e+00
      vertex   -7.712842e+01 7.000000e+01 7.702113e+00
    endloop
  endfacet
  facet normal 8.330942e-01 0.000000e+00 5.531312e-01
    outer loop
      vertex   -7.712842e+01 7.000000e+01 7.702113e+00
      vertex   -7.790622e+01 4.666667e+01 8.873583e+00
      vertex   -7.712842e+01 4.666667e+01 7.702113e+00
    endloop
  endfacet
  facet normal 8.812296e-01 0.000000e+00 4.726885e-01
    outer loop
      vertex   -7.712842e+01 7.000000e+01 7.702113e+00
      vertex   -7.712842e+01 4.666667e+01 7.702113e+00
      vertex   -7.646375e+01 7.000000e+01 6.462956e+00
    endloop
  endfacet
  facet normal 8.812296e-01 0.000000e+00 4.726885e-01
    outer loop
      vertex   -7.646375e+01 7.000000e+01 6.462956e+00
      vertex   -7.712842e+01 4.666667e+01 7.702113e+00
      vertex   -7.646375e+01 4.666667e+01 6.462956e+00
    endloop
  endfacet
  facet normal 9.216207e-01 0.000000e+00 3.880919e-01
    outer loop
      vertex   -7.646375e+01 7.000000e+01 6.462956e+00
      vertex   -7.646375e+01 4.666667e+01 6.462956e+00
      vertex   -7.591802e+01 7.000000e+01 5.167003e+00
    endloop
  endfacet
  facet normal 9.216207e-01 0.000000e+00 3.880919e-01
    outer loop
      vertex   -7.591802e+01 7.000000e+01 5.167003e+00
      vertex   -7.646375e+01 4.666667e+01 6.462956e+00
      vertex   -7.591802e+01 4.666667e+01 5.167003e+00
    endloop
  endfacet
  facet normal 9.539126e-01 0.000000e+00 3.000846e-01
    outer loop
      vertex   -7.591802e+01 7.000000e+01 5.167003e+00
      vertex   -7.591802e+01 4.666667e+01 5.167003e+00
      vertex   -7.549605e+01 7.000000e+01 3.825642e+00
    endloop
  endfacet
  facet normal 9.539126e-01 0.000000e+00 3.000846e-01
    outer loop
      vertex   -7.549605e+01 7.000000e+01 3.825642e+00
      vertex   -7.591802e+01 4.666667e+01 5.167003e+00
      vertex   -7.549605e+01 4.666667e+01 3.825642e+00
    endloop
  endfacet
  facet normal 9.778214e-01 0.000000e+00 2.094403e-01
    outer loop
      vertex   -7.549605e+01 7.000000e+01 3.825642e+00
      vertex   -7.549605e+01 4.666667e+01 3.825642e+00
      vertex   -7.520155e+01 7.000000e+01 2.450660e+00
    endloop
  endfacet
  facet normal 9.778214e-01 0.000000e+00 2.094403e-01
    outer loop
      vertex   -7.520155e+01 7.000000e+01 2.450660e+00
      vertex   -7.549605e+01 4.666667e+01 3.825642e+00
      vertex   -7.520155e+01 4.666667e+01 2.450660e+00
    endloop
  endfacet
  facet normal 9.931372e-01 0.000000e+00 1.169553e-01
    outer loop
      vertex   -7.520155e+01 7.000000e+01 2.450660e+00
      vertex   -7.520155e+01 4.666667e+01 2.450660e+00
      vertex   -7.503709e+01 7.000000e+01 1.054143e+00
    endloop
  endfacet
  facet normal 9.931372e-01 1.669455e-17 1.169553e-01
    outer loop
      vertex   -7.503709e+01 7.000000e+01 1.054143e+00
      vertex   -7.520155e+01 4.666667e+01 2.450660e+00
      vertex   -7.503709e+01 4.666667e+01 1.054143e+00
    endloop
  endfacet
  facet normal 9.997252e-01 3.346262e-18 2.344257e-02
    outer loop
      vertex   -7.503709e+01 7.000000e+01 1.054143e+00
      vertex   -7.503709e+01 4.666667e+01 1.054143e+00
      vertex   -7.500412e+01 7.000000e+01 -3.516386e-01
    endloop
  endfacet
  facet normal 9.997252e-01 0.000000e+00 2.344257e-02
    outer loop
      vertex   -7.500412e+01 7.000000e+01 -3.516386e-01
      vertex   -7.503709e+01 4.666667e+01 1.054143e+00
      vertex   -7.500412e+01 4.666667e+01 -3.516386e-01
    endloop
  endfacet
  facet normal 9.975276e-01 0.000000e+00 -7.027619e-02
    outer loop
      vertex   -7.500412e+01 7.000000e+01 -3.516386e-01
      vertex   -7.500412e+01 4.666667e+01 -3.516386e-01
      vertex   -7.510294e+01 7.000000e+01 -1.754330e+00
    endloop
  endfacet
  facet normal 9.975276e-01 0.000000e+00 -7.027619e-02
    outer loop
      vertex   -7.510294e+01 7.000000e+01 -1.754330e+00
      vertex   -7.500412e+01 4.666667e+01 -3.516386e-01
      vertex   -7.510294e+01 4.666667e+01 -1.754330e+00
    endloop
  endfacet
  facet normal 9.865637e-01 0.000000e+00 -1.633774e-01
    outer loop
      vertex   -7.510294e+01 7.000000e+01 -1.754330e+00
      vertex   -7.510294e+01 4.666667e+01 -1.754330e+00
      vertex   -7.533268e+01 7.000000e+01 -3.141604e+00
    endloop
  endfacet
  facet normal 9.865637e-01 0.000000e+00 -1.633774e-01
    outer loop
      vertex   -7.533268e+01 7.000000e+01 -3.141604e+00
      vertex   -7.510294e+01 4.666667e+01 -1.754330e+00
      vertex   -7.533268e+01 4.666667e+01 -3.141604e+00
    endloop
  endfacet
  facet normal 9.669298e-01 0.000000e+00 -2.550428e-01
    outer loop
      vertex   -7.533268e+01 7.000000e+01 -3.141604e+00
      vertex   -7.533268e+01 4.666667e+01 -3.141604e+00
      vertex   -7.569131e+01 7.000000e+01 -4.501270e+00
    endloop
  endfacet
  facet normal 9.669298e-01 -2.912445e-17 -2.550428e-01
    outer loop
      vertex   -7.569131e+01 7.000000e+01 -4.501270e+00
      vertex   -7.533268e+01 4.666667e+01 -3.141604e+00
      vertex   -7.569131e+01 4.666667e+01 -4.501270e+00
    endloop
  endfacet
  facet normal 9.387985e-01 -3.933617e-17 -3.444669e-01
    outer loop
      vertex   -7.569131e+01 7.000000e+01 -4.501270e+00
      vertex   -7.569131e+01 4.666667e+01 -4.501270e+00
      vertex   -7.617569e+01 7.000000e+01 -5.821378e+00
    endloop
  endfacet
  facet normal 9.387985e-01 0.000000e+00 -3.444669e-01
    outer loop
      vertex   -7.617569e+01 7.000000e+01 -5.821378e+00
      vertex   -7.569131e+01 4.666667e+01 -4.501270e+00
      vertex   -7.617569e+01 4.666667e+01 -5.821378e+00
    endloop
  endfacet
  facet normal 9.024170e-01 0.000000e+00 -4.308637e-01
    outer loop
      vertex   -7.617569e+01 7.000000e+01 -5.821378e+00
      vertex   -7.617569e+01 4.666667e+01 -5.821378e+00
      vertex   -7.678156e+01 7.000000e+01 -7.090328e+00
    endloop
  endfacet
  facet normal 9.024170e-01 4.920221e-17 -4.308637e-01
    outer loop
      vertex   -7.678156e+01 7.000000e+01 -7.090328e+00
      vertex   -7.617569e+01 4.666667e+01 -5.821378e+00
      vertex   -7.678156e+01 4.666667e+01 -7.090328e+00
    endloop
  endfacet
  facet normal 8.581050e-01 5.863586e-17 -5.134742e-01
    outer loop
      vertex   -7.678156e+01 7.000000e+01 -7.090328e+00
      vertex   -7.678156e+01 4.666667e+01 -7.090328e+00
      vertex   -7.750359e+01 7.000000e+01 -8.296967e+00
    endloop
  endfacet
  facet normal 8.581050e-01 -7.818115e-17 -5.134742e-01
    outer loop
      vertex   -7.750359e+01 7.000000e+01 -8.296967e+00
      vertex   -7.678156e+01 4.666667e+01 -7.090328e+00
      vertex   -7.750359e+01 4.666667e+01 -8.296967e+00
    endloop
  endfacet
  facet normal 8.062520e-01 -9.007229e-17 -5.915722e-01
    outer loop
      vertex   -7.750359e+01 7.000000e+01 -8.296967e+00
      vertex   -7.750359e+01 4.666667e+01 -8.296967e+00
      vertex   -7.833544e+01 7.000000e+01 -9.430693e+00
    endloop
  endfacet
  facet normal 8.062520e-01 4.503614e-17 -5.915722e-01
    outer loop
      vertex   -7.833544e+01 7.000000e+01 -9.430693e+00
      vertex   -7.750359e+01 4.666667e+01 -8.296967e+00
      vertex   -7.833544e+01 4.666667e+01 -9.430693e+00
    endloop
  endfacet
  facet normal 7.473136e-01 5.058593e-17 -6.644715e-01
    outer loop
      vertex   -7.833544e+01 7.000000e+01 -9.430693e+00
      vertex   -7.833544e+01 4.666667e+01 -9.430693e+00
      vertex   -7.926980e+01 7.000000e+01 -1.048154e+01
    endloop
  endfacet
  facet normal 7.473136e-01 5.058593e-17 -6.644715e-01
    outer loop
      vertex   -7.926980e+01 7.000000e+01 -1.048154e+01
      vertex   -7.833544e+01 4.666667e+01 -9.430693e+00
      vertex   -7.926980e+01 4.666667e+01 -1.048154e+01
    endloop
  endfacet
  facet normal 6.818078e-01 5.569117e-17 -7.315313e-01
    outer loop
      vertex   -7.926980e+01 7.000000e+01 -1.048154e+01
      vertex   -7.926980e+01 4.666667e+01 -1.048154e+01
      vertex   -8.029845e+01 7.000000e+01 -1.144028e+01
    endloop
  endfacet
  facet normal 6.818078e-01 5.569117e-17 -7.315313e-01
    outer loop
      vertex   -8.029845e+01 7.000000e+01 -1.144028e+01
      vertex   -7.926980e+01 4.666667e+01 -1.048154e+01
      vertex   -8.029845e+01 4.666667e+01 -1.144028e+01
    endloop
  endfacet
  facet normal 6.103103e-01 6.030700e-17 -7.921625e-01
    outer loop
      vertex   -8.029845e+01 7.000000e+01 -1.144028e+01
      vertex   -8.029845e+01 4.666667e+01 -1.144028e+01
      vertex   -8.141236e+01 7.000000e+01 -1.229848e+01
    endloop
  endfacet
  facet normal 6.103103e-01 -6.030700e-17 -7.921625e-01
    outer loop
      vertex   -8.141236e+01 7.000000e+01 -1.229848e+01
      vertex   -8.029845e+01 4.666667e+01 -1.144028e+01
      vertex   -8.141236e+01 4.666667e+01 -1.229848e+01
    endloop
  endfacet
  facet normal 5.334493e-01 -6.439284e-17 -8.458321e-01
    outer loop
      vertex   -8.141236e+01 7.000000e+01 -1.229848e+01
      vertex   -8.141236e+01 4.666667e+01 -1.229848e+01
      vertex   -8.260175e+01 7.000000e+01 -1.304860e+01
    endloop
  endfacet
  facet normal 5.334493e-01 -1.287857e-16 -8.458321e-01
    outer loop
      vertex   -8.260175e+01 7.000000e+01 -1.304860e+01
      vertex   -8.141236e+01 4.666667e+01 -1.229848e+01
      vertex   -8.260175e+01 4.666667e+01 -1.304860e+01
    endloop
  endfacet
  facet normal 4.519003e-01 -1.358256e-16 -8.920684e-01
    outer loop
      vertex   -8.260175e+01 7.000000e+01 -1.304860e+01
      vertex   -8.260175e+01 4.666667e+01 -1.304860e+01
      vertex   -8.385614e+01 7.000000e+01 -1.368404e+01
    endloop
  endfacet
  facet normal 4.519003e-01 0.000000e+00 -8.920684e-01
    outer loop
      vertex   -8.385614e+01 7.000000e+01 -1.368404e+01
      vertex   -8.260175e+01 4.666667e+01 -1.304860e+01
      vertex   -8.385614e+01 4.666667e+01 -1.368404e+01
    endloop
  endfacet
  facet normal 3.663800e-01 0.000000e+00 -9.304653e-01
    outer loop
      vertex   -8.385614e+01 7.000000e+01 -1.368404e+01
      vertex   -8.385614e+01 4.666667e+01 -1.368404e+01
      vertex   -8.516454e+01 7.000000e+01 -1.419924e+01
    endloop
  endfacet
  facet normal 3.663800e-01 0.000000e+00 -9.304653e-01
    outer loop
      vertex   -8.516454e+01 7.000000e+01 -1.419924e+01
      vertex   -8.385614e+01 4.666667e+01 -1.368404e+01
      vertex   -8.516454e+01 4.666667e+01 -1.419924e+01
    endloop
  endfacet
  facet normal 2.776400e-01 0.000000e+00 -9.606852e-01
    outer loop
      vertex   -8.516454e+01 7.000000e+01 -1.419924e+01
      vertex   -8.516454e+01 4.666667e+01 -1.419924e+01
      vertex   -8.651542e+01 7.000000e+01 -1.458964e+01
    endloop
  endfacet
  facet normal 2.776400e-01 0.000000e+00 -9.606852e-01
    outer loop
      vertex   -8.651542e+01 7.000000e+01 -1.458964e+01
      vertex   -8.516454e+01 4.666667e+01 -1.419924e+01
      vertex   -8.651542e+01 4.666667e+01 -1.458964e+01
    endloop
  endfacet
  facet normal 1.864601e-01 0.000000e+00 -9.824625e-01
    outer loop
      vertex   -8.651542e+01 7.000000e+01 -1.458964e+01
      vertex   -8.651542e+01 4.666667e+01 -1.458964e+01
      vertex   -8.789693e+01 7.000000e+01 -1.485184e+01
    endloop
  endfacet
  facet normal 1.864601e-01 0.000000e+00 -9.824625e-01
    outer loop
      vertex   -8.789693e+01 7.000000e+01 -1.485184e+01
      vertex   -8.651542e+01 4.666667e+01 -1.458964e+01
      vertex   -8.789693e+01 4.666667e+01 -1.485184e+01
    endloop
  endfacet
  facet normal 9.364149e-02 0.000000e+00 -9.956060e-01
    outer loop
      vertex   -8.789693e+01 7.000000e+01 -1.485184e+01
      vertex   -8.789693e+01 4.666667e+01 -1.485184e+01
      vertex   -8.929692e+01 7.000000e+01 -1.498351e+01
    endloop
  endfacet
  facet normal 9.364149e-02 0.000000e+00 -9.956060e-01
    outer loop
      vertex   -8.929692e+01 7.000000e+01 -1.498351e+01
      vertex   -8.789693e+01 4.666667e+01 -1.485184e+01
      vertex   -8.929692e+01 4.666667e+01 -1.498351e+01
    endloop
  endfacet
  facet normal -0.000000e+00 -0.000000e+00 -1.000000e+00
    outer loop
      vertex   -8.929692e+01 7.000000e+01 -1.498351e+01
      vertex   -8.929692e+01 4.666667e+01 -1.498351e+01
      vertex   -9.070308e+01 7.000000e+01 -1.498351e+01
    endloop
  endfacet
  facet normal 0.000000e+00 0.000000e+00 -1.000000e+00
    outer loop
      vertex   -9.070308e+01 7.000000e+01 -1.498351e+01
      vertex   -8.929692e+01 4.666667e+01 -1.498351e+01
      vertex   -9.070308e+01 4.666667e+01 -1.498351e+01
    endloop
  endfacet
  facet normal -9.364149e-02 -0.000000e+00 -9.956060e-01
    outer loop
      vertex   -9.070308e+01 7.000000e+01 -1.498351e+01
      vertex   -9.070308e+01 4.666667e+01 -1.498351e+01
      vertex   -9.210307e+01 7.000000e+01 -1.485184e+01
    endloop
  endfacet
  facet normal -9.364149e-02 -0.000000e+00 -9.956060e-01
    outer loop
      vertex   -9.210307e+01 7.000000e+01 -1.485184e+01
      vertex   -9.070308e+01 4.666667e+01 -1.498351e+01
      vertex   -9.210307e+01 4.666667e+01 -1.485184e+01
    endloop
  endfacet
  facet normal -1.864601e-01 -0.000000e+00 -9.824625e-01
    outer loop
      vertex   -9.210307e+01 7.000000e+01 -1.485184e+01
      vertex   -9.210307e+01 4.666667e+01 -1.485184e+01
      vertex   -9.348458e+01 7.000000e+01 -1.458964e+01
    endloop
  endfacet
  facet normal -1.864601e-01 -0.000000e+00 -9.824625e-01
    outer loop
      vertex   -9.348458e+01 7.000000e+01 -1.458964e+01
      vertex   -9.210307e+01 4.666667e+01 -1.485184e+01
      vertex   -9.348458e+01 4.666667e+01 -1.458964e+01
    endloop
  endfacet
  facet normal -2.776400e-01 -0.000000e+00 -9.606852e-01
    outer loop
      vertex   -9.348458e+01 7.000000e+01 -1.458964e+01
      vertex   -9.348458e+01 4.666667e+01 -1.458964e+01
      vertex   -9.483546e+01 7.000000e+01 -1.419924e+01
    endloop
  endfacet
  facet normal -2.776400e-01 -0.000000e+00 -9.606852e-01
    outer loop
      vertex   -9.483546e+01 7.000000e+01 -1.419924e+01
      vertex   -9.348458e+01 4.666667e+01 -1.458964e+01
      vertex   -9.483546e+01 4.666667e+01 -1.419924e+01
    endloop
  endfacet
  facet normal -3.663800e-01 -0.000000e+00 -9.304653e-01
    outer loop
      vertex   -9.483546e+01 7.000000e+01 -1.419924e+01
      vertex   -9.483546e+01 4.666667e+01 -1.419924e+01
      vertex   -9.614386e+01 7.000000e+01 -1.368404e+01
    endloop
  endfacet
  facet normal -3.663800e-01 -0.000000e+00 -9.304653e-01
    outer loop
      vertex   -9.614386e+01 7.000000e+01 -1.368404e+01
      vertex   -9.483546e+01 4.666667e+01 -1.419924e+01
      vertex   -9.614386e+01 4.666667e+01 -1.368404e+01
    endloop
  endfacet
  facet normal -4.519003e-01 -0.000000e+00 -8.920684e-01
    outer loop
      vertex   -9.614386e+01 7.000000e+01 -1.368404e+01
      vertex   -9.614386e+01 4.666667e+01 -1.368404e+01
      vertex   -9.739825e+01 7.000000e+01 -1.304860e+01
    endloop
  endfacet
  facet normal -4.519003e-01 -2.037384e-16 -8.920684e-01
    outer loop
      vertex   -9.739825e+01 7.000000e+01 -1.304860e+01
      vertex   -9.614386e+01 4.666667e+01 -1.368404e+01
      vertex   -9.739825e+01 4.666667e+01 -1.304860e+01
    endloop
  endfacet
  facet normal -5.334493e-01 -1.931785e-16 -8.458321e-01
    outer loop
      vertex   -9.739825e+01 7.000000e+01 -1.304860e+01
      vertex   -9.739825e+01 4.666667e+01 -1.304860e+01
      vertex   -9.858764e+01 7.000000e+01 -1.229848e+01
    endloop
  endfacet
  facet normal -5.334493e-01 6.439284e-17 -8.458321e-01
    outer loop
      vertex   -9.858764e+01 7.000000e+01 -1.229848e+01
      vertex   -9.739825e+01 4.666667e+01 -1.304860e+01
      vertex   -9.858764e+01 4.666667e+01 -1.229848e+01
    endloop
  endfacet
  facet normal -6.103103e-01 6.030700e-17 -7.921625e-01
    outer loop
      vertex   -9.858764e+01 7.000000e+01 -1.229848e+01
      vertex   -9.858764e+01 4.666667e+01 -1.229848e+01
      vertex   -9.970155e+01 7.000000e+01 -1.144028e+01
    endloop
  endfacet
  facet normal -6.103103e-01 -0.000000e+00 -7.921625e-01
    outer loop
      vertex   -9.970155e+01 7.000000e+01 -1.144028e+01
      vertex   -9.858764e+01 4.666667e+01 -1.229848e+01
      vertex   -9.970155e+01 4.666667e+01 -1.144028e+01
    endloop
  endfacet
  facet normal -6.818078e-01 -0.000000e+00 -7.315313e-01
    outer loop
      vertex   -9.970155e+01 7.000000e+01 -1.144028e+01
      vertex   -9.970155e+01 4.666667e+01 -1.144028e+01
      vertex   -1.007302e+02 7.000000e+01 -1.048154e+01
    endloop
  endfacet
  facet normal -6.818078e-01 -5.569117e-17 -7.315313e-01
    outer loop
      vertex   -1.007302e+02 7.000000e+01 -1.048154e+01
      vertex   -9.970155e+01 4.666667e+01 -1.144028e+01
      vertex   -1.007302e+02 4.666667e+01 -1.048154e+01
    endloop
  endfacet
  facet normal -7.473136e-01 -5.058593e-17 -6.644715e-01
    outer loop
      vertex   -1.007302e+02 7.000000e+01 -1.048154e+01
      vertex   -1.007302e+02 4.666667e+01 -1.048154e+01
      vertex   -1.016646e+02 7.000000e+01 -9.430693e+00
    endloop
  endfacet
  facet normal -7.473136e-01 -1.011719e-16 -6.644715e-01
    outer loop
      vertex   -1.016646e+02 7.000000e+01 -9.430693e+00
      vertex   -1.007302e+02 4.666667e+01 -1.048154e+01
      vertex   -1.016646e+02 4.666667e+01 -9.430693e+00
    endloop
  endfacet
  facet normal -8.062520e-01 -9.007229e-17 -5.915722e-01
    outer loop
      vertex   -1.016646e+02 7.000000e+01 -9.430693e+00
      vertex   -1.016646e+02 4.666667e+01 -9.430693e+00
      vertex   -1.024964e+02 7.000000e+01 -8.296967e+00
    endloop
  endfacet
  facet normal -8.062520e-01 -0.000000e+00 -5.915722e-01
    outer loop
      vertex   -1.024964e+02 7.000000e+01 -8.296967e+00
      vertex   -1.016646e+02 4.666667e+01 -9.430693e+00
      vertex   -1.024964e+02 4.666667e+01 -8.296967e+00
    endloop
  endfacet
  facet normal -8.581050e-01 -0.000000e+00 -5.134742e-01
    outer loop
      vertex   -1.024964e+02 7.000000e+01 -8.296967e+00
      vertex   -1.024964e+02 4.666667e+01 -8.296967e+00
      vertex   -1.032184e+02 7.000000e+01 -7.090328e+00
    endloop
  endfacet
  facet normal -8.581050e-01 3.909057e-17 -5.134742e-01
    outer loop
      vertex   -1.032184e+02 7.000000e+01 -7.090328e+00
      vertex   -1.024964e+02 4.666667e+01 -8.296967e+00
      vertex   -1.032184e+02 4.666667e+01 -7.090328e+00
    endloop
  endfacet
  facet normal -9.024170e-01 3.280148e-17 -4.308637e-01
    outer loop
      vertex   -1.032184e+02 7.000000e+01 -7.090328e+00
      vertex   -1.032184e+02 4.666667e+01 -7.090328e+00
      vertex   -1.038243e+02 7.000000e+01 -5.821378e+00
    endloop
  endfacet
  facet normal -9.024170e-01 -6.560295e-17 -4.308637e-01
    outer loop
      vertex   -1.038243e+02 7.000000e+01 -5.821378e+00
      vertex   -1.032184e+02 4.666667e+01 -7.090328e+00
      vertex   -1.038243e+02 4.666667e+01 -5.821378e+00
    endloop
  endfacet
  facet normal -9.387985e-01 -5.244823e-17 -3.444669e-01
    outer loop
      vertex   -1.038243e+02 7.000000e+01 -5.821378e+00
      vertex   -1.038243e+02 4.666667e+01 -5.821378e+00
      vertex   -1.043087e+02 7.000000e+01 -4.501270e+00
    endloop
  endfacet
  facet normal -9.387985e-01 3.933617e-17 -3.444669e-01
    outer loop
      vertex   -1.043087e+02 7.000000e+01 -4.501270e+00
      vertex   -1.038243e+02 4.666667e+01 -5.821378e+00
      vertex   -1.043087e+02 4.666667e+01 -4.501270e+00
    endloop
  endfacet
  facet normal -9.669298e-01 2.912445e-17 -2.550428e-01
    outer loop
      vertex   -1.043087e+02 7.000000e+01 -4.501270e+00
      vertex   -1.043087e+02 4.666667e+01 -4.501270e+00
      vertex   -1.046673e+02 7.000000e+01 -3.141604e+00
    endloop
  endfacet
  facet normal -9.669298e-01 -0.000000e+00 -2.550428e-01
    outer loop
      vertex   -1.046673e+02 7.000000e+01 -3.141604e+00
      vertex   -1.043087e+02 4.666667e+01 -4.501270e+00
      vertex   -1.046673e+02 4.666667e+01 -3.141604e+00
    endloop
  endfacet
  facet normal -9.865637e-01 -0.000000e+00 -1.633774e-01
    outer loop
      vertex   -1.046673e+02 7.000000e+01 -3.141604e+00
      vertex   -1.046673e+02 4.666667e+01 -3.141604e+00
      vertex   -1.048971e+02 7.000000e+01 -1.754330e+00
    endloop
  endfacet
  facet normal -9.865637e-01 -0.000000e+00 -1.633774e-01
    outer loop
      vertex   -1.048971e+02 7.000000e+01 -1.754330e+00
      vertex   -1.046673e+02 4.666667e+01 -3.141604e+00
      vertex   -1.048971e+02 4.666667e+01 -1.754330e+00
    endloop
  endfacet
  facet normal -9.975276e-01 -0.000000e+00 -7.027619e-02
    outer loop
      vertex   -1.048971e+02 7.000000e+01 -1.754330e+00
      vertex   -1.048971e+02 4.666667e+01 -1.754330e+00
      vertex   -1.049959e+02 7.000000e+01 -3.516386e-01
    endloop
  endfacet
  facet normal -9.975276e-01 -0.000000e+00 -7.027619e-02
    outer loop
      vertex   -1.049959e+02 7.000000e+01 -3.516386e-01
      vertex   -1.048971e+02 4.666667e+01 -1.754330e+00
      vertex   -1.049959e+02 4.666667e+01 -3.516386e-01
    endloop
  endfacet
  facet normal -9.997252e-01 0.000000e+00 2.344257e-02
    outer loop
      vertex   -1.049959e+02 7.000000e+01 -3.516386e-01
      vertex   -1.049959e+02 4.666667e+01 -3.516386e-01
      vertex   -1.049629e+02 7.000000e+01 1.054143e+00
    endloop
  endfacet
  facet normal -9.997252e-01 -3.346262e-18 2.344257e-02
    outer loop
      vertex   -1.049629e+02 7.000000e+01 1.054143e+00
      vertex   -1.049959e+02 4.666667e+01 -3.516386e-01
      vertex   -1.049629e+02 4.666667e+01 1.054143e+00
    endloop
  endfacet
  facet normal -9.931372e-01 -1.669455e-17 1.169553e-01
    outer loop
      vertex   -1.049629e+02 7.000000e+01 1.054143e+00
      vertex   -1.049629e+02 4.666667e+01 1.054143e+00
      vertex   -1.047985e+02 7.000000e+01 2.450660e+00
    endloop
  endfacet
  facet normal -9.931372e-01 0.000000e+00 1.169553e-01
    outer loop
      vertex   -1.047985e+02 7.000000e+01 2.450660e+00
      vertex   -1.049629e+02 4.666667e+01 1.054143e+00
      vertex   -1.047985e+02 4.666667e+01 2.450660e+00
    endloop
  endfacet
  facet normal -9.778214e-01 0.000000e+00 2.094403e-01
    outer loop
      vertex   -1.047985e+02 7.000000e+01 2.450660e+00
      vertex   -1.047985e+02 4.666667e+01 2.450660e+00
      vertex   -1.045039e+02 7.000000e+01 3.825642e+00
    endloop
  endfacet
  facet normal -9.778214e-01 0.000000e+00 2.094403e-01
    outer loop
      vertex   -1.045039e+02 7.000000e+01 3.825642e+00
      vertex   -1.047985e+02 4.666667e+01 2.450660e+00
      vertex   -1.045039e+02 4.666667e+01 3.825642e+00
    endloop
  endfacet
  facet normal -9.539126e-01 0.000000e+00 3.000846e-01
    outer loop
      vertex   -1.045039e+02 7.000000e+01 3.825642e+00
      vertex   -1.045039e+02 4.666667e+01 3.825642e+00
      vertex   -1.040820e+02 7.000000e+01 5.167003e+00
    endloop
  endfacet
  facet normal -9.539126e-01 0.000000e+00 3.000846e-01
    outer loop
      vertex   -1.040820e+02 7.000000e+01 5.167003e+00
      vertex   -1.045039e+02 4.666667e+01 3.825642e+00
      vertex   -1.040820e+02 4.666667e+01 5.167003e+00
    endloop
  endfacet
  facet normal -9.216207e-01 0.000000e+00 3.880919e-01
    outer loop
      vertex   -1.040820e+02 7.000000e+01 5.167003e+00
      vertex   -1.040820e+02 4.666667e+01 5.167003e+00
      vertex   -1.035363e+02 7.000000e+01 6.462956e+00
    endloop
  endfacet
  facet normal -9.216207e-01 1.004420e-15 3.880919e-01
    outer loop
      vertex   -1.035363e+02 7.000000e+01 6.462956e+00
      vertex   -1.040820e+02 4.666667e+01 5.167003e+00
      vertex   -1.035363e+02 4.666667e+01 6.462956e+00
    endloop
  endfacet
  facet normal -8.812296e-01 9.294599e-16 4.726885e-01
    outer loop
      vertex   -1.035363e+02 7.000000e+01 6.462956e+00
      vertex   -1.035363e+02 4.666667e+01 6.462956e+00
      vertex   -1.028716e+02 7.000000e+01 7.702113e+00
    endloop
  endfacet
  facet normal -8.812296e-01 -8.996394e-17 4.726885e-01
    outer loop
      vertex   -1.028716e+02 7.000000e+01 7.702113e+00
      vertex   -1.035363e+02 4.666667e+01 6.462956e+00
      vertex   -1.028716e+02 4.666667e+01 7.702113e+00
    endloop
  endfacet
  facet normal -8.330942e-01 -1.052741e-16 5.531312e-01
    outer loop
      vertex   -1.028716e+02 7.000000e+01 7.702113e+00
      vertex   -1.028716e+02 4.666667e+01 7.702113e+00
      vertex   -1.020938e+02 7.000000e+01 8.873583e+00
    endloop
  endfacet
  facet normal -8.330942e-01 0.000000e+00 5.531312e-01
    outer loop
      vertex   -1.020938e+02 7.000000e+01 8.873583e+00
      vertex   -1.028716e+02 4.666667e+01 7.702113e+00
      vertex   -1.020938e+02 4.666667e+01 8.873583e+00
    endloop
  endfacet
  facet normal -7.776375e-01 0.000000e+00 6.287129e-01
    outer loop
      vertex   -1.020938e+02 7.000000e+01 8.873583e+00
      vertex   -1.020938e+02 4.666667e+01 8.873583e+00
      vertex   -1.012097e+02 7.000000e+01 9.967072e+00
    endloop
  endfacet
  facet normal -7.776375e-01 0.000000e+00 6.287129e-01
    outer loop
      vertex   -1.012097e+02 7.000000e+01 9.967072e+00
      vertex   -1.020938e+02 4.666667e+01 8.873583e+00
      vertex   -1.012097e+02 4.666667e+01 9.967072e+00
    endloop
  endfacet
  facet normal -7.153470e-01 0.000000e+00 6.987694e-01
    outer loop
      vertex   -1.012097e+02 7.000000e+01 9.967072e+00
      vertex   -1.012097e+02 4.666667e+01 9.967072e+00
      vertex   -1.002271e+02 7.000000e+01 1.097297e+01
    endloop
  endfacet
  facet normal -7.153470e-01 0.000000e+00 6.987694e-01
    outer loop
      vertex   -1.002271e+02 7.000000e+01 1.097297e+01
      vertex   -1.012097e+02 4.666667e+01 9.967072e+00
      vertex   -1.002271e+02 4.666667e+01 1.097297e+01
    endloop
  endfacet
  facet normal -6.467699e-01 0.000000e+00 7.626852e-01
    outer loop
      vertex   -1.002271e+02 7.000000e+01 1.097297e+01
      vertex   -1.002271e+02 4.666667e+01 1.097297e+01
      vertex   -9.915465e+01 7.000000e+01 1.188244e+01
    endloop
  endfacet
  facet normal -6.467699e-01 0.000000e+00 7.626852e-01
    outer loop
      vertex   -9.915465e+01 7.000000e+01 1.188244e+01
      vertex   -1.002271e+02 4.666667e+01 1.097297e+01
      vertex   -9.915465e+01 4.666667e+01 1.188244e+01
    endloop
  endfacet
  facet normal -5.725090e-01 0.000000e+00 8.198984e-01
    outer loop
      vertex   -9.915465e+01 7.000000e+01 1.188244e+01
      vertex   -9.915465e+01 4.666667e+01 1.188244e+01
      vertex   -9.800174e+01 7.000000e+01 1.268748e+01
    endloop
  endfacet
  facet normal -5.725090e-01 6.241852e-17 8.198984e-01
    outer loop
      vertex   -9.800174e+01 7.000000e+01 1.268748e+01
      vertex   -9.915465e+01 4.666667e+01 1.188244e+01
      vertex   -9.800174e+01 4.666667e+01 1.268748e+01
    endloop
  endfacet
  facet normal -4.932169e-01 6.622561e-17 8.699064e-01
    outer loop
      vertex   -9.800174e+01 7.000000e+01 1.268748e+01
      vertex   -9.800174e+01 4.666667e+01 1.268748e+01
      vertex   -9.677850e+01 7.000000e+01 1.338103e+01
    endloop
  endfacet
  facet normal -4.932169e-01 0.000000e+00 8.699064e-01
    outer loop
      vertex   -9.677850e+01 7.000000e+01 1.338103e+01
      vertex   -9.800174e+01 4.666667e+01 1.268748e+01
      vertex   -9.677850e+01 4.666667e+01 1.338103e+01
    endloop
  endfacet
  facet normal -4.095904e-01 0.000000e+00 9.122696e-01
    outer loop
      vertex   -9.677850e+01 7.000000e+01 1.338103e+01
      vertex   -9.677850e+01 4.666667e+01 1.338103e+01
      vertex   -9.549570e+01 7.000000e+01 1.395698e+01
    endloop
  endfacet
  facet normal -4.095904e-01 1.389014e-16 9.122696e-01
    outer loop
      vertex   -9.549570e+01 7.000000e+01 1.395698e+01
      vertex   -9.677850e+01 4.666667e+01 1.338103e+01
      vertex   -9.549570e+01 4.666667e+01 1.395698e+01
    endloop
  endfacet
  facet normal -3.223643e-01 1.441309e-16 9.466157e-01
    outer loop
      vertex   -9.549570e+01 7.000000e+01 1.395698e+01
      vertex   -9.549570e+01 4.666667e+01 1.395698e+01
      vertex   -9.416460e+01 7.000000e+01 1.441028e+01
    endloop
  endfacet
  facet normal -3.223643e-01 -7.206545e-17 9.466157e-01
    outer loop
      vertex   -9.416460e+01 7.000000e+01 1.441028e+01
      vertex   -9.549570e+01 4.666667e+01 1.395698e+01
      vertex   -9.416460e+01 4.666667e+01 1.441028e+01
    endloop
  endfacet
  facet normal -2.323054e-01 -7.404689e-17 9.726429e-01
    outer loop
      vertex   -9.416460e+01 7.000000e+01 1.441028e+01
      vertex   -9.416460e+01 4.666667e+01 1.441028e+01
      vertex   -9.279690e+01 7.000000e+01 1.473694e+01
    endloop
  endfacet
  facet normal -2.323054e-01 0.000000e+00 9.726429e-01
    outer loop
      vertex   -9.279690e+01 7.000000e+01 1.473694e+01
      vertex   -9.416460e+01 4.666667e+01 1.441028e+01
      vertex   -9.279690e+01 4.666667e+01 1.473694e+01
    endloop
  endfacet
  facet normal -1.402049e-01 0.000000e+00 9.901225e-01
    outer loop
      vertex   -9.279690e+01 7.000000e+01 1.473694e+01
      vertex   -9.279690e+01 4.666667e+01 1.473694e+01
      vertex   -9.140462e+01 7.000000e+01 1.493409e+01
    endloop
  endfacet
  facet normal -1.402049e-01 0.000000e+00 9.901225e-01
    outer loop
      vertex   -9.140462e+01 7.000000e+01 1.493409e+01
      vertex   -9.279690e+01 4.666667e+01 1.473694e+01
      vertex   -9.140462e+01 4.666667e+01 1.493409e+01
    endloop
  endfacet
  facet normal 4.687226e-02 -0.000000e+00 9.989009e-01
    outer loop
      vertex   -8.859538e+01 0.000000e+00 1.493409e+01
      vertex   -8.859538e+01 2.333333e+01 1.493409e+01
      vertex   -9.000000e+01 0.000000e+00 1.500000e+01
    endloop
  endfacet
  facet normal 4.687226e-02 -0.000000e+00 9.989009e-01
    outer loop
      vertex   -9.000000e+01 0.000000e+00 1.500000e+01
      vertex   -8.859538e+01 2.333333e+01 1.493409e+01
      vertex   -9.000000e+01 2.333333e+01 1.500000e+01
    endloop
  endfacet
  facet normal -4.687226e-02 0.000000e+00 9.989009e-01
    outer loop
      vertex   -9.000000e+01 0.000000e+00 1.500000e+01
      vertex   -9.000000e+01 2.333333e+01 1.500000e+01
      vertex   -9.140462e+01 0.000000e+00 1.493409e+01
    endloop
  endfacet
  facet normal -4.687226e-02 0.000000e+00 9.989009e-01
    outer loop
      vertex   -9.140462e+01 0.000000e+00 1.493409e+01
      vertex   -9.000000e+01 2.333333e+01 1.500000e+01
      vertex   -9.140462e+01 2.333333e+01 1.493409e+01
    endloop
  endfacet
  facet normal -1.402049e-01 0.000000e+00 9.901225e-01
    outer loop
      vertex   -9.140462e+01 0.000000e+00 1.493409e+01
      vertex   -9.140462e+01 2.333333e+01 1.493409e+01
      vertex   -9.279690e+01 0.000000e+00 1.473694e+01
    endloop
  endfacet
  facet normal -1.402049e-01 0.000000e+00 9.901225e-01
    outer loop
      vertex   -9.279690e+01 0.000000e+00 1.473694e+01
      vertex   -9.140462e+01 2.333333e+01 1.493409e+01
      vertex   -9.279690e+01 2.333333e+01 1.473694e+01
    endloop
  endfacet
  facet normal -2.323054e-01 0.000000e+00 9.726429e-01
    outer loop
      vertex   -9.279690e+01 0.000000e+00 1.473694e+01
      vertex   -9.279690e+01 2.333333e+01 1.473694e+01
      vertex   -9.416460e+01 0.000000e+00 1.441028e+01
    endloop
  endfacet
  facet normal -2.323054e-01 7.404689e-17 9.726429e-01
    outer loop
      vertex   -9.416460e+01 0.000000e+00 1.441028e+01
      vertex   -9.279690e+01 2.333333e+01 1.473694e+01
      vertex   -9.416460e+01 2.333333e+01 1.441028e+01
    endloop
  endfacet
  facet normal -3.223643e-01 7.206545e-17 9.466157e-01
    outer loop
      vertex   -9.416460e+01 0.000000e+00 1.441028e+01
      vertex   -9.416460e+01 2.333333e+01 1.441028e+01
      vertex   -9.549570e+01 0.000000e+00 1.395698e+01
    endloop
  endfacet
  facet normal -3.223643e-01 -1.441309e-16 9.466157e-01
    outer loop
      vertex   -9.549570e+01 0.000000e+00 1.395698e+01
      vertex   -9.416460e+01 2.333333e+01 1.441028e+01
      vertex   -9.549570e+01 2.333333e+01 1.395698e+01
    endloop
  endfacet
  facet normal -4.095904e-01 -1.389014e-16 9.122696e-01
    outer loop
      vertex   -9.549570e+01 0.000000e+00 1.395698e+01
      vertex   -9.549570e+01 2.333333e+01 1.395698e+01
      vertex   -9.677850e+01 0.000000e+00 1.338103e+01
    endloop
  endfacet
  facet normal -4.095904e-01 0.000000e+00 9.122696e-01
    outer loop
      vertex   -9.677850e+01 0.000000e+00 1.338103e+01
      vertex   -9.549570e+01 2.333333e+01 1.395698e+01
      vertex   -9.677850e+01 2.333333e+01 1.338103e+01
    endloop
  endfacet
  facet normal -4.932169e-01 0.000000e+00 8.699064e-01
    outer loop
      vertex   -9.677850e+01 0.000000e+00 1.338103e+01
      vertex   -9.677850e+01 2.333333e+01 1.338103e+01
      vertex   -9.800174e+01 0.000000e+00 1.268748e+01
    endloop
  endfacet
  facet normal -4.932169e-01 -6.622561e-17 8.699064e-01
    outer loop
      vertex   -9.800174e+01 0.000000e+00 1.268748e+01
      vertex   -9.677850e+01 2.333333e+01 1.338103e+01
      vertex   -9.800174e+01 2.333333e+01 1.268748e+01
    endloop
  endfacet
  facet normal -5.725090e-01 -6.241852e-17 8.198984e-01
    outer loop
      vertex   -9.800174e+01 0.000000e+00 1.268748e+01
      vertex   -9.800174e+01 2.333333e+01 1.268748e+01
      vertex   -9.915465e+01 0.000000e+00 1.188244e+01
    endloop
  endfacet
  facet normal -5.725090e-01 0.000000e+00 8.198984e-01
    outer loop
      vertex   -9.915465e+01 0.000000e+00 1.188244e+01
      vertex   -9.800174e+01 2.333333e+01 1.268748e+01
      vertex   -9.915465e+01 2.333333e+01 1.188244e+01
    endloop
  endfacet
  facet normal -6.467699e-01 0.000000e+00 7.626852e-01
    outer loop
      vertex   -9.915465e+01 0.000000e+00 1.188244e+01
      vertex   -9.915465e+01 2.333333e+01 1.188244e+01
      vertex   -1.002271e+02 0.000000e+00 1.097297e+01
    endloop
  endfacet
  facet normal -6.467699e-01 0.000000e+00 7.626852e-01
    outer loop
      vertex   -1.002271e+02 0.000000e+00 1.097297e+01
      vertex   -9.915465e+01 2.333333e+01 1.188244e+01
      vertex   -1.002271e+02 2.333333e+01 1.097297e+01
    endloop
  endfacet
  facet normal -7.153470e-01 0.000000e+00 6.987694e-01
    outer loop
      vertex   -1.002271e+02 0.000000e+00 1.097297e+01
      vertex   -1.002271e+02 2.333333e+01 1.097297e+01
      vertex   -1.012097e+02 0.000000e+00 9.967072e+00
    endloop
  endfacet
  facet normal -7.153470e-01 0.000000e+00 6.987694e-01
    outer loop
      vertex   -1.012097e+02 0.000000e+00 9.967072e+00
      vertex   -1.002271e+02 2.333333e+01 1.097297e+01
      vertex   -1.012097e+02 2.333333e+01 9.967072e+00
    endloop
  endfacet
  facet normal -7.776375e-01 0.000000e+00 6.287129e-01
    outer loop
      vertex   -1.012097e+02 0.000000e+00 9.967072e+00
      vertex   -1.012097e+02 2.333333e+01 9.967072e+00
      vertex   -1.020938e+02 0.000000e+00 8.873583e+00
    endloop
  endfacet
  facet normal -7.776375e-01 0.000000e+00 6.287129e-01
    outer loop
      vertex   -1.020938e+02 0.000000e+00 8.873583e+00
      vertex   -1.012097e+02 2.333333e+01 9.967072e+00
      vertex   -1.020938e+02 2.333333e+01 8.873583e+00
    endloop
  endfacet
  facet normal -8.330942e-01 0.000000e+00 5.531312e-01
    outer loop
      vertex   -1.020938e+02 0.000000e+00 8.873583e+00
      vertex   -1.020938e+02 2.333333e+01 8.873583e+00
      vertex   -1.028716e+02 0.000000e+00 7.702113e+00
    endloop
  endfacet
  facet normal -8.330942e-01 1.052741e-16 5.531312e-01
    outer loop
      vertex   -1.028716e+02 0.000000e+00 7.702113e+00
      vertex   -1.020938e+02 2.333333e+01 8.873583e+00
      vertex   -1.028716e+02 2.333333e+01 7.702113e+00
    endloop
  endfacet
  facet normal -8.812296e-01 8.996394e-17 4.726885e-01
    outer loop
      vertex   -1.028716e+02 0.000000e+00 7.702113e+00
      vertex   -1.028716e+02 2.333333e+01 7.702113e+00
      vertex   -1.035363e+02 0.000000e+00 6.462956e+00
    endloop
  endfacet
  facet normal -8.812296e-01 1.259495e-16 4.726885e-01
    outer loop
      vertex   -1.035363e+02 0.000000e+00 6.462956e+00
      vertex   -1.028716e+02 2.333333e+01 7.702113e+00
      vertex   -1.035363e+02 2.333333e+01 6.462956e+00
    endloop
  endfacet
  facet normal -9.216207e-01 1.034084e-16 3.880919e-01
    outer loop
      vertex   -1.035363e+02 0.000000e+00 6.462956e+00
      vertex   -1.035363e+02 2.333333e+01 6.462956e+00
      vertex   -1.040820e+02 0.000000e+00 5.167003e+00
    endloop
  endfacet
  facet normal -9.216207e-01 -5.909054e-17 3.880919e-01
    outer loop
      vertex   -1.040820e+02 0.000000e+00 5.167003e+00
      vertex   -1.035363e+02 2.333333e+01 6.462956e+00
      vertex   -1.040820e+02 2.333333e+01 5.167003e+00
    endloop
  endfacet
  facet normal -9.539126e-01 -4.569063e-17 3.000846e-01
    outer loop
      vertex   -1.040820e+02 0.000000e+00 5.167003e+00
      vertex   -1.040820e+02 2.333333e+01 5.167003e+00
      vertex   -1.045039e+02 0.000000e+00 3.825642e+00
    endloop
  endfacet
  facet normal -9.539126e-01 0.000000e+00 3.000846e-01
    outer loop
      vertex   -1.045039e+02 0.000000e+00 3.825642e+00
      vertex   -1.040820e+02 2.333333e+01 5.167003e+00
      vertex   -1.045039e+02 2.333333e+01 3.825642e+00
    endloop
  endfacet
  facet normal -9.778214e-01 0.000000e+00 2.094403e-01
    outer loop
      vertex   -1.045039e+02 0.000000e+00 3.825642e+00
      vertex   -1.045039e+02 2.333333e+01 3.825642e+00
      vertex   -1.047985e+02 0.000000e+00 2.450660e+00
    endloop
  endfacet
  facet normal -9.778214e-01 3.188920e-17 2.094403e-01
    outer loop
      vertex   -1.047985e+02 0.000000e+00 2.450660e+00
      vertex   -1.045039e+02 2.333333e+01 3.825642e+00
      vertex   -1.047985e+02 2.333333e+01 2.450660e+00
    endloop
  endfacet
  facet normal -9.931372e-01 1.780752e-17 1.169553e-01
    outer loop
      vertex   -1.047985e+02 0.000000e+00 2.450660e+00
      vertex   -1.047985e+02 2.333333e+01 2.450660e+00
      vertex   -1.049629e+02 0.000000e+00 1.054143e+00
    endloop
  endfacet
  facet normal -9.931372e-01 0.000000e+00 1.169553e-01
    outer loop
      vertex   -1.049629e+02 0.000000e+00 1.054143e+00
      vertex   -1.047985e+02 2.333333e+01 2.450660e+00
      vertex   -1.049629e+02 2.333333e+01 1.054143e+00
    endloop
  endfacet
  facet normal -9.997252e-01 0.000000e+00 2.344257e-02
    outer loop
      vertex   -1.049629e+02 0.000000e+00 1.054143e+00
      vertex   -1.049629e+02 2.333333e+01 1.054143e+00
      vertex   -1.049959e+02 0.000000e+00 -3.516386e-01
    endloop
  endfacet
  facet normal -9.997252e-01 -3.346262e-18 2.344257e-02
    outer loop
      vertex   -1.049959e+02 0.000000e+00 -3.516386e-01
      vertex   -1.049629e+02 2.333333e+01 1.054143e+00
      vertex   -1.049959e+02 2.333333e+01 -3.516386e-01
    endloop
  endfacet
  facet normal -9.975276e-01 1.003143e-17 -7.027619e-02
    outer loop
      vertex   -1.049959e+02 0.000000e+00 -3.516386e-01
      vertex   -1.049959e+02 2.333333e+01 -3.516386e-01
      vertex   -1.048971e+02 0.000000e+00 -1.754330e+00
    endloop
  endfacet
  facet normal -9.975276e-01 0.000000e+00 -7.027619e-02
    outer loop
      vertex   -1.048971e+02 0.000000e+00 -1.754330e+00
      vertex   -1.049959e+02 2.333333e+01 -3.516386e-01
      vertex   -1.048971e+02 2.333333e+01 -1.754330e+00
    endloop
  endfacet
  facet normal -9.865637e-01 0.000000e+00 -1.633774e-01
    outer loop
      vertex   -1.048971e+02 0.000000e+00 -1.754330e+00
      vertex   -1.048971e+02 2.333333e+01 -1.754330e+00
      vertex   -1.046673e+02 0.000000e+00 -3.141604e+00
    endloop
  endfacet
  facet normal -9.865637e-01 -2.487570e-17 -1.633774e-01
    outer loop
      vertex   -1.046673e+02 0.000000e+00 -3.141604e+00
      vertex   -1.048971e+02 2.333333e+01 -1.754330e+00
      vertex   -1.046673e+02 2.333333e+01 -3.141604e+00
    endloop
  endfacet
  facet normal -9.669298e-01 -3.883260e-17 -2.550428e-01
    outer loop
      vertex   -1.046673e+02 0.000000e+00 -3.141604e+00
      vertex   -1.046673e+02 2.333333e+01 -3.141604e+00
      vertex   -1.043087e+02 0.000000e+00 -4.501270e+00
    endloop
  endfacet
  facet normal -9.669298e-01 0.000000e+00 -2.550428e-01
    outer loop
      vertex   -1.043087e+02 0.000000e+00 -4.501270e+00
      vertex   -1.046673e+02 2.333333e+01 -3.141604e+00
      vertex   -1.043087e+02 2.333333e+01 -4.501270e+00
    endloop
  endfacet
  facet normal -9.387985e-01 0.000000e+00 -3.444669e-01
    outer loop
      vertex   -1.043087e+02 0.000000e+00 -4.501270e+00
      vertex   -1.043087e+02 2.333333e+01 -4.501270e+00
      vertex   -1.038243e+02 0.000000e+00 -5.821378e+00
    endloop
  endfacet
  facet normal -9.387985e-01 5.244823e-17 -3.444669e-01
    outer loop
      vertex   -1.038243e+02 0.000000e+00 -5.821378e+00
      vertex   -1.043087e+02 2.333333e+01 -4.501270e+00
      vertex   -1.038243e+02 2.333333e+01 -5.821378e+00
    endloop
  endfacet
  facet normal -9.024170e-01 6.560295e-17 -4.308637e-01
    outer loop
      vertex   -1.038243e+02 0.000000e+00 -5.821378e+00
      vertex   -1.038243e+02 2.333333e+01 -5.821378e+00
      vertex   -1.032184e+02 0.000000e+00 -7.090328e+00
    endloop
  endfacet
  facet normal -9.024170e-01 -3.280148e-17 -4.308637e-01
    outer loop
      vertex   -1.032184e+02 0.000000e+00 -7.090328e+00
      vertex   -1.038243e+02 2.333333e+01 -5.821378e+00
      vertex   -1.032184e+02 2.333333e+01 -7.090328e+00
    endloop
  endfacet
  facet normal -8.581050e-01 -3.909057e-17 -5.134742e-01
    outer loop
      vertex   -1.032184e+02 0.000000e+00 -7.090328e+00
      vertex   -1.032184e+02 2.333333e+01 -7.090328e+00
      vertex   -1.024964e+02 0.000000e+00 -8.296967e+00
    endloop
  endfacet
  facet normal -8.581050e-01 0.000000e+00 -5.134742e-01
    outer loop
      vertex   -1.024964e+02 0.000000e+00 -8.296967e+00
      vertex   -1.032184e+02 2.333333e+01 -7.090328e+00
      vertex   -1.024964e+02 2.333333e+01 -8.296967e+00
    endloop
  endfacet
  facet normal -8.062520e-01 0.000000e+00 -5.915722e-01
    outer loop
      vertex   -1.024964e+02 0.000000e+00 -8.296967e+00
      vertex   -1.024964e+02 2.333333e+01 -8.296967e+00
      vertex   -1.016646e+02 0.000000e+00 -9.430693e+00
    endloop
  endfacet
  facet normal -8.062520e-01 9.007229e-17 -5.915722e-01
    outer loop
      vertex   -1.016646e+02 0.000000e+00 -9.430693e+00
      vertex   -1.024964e+02 2.333333e+01 -8.296967e+00
      vertex   -1.016646e+02 2.333333e+01 -9.430693e+00
    endloop
  endfacet
  facet normal -7.473136e-01 1.011719e-16 -6.644715e-01
    outer loop
      vertex   -1.016646e+02 0.000000e+00 -9.430693e+00
      vertex   -1.016646e+02 2.333333e+01 -9.430693e+00
      vertex   -1.007302e+02 0.000000e+00 -1.048154e+01
    endloop
  endfacet
  facet normal -7.473136e-01 5.058593e-17 -6.644715e-01
    outer loop
      vertex   -1.007302e+02 0.000000e+00 -1.048154e+01
      vertex   -1.016646e+02 2.333333e+01 -9.430693e+00
      vertex   -1.007302e+02 2.333333e+01 -1.048154e+01
    endloop
  endfacet
  facet normal -6.818078e-01 5.569117e-17 -7.315313e-01
    outer loop
      vertex   -1.007302e+02 0.000000e+00 -1.048154e+01
      vertex   -1.007302e+02 2.333333e+01 -1.048154e+01
      vertex   -9.970155e+01 0.000000e+00 -1.144028e+01
    endloop
  endfacet
  facet normal -6.818078e-01 0.000000e+00 -7.315313e-01
    outer loop
      vertex   -9.970155e+01 0.000000e+00 -1.144028e+01
      vertex   -1.007302e+02 2.333333e+01 -1.048154e+01
      vertex   -9.970155e+01 2.333333e+01 -1.144028e+01
    endloop
  endfacet
  facet normal -6.103103e-01 0.000000e+00 -7.921625e-01
    outer loop
      vertex   -9.970155e+01 0.000000e+00 -1.144028e+01
      vertex   -9.970155e+01 2.333333e+01 -1.144028e+01
      vertex   -9.858764e+01 0.000000e+00 -1.229848e+01
    endloop
  endfacet
  facet normal -6.103103e-01 6.030700e-17 -7.921625e-01
    outer loop
      vertex   -9.858764e+01 0.000000e+00 -1.229848e+01
      vertex   -9.970155e+01 2.333333e+01 -1.144028e+01
      vertex   -9.858764e+01 2.333333e+01 -1.229848e+01
    endloop
  endfacet
  facet normal -5.334493e-01 6.439284e-17 -8.458321e-01
    outer loop
      vertex   -9.858764e+01 0.000000e+00 -1.229848e+01
      vertex   -9.858764e+01 2.333333e+01 -1.229848e+01
      vertex   -9.739825e+01 0.000000e+00 -1.304860e+01
    endloop
  endfacet
  facet normal -5.334493e-01 1.931785e-16 -8.458321e-01
    outer loop
      vertex   -9.739825e+01 0.000000e+00 -1.304860e+01
      vertex   -9.858764e+01 2.333333e+01 -1.229848e+01
      vertex   -9.739825e+01 2.333333e+01 -1.304860e+01
    endloop
  endfacet
  facet normal -4.519003e-01 2.037384e-16 -8.920684e-01
    outer loop
      vertex   -9.739825e+01 0.000000e+00 -1.304860e+01
      vertex   -9.739825e+01 2.333333e+01 -1.304860e+01
      vertex   -9.614386e+01 0.000000e+00 -1.368404e+01
    endloop
  endfacet
  facet normal -4.519003e-01 6.791279e-17 -8.920684e-01
    outer loop
      vertex   -9.614386e+01 0.000000e+00 -1.368404e+01
      vertex   -9.739825e+01 2.333333e+01 -1.304860e+01
      vertex   -9.614386e+01 2.333333e+01 -1.368404e+01
    endloop
  endfacet
  facet normal -3.663800e-01 7.083593e-17 -9.304653e-01
    outer loop
      vertex   -9.614386e+01 0.000000e+00 -1.368404e+01
      vertex   -9.614386e+01 2.333333e+01 -1.368404e+01
      vertex   -9.483546e+01 0.000000e+00 -1.419924e+01
    endloop
  endfacet
  facet normal -3.663800e-01 0.000000e+00 -9.304653e-01
    outer loop
      vertex   -9.483546e+01 0.000000e+00 -1.419924e+01
      vertex   -9.614386e+01 2.333333e+01 -1.368404e+01
      vertex   -9.483546e+01 2.333333e+01 -1.419924e+01
    endloop
  endfacet
  facet normal -2.776400e-01 0.000000e+00 -9.606852e-01
    outer loop
      vertex   -9.483546e+01 0.000000e+00 -1.419924e+01
      vertex   -9.483546e+01 2.333333e+01 -1.419924e+01
      vertex   -9.348458e+01 0.000000e+00 -1.458964e+01
    endloop
  endfacet
  facet normal -2.776400e-01 0.000000e+00 -9.606852e-01
    outer loop
      vertex   -9.348458e+01 0.000000e+00 -1.458964e+01
      vertex   -9.483546e+01 2.333333e+01 -1.419924e+01
      vertex   -9.348458e+01 2.333333e+01 -1.458964e+01
    endloop
  endfacet
  facet normal -1.864601e-01 0.000000e+00 -9.824625e-01
    outer loop
      vertex   -9.348458e+01 0.000000e+00 -1.458964e+01
      vertex   -9.348458e+01 2.333333e+01 -1.458964e+01
      vertex   -9.210307e+01 0.000000e+00 -1.485184e+01
    endloop
  endfacet
  facet normal -1.864601e-01 0.000000e+00 -9.824625e-01
    outer loop
      vertex   -9.210307e+01 0.000000e+00 -1.485184e+01
      vertex   -9.348458e+01 2.333333e+01 -1.458964e+01
      vertex   -9.210307e+01 2.333333e+01 -1.485184e+01
    endloop
  endfacet
  facet normal -9.364149e-02 0.000000e+00 -9.956060e-01
    outer loop
      vertex   -9.210307e+01 0.000000e+00 -1.485184e+01
      vertex   -9.210307e+01 2.333333e+01 -1.485184e+01
      vertex   -9.070308e+01 0.000000e+00 -1.498351e+01
    endloop
  endfacet
  facet normal -9.364149e-02 0.000000e+00 -9.956060e-01
    outer loop
      vertex   -9.070308e+01 0.000000e+00 -1.498351e+01
      vertex   -9.210307e+01 2.333333e+01 -1.485184e+01
      vertex   -9.070308e+01 2.333333e+01 -1.498351e+01
    endloop
  endfacet
  facet normal 0.000000e+00 0.000000e+00 -1.000000e+00
    outer loop
      vertex   -9.070308e+01 0.000000e+00 -1.498351e+01
      vertex   -9.070308e+01 2.333333e+01 -1.498351e+01
      vertex   -8.929692e+01 0.000000e+00 -1.498351e+01
    endloop
  endfacet
  facet normal 0.000000e+00 0.000000e+00 -1.000000e+00
    outer loop
      vertex   -8.929692e+01 0.000000e+00 -1.498351e+01
      vertex   -9.070308e+01 2.333333e+01 -1.498351e+01
      vertex   -8.929692e+01 2.333333e+01 -1.498351e+01
    endloop
  endfacet
  facet normal 9.364149e-02 0.000000e+00 -9.956060e-01
    outer loop
      vertex   -8.929692e+01 0.000000e+00 -1.498351e+01
      vertex   -8.929692e+01 2.333333e+01 -1.498351e+01
      vertex   -8.789693e+01 0.000000e+00 -1.485184e+01
    endloop
  endfacet
  facet normal 9.364149e-02 0.000000e+00 -9.956060e-01
    outer loop
      vertex   -8.789693e+01 0.000000e+00 -1.485184e+01
      vertex   -8.929692e+01 2.333333e+01 -1.498351e+01
      vertex   -8.789693e+01 2.333333e+01 -1.485184e+01
    endloop
  endfacet
  facet normal 1.864601e-01 0.000000e+00 -9.824625e-01
    outer loop
      vertex   -8.789693e+01 0.000000e+00 -1.485184e+01
      vertex   -8.789693e+01 2.333333e+01 -1.485184e+01
      vertex   -8.651542e+01 0.000000e+00 -1.458964e+01
    endloop
  endfacet
  facet normal 1.864601e-01 0.000000e+00 -9.824625e-01
    outer loop
      vertex   -8.651542e+01 0.000000e+00 -1.458964e+01
      vertex   -8.789693e+01 2.333333e+01 -1.485184e+01
      vertex   -8.651542e+01 2.333333e+01 -1.458964e+01
    endloop
  endfacet
  facet normal 2.776400e-01 0.000000e+00 -9.606852e-01
    outer loop
      vertex   -8.651542e+01 0.000000e+00 -1.458964e+01
      vertex   -8.651542e+01 2.333333e+01 -1.458964e+01
      vertex   -8.516454e+01 0.000000e+00 -1.419924e+01
    endloop
  endfacet
  facet normal 2.776400e-01 0.000000e+00 -9.606852e-01
    outer loop
      vertex   -8.516454e+01 0.000000e+00 -1.419924e+01
      vertex   -8.651542e+01 2.333333e+01 -1.458964e+01
      vertex   -8.516454e+01 2.333333e+01 -1.419924e+01
    endloop
  endfacet
  facet normal 3.663800e-01 0.000000e+00 -9.304653e-01
    outer loop
      vertex   -8.516454e+01 0.000000e+00 -1.419924e+01
      vertex   -8.516454e+01 2.333333e+01 -1.419924e+01
      vertex   -8.385614e+01 0.000000e+00 -1.368404e+01
    endloop
  endfacet
  facet normal 3.663800e-01 -7.083593e-17 -9.304653e-01
    outer loop
      vertex   -8.385614e+01 0.000000e+00 -1.368404e+01
      vertex   -8.516454e+01 2.333333e+01 -1.419924e+01
      vertex   -8.385614e+01 2.333333e+01 -1.368404e+01
    endloop
  endfacet
  facet normal 4.519003e-01 -6.791279e-17 -8.920684e-01
    outer loop
      vertex   -8.385614e+01 0.000000e+00 -1.368404e+01
      vertex   -8.385614e+01 2.333333e+01 -1.368404e+01
      vertex   -8.260175e+01 0.000000e+00 -1.304860e+01
    endloop
  endfacet
  facet normal 4.519003e-01 1.358256e-16 -8.920684e-01
    outer loop
      vertex   -8.260175e+01 0.000000e+00 -1.304860e+01
      vertex   -8.385614e+01 2.333333e+01 -1.368404e+01
      vertex   -8.260175e+01 2.333333e+01 -1.304860e+01
    endloop
  endfacet
  facet normal 5.334493e-01 1.287857e-16 -8.458321e-01
    outer loop
      vertex   -8.260175e+01 0.000000e+00 -1.304860e+01
      vertex   -8.260175e+01 2.333333e+01 -1.304860e+01
      vertex   -8.141236e+01 0.000000e+00 -1.229848e+01
    endloop
  endfacet
  facet normal 5.334493e-01 -6.439284e-17 -8.458321e-01
    outer loop
      vertex   -8.141236e+01 0.000000e+00 -1.229848e+01
      vertex   -8.260175e+01 2.333333e+01 -1.304860e+01
      vertex   -8.141236e+01 2.333333e+01 -1.229848e+01
    endloop
  endfacet
  facet normal 6.103103e-01 -6.030700e-17 -7.921625e-01
    outer loop
      vertex   -8.141236e+01 0.000000e+00 -1.229848e+01
      vertex   -8.141236e+01 2.333333e+01 -1.229848e+01
      vertex   -8.029845e+01 0.000000e+00 -1.144028e+01
    endloop
  endfacet
  facet normal 6.103103e-01 -6.030700e-17 -7.921625e-01
    outer loop
      vertex   -8.029845e+01 0.000000e+00 -1.144028e+01
      vertex   -8.141236e+01 2.333333e+01 -1.229848e+01
      vertex   -8.029845e+01 2.333333e+01 -1.144028e+01
    endloop
  endfacet
  facet normal 6.818078e-01 -5.569117e-17 -7.315313e-01
    outer loop
      vertex   -8.029845e+01 0.000000e+00 -1.144028e+01
      vertex   -8.029845e+01 2.333333e+01 -1.144028e+01
      vertex   -7.926980e+01 0.000000e+00 -1.048154e+01
    endloop
  endfacet
  facet normal 6.818078e-01 -5.569117e-17 -7.315313e-01
    outer loop
      vertex   -7.926980e+01 0.000000e+00 -1.048154e+01
      vertex   -8.029845e+01 2.333333e+01 -1.144028e+01
      vertex   -7.926980e+01 2.333333e+01 -1.048154e+01
    endloop
  endfacet
  facet normal 7.473136e-01 -5.058593e-17 -6.644715e-01
    outer loop
      vertex   -7.926980e+01 0.000000e+00 -1.048154e+01
      vertex   -7.926980e+01 2.333333e+01 -1.048154e+01
      vertex   -7.833544e+01 0.000000e+00 -9.430693e+00
    endloop
  endfacet
  facet normal 7.473136e-01 -5.058593e-17 -6.644715e-01
    outer loop
      vertex   -7.833544e+01 0.000000e+00 -9.430693e+00
      vertex   -7.926980e+01 2.333333e+01 -1.048154e+01
      vertex   -7.833544e+01 2.333333e+01 -9.430693e+00
    endloop
  endfacet
  facet normal 8.062520e-01 -4.503614e-17 -5.915722e-01
    outer loop
      vertex   -7.833544e+01 0.000000e+00 -9.430693e+00
      vertex   -7.833544e+01 2.333333e+01 -9.430693e+00
      vertex   -7.750359e+01 0.000000e+00 -8.296967e+00
    endloop
  endfacet
  facet normal 8.062520e-01 -4.503614e-17 -5.915722e-01
    outer loop
      vertex   -7.750359e+01 0.000000e+00 -8.296967e+00
      vertex   -7.833544e+01 2.333333e+01 -9.430693e+00
      vertex   -7.750359e+01 2.333333e+01 -8.296967e+00
    endloop
  endfacet
  facet normal 8.581050e-01 -3.909057e-17 -5.134742e-01
    outer loop
      vertex   -7.750359e+01 0.000000e+00 -8.296967e+00
      vertex   -7.750359e+01 2.333333e+01 -8.296967e+00
      vertex   -7.678156e+01 0.000000e+00 -7.090328e+00
    endloop
  endfacet
  facet normal 8.581050e-01 -5.863586e-17 -5.134742e-01
    outer loop
      vertex   -7.678156e+01 0.000000e+00 -7.090328e+00
      vertex   -7.750359e+01 2.333333e+01 -8.296967e+00
      vertex   -7.678156e+01 2.333333e+01 -7.090328e+00
    endloop
  endfacet
  facet normal 9.024170e-01 -4.920221e-17 -4.308637e-01
    outer loop
      vertex   -7.678156e+01 0.000000e+00 -7.090328e+00
      vertex   -7.678156e+01 2.333333e+01 -7.090328e+00
      vertex   -7.617569e+01 0.000000e+00 -5.821378e+00
    endloop
  endfacet
  facet normal 9.024170e-01 0.000000e+00 -4.308637e-01
    outer loop
      vertex   -7.617569e+01 0.000000e+00 -5.821378e+00
      vertex   -7.678156e+01 2.333333e+01 -7.090328e+00
      vertex   -7.617569e+01 2.333333e+01 -5.821378e+00
    endloop
  endfacet
  facet normal 9.387985e-01 0.000000e+00 -3.444669e-01
    outer loop
      vertex   -7.617569e+01 0.000000e+00 -5.821378e+00
      vertex   -7.617569e+01 2.333333e+01 -5.821378e+00
      vertex   -7.569131e+01 0.000000e+00 -4.501270e+00
    endloop
  endfacet
  facet normal 9.387985e-01 0.000000e+00 -3.444669e-01
    outer loop
      vertex   -7.569131e+01 0.000000e+00 -4.501270e+00
      vertex   -7.617569e+01 2.333333e+01 -5.821378e+00
      vertex   -7.569131e+01 2.333333e+01 -4.501270e+00
    endloop
  endfacet
  facet normal 9.669298e-01 0.000000e+00 -2.550428e-01
    outer loop
      vertex   -7.569131e+01 0.000000e+00 -4.501270e+00
      vertex   -7.569131e+01 2.333333e+01 -4.501270e+00
      vertex   -7.533268e+01 0.000000e+00 -3.141604e+00
    endloop
  endfacet
  facet normal 9.669298e-01 0.000000e+00 -2.550428e-01
    outer loop
      vertex   -7.533268e+01 0.000000e+00 -3.141604e+00
      vertex   -7.569131e+01 2.333333e+01 -4.501270e+00
      vertex   -7.533268e+01 2.333333e+01 -3.141604e+00
    endloop
  endfacet
  facet normal 9.865637e-01 0.000000e+00 -1.633774e-01
    outer loop
      vertex   -7.533268e+01 0.000000e+00 -3.141604e+00
      vertex   -7.533268e+01 2.333333e+01 -3.141604e+00
      vertex   -7.510294e+01 0.000000e+00 -1.754330e+00
    endloop
  endfacet
  facet normal 9.865637e-01 0.000000e+00 -1.633774e-01
    outer loop
      vertex   -7.510294e+01 0.000000e+00 -1.754330e+00
      vertex   -7.533268e+01 2.333333e+01 -3.141604e+00
      vertex   -7.510294e+01 2.333333e+01 -1.754330e+00
    endloop
  endfacet
  facet normal 9.975276e-01 0.000000e+00 -7.027619e-02
    outer loop
      vertex   -7.510294e+01 0.000000e+00 -1.754330e+00
      vertex   -7.510294e+01 2.333333e+01 -1.754330e+00
      vertex   -7.500412e+01 0.000000e+00 -3.516386e-01
    endloop
  endfacet
  facet normal 9.975276e-01 0.000000e+00 -7.027619e-02
    outer loop
      vertex   -7.500412e+01 0.000000e+00 -3.516386e-01
      vertex   -7.510294e+01 2.333333e+01 -1.754330e+00
      vertex   -7.500412e+01 2.333333e+01 -3.516386e-01
    endloop
  endfacet
  facet normal 9.997252e-01 -0.000000e+00 2.344257e-02
    outer loop
      vertex   -7.500412e+01 0.000000e+00 -3.516386e-01
      vertex   -7.500412e+01 2.333333e+01 -3.516386e-01
      vertex   -7.503709e+01 0.000000e+00 1.054143e+00
    endloop
  endfacet
  facet normal 9.997252e-01 -0.000000e+00 2.344257e-02
    outer loop
      vertex   -7.503709e+01 0.000000e+00 1.054143e+00
      vertex   -7.500412e+01 2.333333e+01 -3.516386e-01
      vertex   -7.503709e+01 2.333333e+01 1.054143e+00
    endloop
  endfacet
  facet normal 9.931372e-01 -0.000000e+00 1.169553e-01
    outer loop
      vertex   -7.503709e+01 0.000000e+00 1.054143e+00
      vertex   -7.503709e+01 2.333333e+01 1.054143e+00
      vertex   -7.520155e+01 0.000000e+00 2.450660e+00
    endloop
  endfacet
  facet normal 9.931372e-01 -0.000000e+00 1.169553e-01
    outer loop
      vertex   -7.520155e+01 0.000000e+00 2.450660e+00
      vertex   -7.503709e+01 2.333333e+01 1.054143e+00
      vertex   -7.520155e+01 2.333333e+01 2.450660e+00
    endloop
  endfacet
  facet normal 9.778214e-01 -0.000000e+00 2.094403e-01
    outer loop
      vertex   -7.520155e+01 0.000000e+00 2.450660e+00
      vertex   -7.520155e+01 2.333333e+01 2.450660e+00
      vertex   -7.549605e+01 0.000000e+00 3.825642e+00
    endloop
  endfacet
  facet normal 9.778214e-01 -0.000000e+00 2.094403e-01
    outer loop
      vertex   -7.549605e+01 0.000000e+00 3.825642e+00
      vertex   -7.520155e+01 2.333333e+01 2.450660e+00
      vertex   -7.549605e+01 2.333333e+01 3.825642e+00
    endloop
  endfacet
  facet normal 9.539126e-01 -0.000000e+00 3.000846e-01
    outer loop
      vertex   -7.549605e+01 0.000000e+00 3.825642e+00
      vertex   -7.549605e+01 2.333333e+01 3.825642e+00
      vertex   -7.591802e+01 0.000000e+00 5.167003e+00
    endloop
  endfacet
  facet normal 9.539126e-01 -0.000000e+00 3.000846e-01
    outer loop
      vertex   -7.591802e+01 0.000000e+00 5.167003e+00
      vertex   -7.549605e+01 2.333333e+01 3.825642e+00
      vertex   -7.591802e+01 2.333333e+01 5.167003e+00
    endloop
  endfacet
  facet normal 9.216207e-01 -0.000000e+00 3.880919e-01
    outer loop
      vertex   -7.591802e+01 0.000000e+00 5.167003e+00
      vertex   -7.591802e+01 2.333333e+01 5.167003e+00
      vertex   -7.646375e+01 0.000000e+00 6.462956e+00
    endloop
  endfacet
  facet normal 9.216207e-01 -0.000000e+00 3.880919e-01
    outer loop
      vertex   -7.646375e+01 0.000000e+00 6.462956e+00
      vertex   -7.591802e+01 2.333333e+01 5.167003e+00
      vertex   -7.646375e+01 2.333333e+01 6.462956e+00
    endloop
  endfacet
  facet normal 8.812296e-01 -0.000000e+00 4.726885e-01
    outer loop
      vertex   -7.646375e+01 0.000000e+00 6.462956e+00
      vertex   -7.646375e+01 2.333333e+01 6.462956e+00
      vertex   -7.712842e+01 0.000000e+00 7.702113e+00
    endloop
  endfacet
  facet normal 8.812296e-01 -0.000000e+00 4.726885e-01
    outer loop
      vertex   -7.712842e+01 0.000000e+00 7.702113e+00
      vertex   -7.646375e+01 2.333333e+01 6.462956e+00
      vertex   -7.712842e+01 2.333333e+01 7.702113e+00
    endloop
  endfacet
  facet normal 8.330942e-01 -0.000000e+00 5.531312e-01
    outer loop
      vertex   -7.712842e+01 0.000000e+00 7.702113e+00
      vertex   -7.712842e+01 2.333333e+01 7.702113e+00
      vertex   -7.790622e+01 0.000000e+00 8.873583e+00
    endloop
  endfacet
  facet normal 8.330942e-01 -0.000000e+00 5.531312e-01
    outer loop
      vertex   -7.790622e+01 0.000000e+00 8.873583e+00
      vertex   -7.712842e+01 2.333333e+01 7.702113e+00
      vertex   -7.790622e+01 2.333333e+01 8.873583e+00
    endloop
  endfacet
  facet normal 7.776375e-01 -0.000000e+00 6.287129e-01
    outer loop
      vertex   -7.790622e+01 0.000000e+00 8.873583e+00
      vertex   -7.790622e+01 2.333333e+01 8.873583e+00
      vertex   -7.879030e+01 0.000000e+00 9.967072e+00
    endloop
  endfacet
  facet normal 7.776375e-01 -0.000000e+00 6.287129e-01
    outer loop
      vertex   -7.879030e+01 0.000000e+00 9.967072e+00
      vertex   -7.790622e+01 2.333333e+01 8.873583e+00
      vertex   -7.879030e+01 2.333333e+01 9.967072e+00
    endloop
  endfacet
  facet normal 7.153470e-01 -0.000000e+00 6.987694e-01
    outer loop
      vertex   -7.879030e+01 0.000000e+00 9.967072e+00
      vertex   -7.879030e+01 2.333333e+01 9.967072e+00
      vertex   -7.977288e+01 0.000000e+00 1.097297e+01
    endloop
  endfacet
  facet normal 7.153470e-01 -0.000000e+00 6.987694e-01
    outer loop
      vertex   -7.977288e+01 0.000000e+00 1.097297e+01
      vertex   -7.879030e+01 2.333333e+01 9.967072e+00
      vertex   -7.977288e+01 2.333333e+01 1.097297e+01
    endloop
  endfacet
  facet normal 6.467699e-01 -0.000000e+00 7.626852e-01
    outer loop
      vertex   -7.977288e+01 0.000000e+00 1.097297e+01
      vertex   -7.977288e+01 2.333333e+01 1.097297e+01
      vertex   -8.084535e+01 0.000000e+00 1.188244e+01
    endloop
  endfacet
  facet normal 6.467699e-01 -0.000000e+00 7.626852e-01
    outer loop
      vertex   -8.084535e+01 0.000000e+00 1.188244e+01
      vertex   -7.977288e+01 2.333333e+01 1.097297e+01
      vertex   -8.084535e+01 2.333333e+01 1.188244e+01
    endloop
  endfacet
  facet normal 5.725090e-01 -0.000000e+00 8.198984e-01
    outer loop
      vertex   -8.084535e+01 0.000000e+00 1.188244e+01
      vertex   -8.084535e+01 2.333333e+01 1.188244e+01
      vertex   -8.199826e+01 0.000000e+00 1.268748e+01
    endloop
  endfacet
  facet normal 5.725090e-01 -6.241852e-17 8.198984e-01
    outer loop
      vertex   -8.199826e+01 0.000000e+00 1.268748e+01
      vertex   -8.084535e+01 2.333333e+01 1.188244e+01
      vertex   -8.199826e+01 2.333333e+01 1.268748e+01
    endloop
  endfacet
  facet normal 4.932169e-01 -6.622561e-17 8.699064e-01
    outer loop
      vertex   -8.199826e+01 0.000000e+00 1.268748e+01
      vertex   -8.199826e+01 2.333333e+01 1.268748e+01
      vertex   -8.322150e+01 0.000000e+00 1.338103e+01
    endloop
  endfacet
  facet normal 4.932169e-01 -0.000000e+00 8.699064e-01
    outer loop
      vertex   -8.322150e+01 0.000000e+00 1.338103e+01
      vertex   -8.199826e+01 2.333333e+01 1.268748e+01
      vertex   -8.322150e+01 2.333333e+01 1.338103e+01
    endloop
  endfacet
  facet normal 4.095904e-01 -0.000000e+00 9.122696e-01
    outer loop
      vertex   -8.322150e+01 0.000000e+00 1.338103e+01
      vertex   -8.322150e+01 2.333333e+01 1.338103e+01
      vertex   -8.450430e+01 0.000000e+00 1.395698e+01
    endloop
  endfacet
  facet normal 4.095904e-01 -0.000000e+00 9.122696e-01
    outer loop
      vertex   -8.450430e+01 0.000000e+00 1.395698e+01
      vertex   -8.322150e+01 2.333333e+01 1.338103e+01
      vertex   -8.450430e+01 2.333333e+01 1.395698e+01
    endloop
  endfacet
  facet normal 3.223643e-01 -0.000000e+00 9.466157e-01
    outer loop
      vertex   -8.450430e+01 0.000000e+00 1.395698e+01
      vertex   -8.450430e+01 2.333333e+01 1.395698e+01
      vertex   -8.583540e+01 0.000000e+00 1.441028e+01
    endloop
  endfacet
  facet normal 3.223643e-01 7.206545e-17 9.466157e-01
    outer loop
      vertex   -8.583540e+01 0.000000e+00 1.441028e+01
      vertex   -8.450430e+01 2.333333e+01 1.395698e+01
      vertex   -8.583540e+01 2.333333e+01 1.441028e+01
    endloop
  endfacet
  facet normal 2.323054e-01 7.404689e-17 9.726429e-01
    outer loop
      vertex   -8.583540e+01 0.000000e+00 1.441028e+01
      vertex   -8.583540e+01 2.333333e+01 1.441028e+01
      vertex   -8.720310e+01 0.000000e+00 1.473694e+01
    endloop
  endfacet
  facet normal 2.323054e-01 -0.000000e+00 9.726429e-01
    outer loop
      vertex   -8.720310e+01 0.000000e+00 1.473694e+01
      vertex   -8.583540e+01 2.333333e+01 1.441028e+01
      vertex   -8.720310e+01 2.333333e+01 1.473694e+01
    endloop
  endfacet
  facet normal 1.402049e-01 -0.000000e+00 9.901225e-01
    outer loop
      vertex   -8.720310e+01 0.000000e+00 1.473694e+01
      vertex   -8.720310e+01 2.333333e+01 1.473694e+01
      vertex   -8.859538e+01 0.000000e+00 1.493409e+01
    endloop
  endfacet
  facet normal 1.402049e-01 -0.000000e+00 9.901225e-01
    outer loop
      vertex   -8.859538e+01 0.000000e+00 1.493409e+01
      vertex   -8.720310e+01 2.333333e+01 1.473694e+01
      vertex   -8.859538e+01 2.333333e+01 1.493409e+01
    endloop
  endfacet
  facet normal 4.687226e-02 0.000000e+00 9.989009e-01
    outer loop
      vertex   -9.000000e+01 4.666667e+01 1.500000e+01
      vertex   -9.000000e+01 2.333333e+01 1.500000e+01
      vertex   -8.859538e+01 4.666667e+01 1.493409e+01
    endloop
  endfacet
  facet normal 4.687226e-02 0.000000e+00 9.989009e-01
    outer loop
      vertex   -8.859538e+01 4.666667e+01 1.493409e+01
      vertex   -9.000000e+01 2.333333e+01 1.500000e+01
      vertex   -8.859538e+01 2.333333e+01 1.493409e+01
    endloop
  endfacet
  facet normal 1.402049e-01 0.000000e+00 9.901225e-01
    outer loop
      vertex   -8.859538e+01 4.666667e+01 1.493409e+01
      vertex   -8.859538e+01 2.333333e+01 1.493409e+01
      vertex   -8.720310e+01 4.666667e+01 1.473694e+01
    endloop
  endfacet
  facet normal 1.402049e-01 0.000000e+00 9.901225e-01
    outer loop
      vertex   -8.720310e+01 4.666667e+01 1.473694e+01
      vertex   -8.859538e+01 2.333333e+01 1.493409e+01
      vertex   -8.720310e+01 2.333333e+01 1.473694e+01
    endloop
  endfacet
  facet normal 2.323054e-01 0.000000e+00 9.726429e-01
    outer loop
      vertex   -8.720310e+01 4.666667e+01 1.473694e+01
      vertex   -8.720310e+01 2.333333e+01 1.473694e+01
      vertex   -8.583540e+01 4.666667e+01 1.441028e+01
    endloop
  endfacet
  facet normal 2.323054e-01 0.000000e+00 9.726429e-01
    outer loop
      vertex   -8.583540e+01 4.666667e+01 1.441028e+01
      vertex   -8.720310e+01 2.333333e+01 1.473694e+01
      vertex   -8.583540e+01 2.333333e+01 1.441028e+01
    endloop
  endfacet
  facet normal 3.223643e-01 0.000000e+00 9.466157e-01
    outer loop
      vertex   -8.583540e+01 4.666667e+01 1.441028e+01
      vertex   -8.583540e+01 2.333333e+01 1.441028e+01
      vertex   -8.450430e+01 4.666667e+01 1.395698e+01
    endloop
  endfacet
  facet normal 3.223643e-01 0.000000e+00 9.466157e-01
    outer loop
      vertex   -8.450430e+01 4.666667e+01 1.395698e+01
      vertex   -8.583540e+01 2.333333e+01 1.441028e+01
      vertex   -8.450430e+01 2.333333e+01 1.395698e+01
    endloop
  endfacet
  facet normal 4.095904e-01 0.000000e+00 9.122696e-01
    outer loop
      vertex   -8.450430e+01 4.666667e+01 1.395698e+01
      vertex   -8.450430e+01 2.333333e+01 1.395698e+01
      vertex   -8.322150e+01 4.666667e+01 1.338103e+01
    endloop
  endfacet
  facet normal 4.095904e-01 6.945070e-17 9.122696e-01
    outer loop
      vertex   -8.322150e+01 4.666667e+01 1.338103e+01
      vertex   -8.450430e+01 2.333333e+01 1.395698e+01
      vertex   -8.322150e+01 2.333333e+01 1.338103e+01
    endloop
  endfacet
  facet normal 4.932169e-01 6.622561e-17 8.699064e-01
    outer loop
      vertex   -8.322150e+01 4.666667e+01 1.338103e+01
      vertex   -8.322150e+01 2.333333e+01 1.338103e+01
      vertex   -8.199826e+01 4.666667e+01 1.268748e+01
    endloop
  endfacet
  facet normal 4.932169e-01 0.000000e+00 8.699064e-01
    outer loop
      vertex   -8.199826e+01 4.666667e+01 1.268748e+01
      vertex   -8.322150e+01 2.333333e+01 1.338103e+01
      vertex   -8.199826e+01 2.333333e+01 1.268748e+01
    endloop
  endfacet
  facet normal 5.725090e-01 0.000000e+00 8.198984e-01
    outer loop
      vertex   -8.199826e+01 4.666667e+01 1.268748e+01
      vertex   -8.199826e+01 2.333333e+01 1.268748e+01
      vertex   -8.084535e+01 4.666667e+01 1.188244e+01
    endloop
  endfacet
  facet normal 5.725090e-01 0.000000e+00 8.198984e-01
    outer loop
      vertex   -8.084535e+01 4.666667e+01 1.188244e+01
      vertex   -8.199826e+01 2.333333e+01 1.268748e+01
      vertex   -8.084535e+01 2.333333e+01 1.188244e+01
    endloop
  endfacet
  facet normal 6.467699e-01 0.000000e+00 7.626852e-01
    outer loop
      vertex   -8.084535e+01 4.666667e+01 1.188244e+01
      vertex   -8.084535e+01 2.333333e+01 1.188244e+01
      vertex   -7.977288e+01 4.666667e+01 1.097297e+01
    endloop
  endfacet
  facet normal 6.467699e-01 0.000000e+00 7.626852e-01
    outer loop
      vertex   -7.977288e+01 4.666667e+01 1.097297e+01
      vertex   -8.084535e+01 2.333333e+01 1.188244e+01
      vertex   -7.977288e+01 2.333333e+01 1.097297e+01
    endloop
  endfacet
  facet normal 7.153470e-01 0.000000e+00 6.987694e-01
    outer loop
      vertex   -7.977288e+01 4.666667e+01 1.097297e+01
      vertex   -7.977288e+01 2.333333e+01 1.097297e+01
      vertex   -7.879030e+01 4.666667e+01 9.967072e+00
    endloop
  endfacet
  facet normal 7.153470e-01 0.000000e+00 6.987694e-01
    outer loop
      vertex   -7.879030e+01 4.666667e+01 9.967072e+00
      vertex   -7.977288e+01 2.333333e+01 1.097297e+01
      vertex   -7.879030e+01 2.333333e+01 9.967072e+00
    endloop
  endfacet
  facet normal 7.776375e-01 0.000000e+00 6.287129e-01
    outer loop
      vertex   -7.879030e+01 4.666667e+01 9.967072e+00
      vertex   -7.879030e+01 2.333333e+01 9.967072e+00
      vertex   -7.790622e+01 4.666667e+01 8.873583e+00
    endloop
  endfacet
  facet normal 7.776375e-01 0.000000e+00 6.287129e-01
    outer loop
      vertex   -7.790622e+01 4.666667e+01 8.873583e+00
      vertex   -7.879030e+01 2.333333e+01 9.967072e+00
      vertex   -7.790622e+01 2.333333e+01 8.873583e+00
    endloop
  endfacet
  facet normal 8.330942e-01 0.000000e+00 5.531312e-01
    outer loop
      vertex   -7.790622e+01 4.666667e+01 8.873583e+00
      vertex   -7.790622e+01 2.333333e+01 8.873583e+00
      vertex   -7.712842e+01 4.666667e+01 7.702113e+00
    endloop
  endfacet
  facet normal 8.330942e-01 0.000000e+00 5.531312e-01
    outer loop
      vertex   -7.712842e+01 4.666667e+01 7.702113e+00
      vertex   -7.790622e+01 2.333333e+01 8.873583e+00
      vertex   -7.712842e+01 2.333333e+01 7.702113e+00
    endloop
  endfacet
  facet normal 8.812296e-01 0.000000e+00 4.726885e-01
    outer loop
      vertex   -7.712842e+01 4.666667e+01 7.702113e+00
      vertex   -7.712842e+01 2.333333e+01 7.702113e+00
      vertex   -7.646375e+01 4.666667e+01 6.462956e+00
    endloop
  endfacet
  facet normal 8.812296e-01 1.259495e-16 4.726885e-01
    outer loop
      vertex   -7.646375e+01 4.666667e+01 6.462956e+00
      vertex   -7.712842e+01 2.333333e+01 7.702113e+00
      vertex   -7.646375e+01 2.333333e+01 6.462956e+00
    endloop
  endfacet
  facet normal 9.216207e-01 1.034084e-16 3.880919e-01
    outer loop
      vertex   -7.646375e+01 4.666667e+01 6.462956e+00
      vertex   -7.646375e+01 2.333333e+01 6.462956e+00
      vertex   -7.591802e+01 4.666667e+01 5.167003e+00
    endloop
  endfacet
  facet normal 9.216207e-01 5.909054e-17 3.880919e-01
    outer loop
      vertex   -7.591802e+01 4.666667e+01 5.167003e+00
      vertex   -7.646375e+01 2.333333e+01 6.462956e+00
      vertex   -7.591802e+01 2.333333e+01 5.167003e+00
    endloop
  endfacet
  facet normal 9.539126e-01 4.569063e-17 3.000846e-01
    outer loop
      vertex   -7.591802e+01 4.666667e+01 5.167003e+00
      vertex   -7.591802e+01 2.333333e+01 5.167003e+00
      vertex   -7.549605e+01 4.666667e+01 3.825642e+00
    endloop
  endfacet
  facet normal 9.539126e-01 0.000000e+00 3.000846e-01
    outer loop
      vertex   -7.549605e+01 4.666667e+01 3.825642e+00
      vertex   -7.591802e+01 2.333333e+01 5.167003e+00
      vertex   -7.549605e+01 2.333333e+01 3.825642e+00
    endloop
  endfacet
  facet normal 9.778214e-01 0.000000e+00 2.094403e-01
    outer loop
      vertex   -7.549605e+01 4.666667e+01 3.825642e+00
      vertex   -7.549605e+01 2.333333e+01 3.825642e+00
      vertex   -7.520155e+01 4.666667e+01 2.450660e+00
    endloop
  endfacet
  facet normal 9.778214e-01 -3.188920e-17 2.094403e-01
    outer loop
      vertex   -7.520155e+01 4.666667e+01 2.450660e+00
      vertex   -7.549605e+01 2.333333e+01 3.825642e+00
      vertex   -7.520155e+01 2.333333e+01 2.450660e+00
    endloop
  endfacet
  facet normal 9.931372e-01 -1.780752e-17 1.169553e-01
    outer loop
      vertex   -7.520155e+01 4.666667e+01 2.450660e+00
      vertex   -7.520155e+01 2.333333e+01 2.450660e+00
      vertex   -7.503709e+01 4.666667e+01 1.054143e+00
    endloop
  endfacet
  facet normal 9.931372e-01 1.669455e-17 1.169553e-01
    outer loop
      vertex   -7.503709e+01 4.666667e+01 1.054143e+00
      vertex   -7.520155e+01 2.333333e+01 2.450660e+00
      vertex   -7.503709e+01 2.333333e+01 1.054143e+00
    endloop
  endfacet
  facet normal 9.997252e-01 3.346262e-18 2.344257e-02
    outer loop
      vertex   -7.503709e+01 4.666667e+01 1.054143e+00
      vertex   -7.503709e+01 2.333333e+01 1.054143e+00
      vertex   -7.500412e+01 4.666667e+01 -3.516386e-01
    endloop
  endfacet
  facet normal 9.997252e-01 3.346262e-18 2.344257e-02
    outer loop
      vertex   -7.500412e+01 4.666667e+01 -3.516386e-01
      vertex   -7.503709e+01 2.333333e+01 1.054143e+00
      vertex   -7.500412e+01 2.333333e+01 -3.516386e-01
    endloop
  endfacet
  facet normal 9.975276e-01 -1.003143e-17 -7.027619e-02
    outer loop
      vertex   -7.500412e+01 4.666667e+01 -3.516386e-01
      vertex   -7.500412e+01 2.333333e+01 -3.516386e-01
      vertex   -7.510294e+01 4.666667e+01 -1.754330e+00
    endloop
  endfacet
  facet normal 9.975276e-01 0.000000e+00 -7.027619e-02
    outer loop
      vertex   -7.510294e+01 4.666667e+01 -1.754330e+00
      vertex   -7.500412e+01 2.333333e+01 -3.516386e-01
      vertex   -7.510294e+01 2.333333e+01 -1.754330e+00
    endloop
  endfacet
  facet normal 9.865637e-01 0.000000e+00 -1.633774e-01
    outer loop
      vertex   -7.510294e+01 4.666667e+01 -1.754330e+00
      vertex   -7.510294e+01 2.333333e+01 -1.754330e+00
      vertex   -7.533268e+01 4.666667e+01 -3.141604e+00
    endloop
  endfacet
  facet normal 9.865637e-01 2.487570e-17 -1.633774e-01
    outer loop
      vertex   -7.533268e+01 4.666667e+01 -3.141604e+00
      vertex   -7.510294e+01 2.333333e+01 -1.754330e+00
      vertex   -7.533268e+01 2.333333e+01 -3.141604e+00
    endloop
  endfacet
  facet normal 9.669298e-01 3.883260e-17 -2.550428e-01
    outer loop
      vertex   -7.533268e+01 4.666667e+01 -3.141604e+00
      vertex   -7.533268e+01 2.333333e+01 -3.141604e+00
      vertex   -7.569131e+01 4.666667e+01 -4.501270e+00
    endloop
  endfacet
  facet normal 9.669298e-01 -2.912445e-17 -2.550428e-01
    outer loop
      vertex   -7.569131e+01 4.666667e+01 -4.501270e+00
      vertex   -7.533268e+01 2.333333e+01 -3.141604e+00
      vertex   -7.569131e+01 2.333333e+01 -4.501270e+00
    endloop
  endfacet
  facet normal 9.387985e-01 -3.933617e-17 -3.444669e-01
    outer loop
      vertex   -7.569131e+01 4.666667e+01 -4.501270e+00
      vertex   -7.569131e+01 2.333333e+01 -4.501270e+00
      vertex   -7.617569e+01 4.666667e+01 -5.821378e+00
    endloop
  endfacet
  facet normal 9.387985e-01 0.000000e+00 -3.444669e-01
    outer loop
      vertex   -7.617569e+01 4.666667e+01 -5.821378e+00
      vertex   -7.569131e+01 2.333333e+01 -4.501270e+00
      vertex   -7.617569e+01 2.333333e+01 -5.821378e+00
    endloop
  endfacet
  facet normal 9.024170e-01 0.000000e+00 -4.308637e-01
    outer loop
      vertex   -7.617569e+01 4.666667e+01 -5.821378e+00
      vertex   -7.617569e+01 2.333333e+01 -5.821378e+00
      vertex   -7.678156e+01 4.666667e+01 -7.090328e+00
    endloop
  endfacet
  facet normal 9.024170e-01 0.000000e+00 -4.308637e-01
    outer loop
      vertex   -7.678156e+01 4.666667e+01 -7.090328e+00
      vertex   -7.617569e+01 2.333333e+01 -5.821378e+00
      vertex   -7.678156e+01 2.333333e+01 -7.090328e+00
    endloop
  endfacet
  facet normal 8.581050e-01 0.000000e+00 -5.134742e-01
    outer loop
      vertex   -7.678156e+01 4.666667e+01 -7.090328e+00
      vertex   -7.678156e+01 2.333333e+01 -7.090328e+00
      vertex   -7.750359e+01 4.666667e+01 -8.296967e+00
    endloop
  endfacet
  facet normal 8.581050e-01 -3.909057e-17 -5.134742e-01
    outer loop
      vertex   -7.750359e+01 4.666667e+01 -8.296967e+00
      vertex   -7.678156e+01 2.333333e+01 -7.090328e+00
      vertex   -7.750359e+01 2.333333e+01 -8.296967e+00
    endloop
  endfacet
  facet normal 8.062520e-01 -4.503614e-17 -5.915722e-01
    outer loop
      vertex   -7.750359e+01 4.666667e+01 -8.296967e+00
      vertex   -7.750359e+01 2.333333e+01 -8.296967e+00
      vertex   -7.833544e+01 4.666667e+01 -9.430693e+00
    endloop
  endfacet
  facet normal 8.062520e-01 0.000000e+00 -5.915722e-01
    outer loop
      vertex   -7.833544e+01 4.666667e+01 -9.430693e+00
      vertex   -7.750359e+01 2.333333e+01 -8.296967e+00
      vertex   -7.833544e+01 2.333333e+01 -9.430693e+00
    endloop
  endfacet
  facet normal 7.473136e-01 0.000000e+00 -6.644715e-01
    outer loop
      vertex   -7.833544e+01 4.666667e+01 -9.430693e+00
      vertex   -7.833544e+01 2.333333e+01 -9.430693e+00
      vertex   -7.926980e+01 4.666667e+01 -1.048154e+01
    endloop
  endfacet
  facet normal 7.473136e-01 0.000000e+00 -6.644715e-01
    outer loop
      vertex   -7.926980e+01 4.666667e+01 -1.048154e+01
      vertex   -7.833544e+01 2.333333e+01 -9.430693e+00
      vertex   -7.926980e+01 2.333333e+01 -1.048154e+01
    endloop
  endfacet
  facet normal 6.818078e-01 0.000000e+00 -7.315313e-01
    outer loop
      vertex   -7.926980e+01 4.666667e+01 -1.048154e+01
      vertex   -7.926980e+01 2.333333e+01 -1.048154e+01
      vertex   -8.029845e+01 4.666667e+01 -1.144028e+01
    endloop
  endfacet
  facet normal 6.818078e-01 0.000000e+00 -7.315313e-01
    outer loop
      vertex   -8.029845e+01 4.666667e+01 -1.144028e+01
      vertex   -7.926980e+01 2.333333e+01 -1.048154e+01
      vertex   -8.029845e+01 2.333333e+01 -1.144028e+01
    endloop
  endfacet
  facet normal 6.103103e-01 0.000000e+00 -7.921625e-01
    outer loop
      vertex   -8.029845e+01 4.666667e+01 -1.144028e+01
      vertex   -8.029845e+01 2.333333e+01 -1.144028e+01
      vertex   -8.141236e+01 4.666667e+01 -1.229848e+01
    endloop
  endfacet
  facet normal 6.103103e-01 0.000000e+00 -7.921625e-01
    outer loop
      vertex   -8.141236e+01 4.666667e+01 -1.229848e+01
      vertex   -8.029845e+01 2.333333e+01 -1.144028e+01
      vertex   -8.141236e+01 2.333333e+01 -1.229848e+01
    endloop
  endfacet
  facet normal 5.334493e-01 0.000000e+00 -8.458321e-01
    outer loop
      vertex   -8.141236e+01 4.666667e+01 -1.229848e+01
      vertex   -8.141236e+01 2.333333e+01 -1.229848e+01
      vertex   -8.260175e+01 4.666667e+01 -1.304860e+01
    endloop
  endfacet
  facet normal 5.334493e-01 0.000000e+00 -8.458321e-01
    outer loop
      vertex   -8.260175e+01 4.666667e+01 -1.304860e+01
      vertex   -8.141236e+01 2.333333e+01 -1.229848e+01
      vertex   -8.260175e+01 2.333333e+01 -1.304860e+01
    endloop
  endfacet
  facet normal 4.519003e-01 0.000000e+00 -8.920684e-01
    outer loop
      vertex   -8.260175e+01 4.666667e+01 -1.304860e+01
      vertex   -8.260175e+01 2.333333e+01 -1.304860e+01
      vertex   -8.385614e+01 4.666667e+01 -1.368404e+01
    endloop
  endfacet
  facet normal 4.519003e-01 0.000000e+00 -8.920684e-01
    outer loop
      vertex   -8.385614e+01 4.666667e+01 -1.368404e+01
      vertex   -8.260175e+01 2.333333e+01 -1.304860e+01
      vertex   -8.385614e+01 2.333333e+01 -1.368404e+01
    endloop
  endfacet
  facet normal 3.663800e-01 0.000000e+00 -9.304653e-01
    outer loop
      vertex   -8.385614e+01 4.666667e+01 -1.368404e+01
      vertex   -8.385614e+01 2.333333e+01 -1.368404e+01
      vertex   -8.516454e+01 4.666667e+01 -1.419924e+01
    endloop
  endfacet
  facet normal 3.663800e-01 0.000000e+00 -9.304653e-01
    outer loop
      vertex   -8.516454e+01 4.666667e+01 -1.419924e+01
      vertex   -8.385614e+01 2.333333e+01 -1.368404e+01
      vertex   -8.516454e+01 2.333333e+01 -1.419924e+01
    endloop
  endfacet
  facet normal 2.776400e-01 0.000000e+00 -9.606852e-01
    outer loop
      vertex   -8.516454e+01 4.666667e+01 -1.419924e+01
      vertex   -8.516454e+01 2.333333e+01 -1.419924e+01
      vertex   -8.651542e+01 4.666667e+01 -1.458964e+01
    endloop
  endfacet
  facet normal 2.776400e-01 9.595637e-17 -9.606852e-01
    outer loop
      vertex   -8.651542e+01 4.666667e+01 -1.458964e+01
      vertex   -8.516454e+01 2.333333e+01 -1.419924e+01
      vertex   -8.651542e+01 2.333333e+01 -1.458964e+01
    endloop
  endfacet
  facet normal 1.864601e-01 3.876654e-17 -9.824625e-01
    outer loop
      vertex   -8.651542e+01 4.666667e+01 -1.458964e+01
      vertex   -8.651542e+01 2.333333e+01 -1.458964e+01
      vertex   -8.789693e+01 4.666667e+01 -1.485184e+01
    endloop
  endfacet
  facet normal 1.864601e-01 0.000000e+00 -9.824625e-01
    outer loop
      vertex   -8.789693e+01 4.666667e+01 -1.485184e+01
      vertex   -8.651542e+01 2.333333e+01 -1.458964e+01
      vertex   -8.789693e+01 2.333333e+01 -1.485184e+01
    endloop
  endfacet
  facet normal 9.364149e-02 0.000000e+00 -9.956060e-01
    outer loop
      vertex   -8.789693e+01 4.666667e+01 -1.485184e+01
      vertex   -8.789693e+01 2.333333e+01 -1.485184e+01
      vertex   -8.929692e+01 4.666667e+01 -1.498351e+01
    endloop
  endfacet
  facet normal 9.364149e-02 0.000000e+00 -9.956060e-01
    outer loop
      vertex   -8.929692e+01 4.666667e+01 -1.498351e+01
      vertex   -8.789693e+01 2.333333e+01 -1.485184e+01
      vertex   -8.929692e+01 2.333333e+01 -1.498351e+01
    endloop
  endfacet
  facet normal -0.000000e+00 -0.000000e+00 -1.000000e+00
    outer loop
      vertex   -8.929692e+01 4.666667e+01 -1.498351e+01
      vertex   -8.929692e+01 2.333333e+01 -1.498351e+01
      vertex   -9.070308e+01 4.666667e+01 -1.498351e+01
    endloop
  endfacet
  facet normal 0.000000e+00 0.000000e+00 -1.000000e+00
    outer loop
      vertex   -9.070308e+01 4.666667e+01 -1.498351e+01
      vertex   -8.929692e+01 2.333333e+01 -1.498351e+01
      vertex   -9.070308e+01 2.333333e+01 -1.498351e+01
    endloop
  endfacet
  facet normal -9.364149e-02 -0.000000e+00 -9.956060e-01
    outer loop
      vertex   -9.070308e+01 4.666667e+01 -1.498351e+01
      vertex   -9.070308e+01 2.333333e+01 -1.498351e+01
      vertex   -9.210307e+01 4.666667e+01 -1.485184e+01
    endloop
  endfacet
  facet normal -9.364149e-02 -0.000000e+00 -9.956060e-01
    outer loop
      vertex   -9.210307e+01 4.666667e+01 -1.485184e+01
      vertex   -9.070308e+01 2.333333e+01 -1.498351e+01
      vertex   -9.210307e+01 2.333333e+01 -1.485184e+01
    endloop
  endfacet
  facet normal -1.864601e-01 -0.000000e+00 -9.824625e-01
    outer loop
      vertex   -9.210307e+01 4.666667e+01 -1.485184e+01
      vertex   -9.210307e+01 2.333333e+01 -1.485184e+01
      vertex   -9.348458e+01 4.666667e+01 -1.458964e+01
    endloop
  endfacet
  facet normal -1.864601e-01 -3.876654e-17 -9.824625e-01
    outer loop
      vertex   -9.348458e+01 4.666667e+01 -1.458964e+01
      vertex   -9.210307e+01 2.333333e+01 -1.485184e+01
      vertex   -9.348458e+01 2.333333e+01 -1.458964e+01
    endloop
  endfacet
  facet normal -2.776400e-01 -9.595637e-17 -9.606852e-01
    outer loop
      vertex   -9.348458e+01 4.666667e+01 -1.458964e+01
      vertex   -9.348458e+01 2.333333e+01 -1.458964e+01
      vertex   -9.483546e+01 4.666667e+01 -1.419924e+01
    endloop
  endfacet
  facet normal -2.776400e-01 -0.000000e+00 -9.606852e-01
    outer loop
      vertex   -9.483546e+01 4.666667e+01 -1.419924e+01
      vertex   -9.348458e+01 2.333333e+01 -1.458964e+01
      vertex   -9.483546e+01 2.333333e+01 -1.419924e+01
    endloop
  endfacet
  facet normal -3.663800e-01 -0.000000e+00 -9.304653e-01
    outer loop
      vertex   -9.483546e+01 4.666667e+01 -1.419924e+01
      vertex   -9.483546e+01 2.333333e+01 -1.419924e+01
      vertex   -9.614386e+01 4.666667e+01 -1.368404e+01
    endloop
  endfacet
  facet normal -3.663800e-01 -0.000000e+00 -9.304653e-01
    outer loop
      vertex   -9.614386e+01 4.666667e+01 -1.368404e+01
      vertex   -9.483546e+01 2.333333e+01 -1.419924e+01
      vertex   -9.614386e+01 2.333333e+01 -1.368404e+01
    endloop
  endfacet
  facet normal -4.519003e-01 -0.000000e+00 -8.920684e-01
    outer loop
      vertex   -9.614386e+01 4.666667e+01 -1.368404e+01
      vertex   -9.614386e+01 2.333333e+01 -1.368404e+01
      vertex   -9.739825e+01 4.666667e+01 -1.304860e+01
    endloop
  endfacet
  facet normal -4.519003e-01 -0.000000e+00 -8.920684e-01
    outer loop
      vertex   -9.739825e+01 4.666667e+01 -1.304860e+01
      vertex   -9.614386e+01 2.333333e+01 -1.368404e+01
      vertex   -9.739825e+01 2.333333e+01 -1.304860e+01
    endloop
  endfacet
  facet normal -5.334493e-01 -0.000000e+00 -8.458321e-01
    outer loop
      vertex   -9.739825e+01 4.666667e+01 -1.304860e+01
      vertex   -9.739825e+01 2.333333e+01 -1.304860e+01
      vertex   -9.858764e+01 4.666667e+01 -1.229848e+01
    endloop
  endfacet
  facet normal -5.334493e-01 -0.000000e+00 -8.458321e-01
    outer loop
      vertex   -9.858764e+01 4.666667e+01 -1.229848e+01
      vertex   -9.739825e+01 2.333333e+01 -1.304860e+01
      vertex   -9.858764e+01 2.333333e+01 -1.229848e+01
    endloop
  endfacet
  facet normal -6.103103e-01 -0.000000e+00 -7.921625e-01
    outer loop
      vertex   -9.858764e+01 4.666667e+01 -1.229848e+01
      vertex   -9.858764e+01 2.333333e+01 -1.229848e+01
      vertex   -9.970155e+01 4.666667e+01 -1.144028e+01
    endloop
  endfacet
  facet normal -6.103103e-01 -0.000000e+00 -7.921625e-01
    outer loop
      vertex   -9.970155e+01 4.666667e+01 -1.144028e+01
      vertex   -9.858764e+01 2.333333e+01 -1.229848e+01
      vertex   -9.970155e+01 2.333333e+01 -1.144028e+01
    endloop
  endfacet
  facet normal -6.818078e-01 -0.000000e+00 -7.315313e-01
    outer loop
      vertex   -9.970155e+01 4.666667e+01 -1.144028e+01
      vertex   -9.970155e+01 2.333333e+01 -1.144028e+01
      vertex   -1.007302e+02 4.666667e+01 -1.048154e+01
    endloop
  endfacet
  facet normal -6.818078e-01 -0.000000e+00 -7.315313e-01
    outer loop
      vertex   -1.007302e+02 4.666667e+01 -1.048154e+01
      vertex   -9.970155e+01 2.333333e+01 -1.144028e+01
      vertex   -1.007302e+02 2.333333e+01 -1.048154e+01
    endloop
  endfacet
  facet normal -7.473136e-01 -0.000000e+00 -6.644715e-01
    outer loop
      vertex   -1.007302e+02 4.666667e+01 -1.048154e+01
      vertex   -1.007302e+02 2.333333e+01 -1.048154e+01
      vertex   -1.016646e+02 4.666667e+01 -9.430693e+00
    endloop
  endfacet
  facet normal -7.473136e-01 -0.000000e+00 -6.644715e-01
    outer loop
      vertex   -1.016646e+02 4.666667e+01 -9.430693e+00
      vertex   -1.007302e+02 2.333333e+01 -1.048154e+01
      vertex   -1.016646e+02 2.333333e+01 -9.430693e+00
    endloop
  endfacet
  facet normal -8.062520e-01 -0.000000e+00 -5.915722e-01
    outer loop
      vertex   -1.016646e+02 4.666667e+01 -9.430693e+00
      vertex   -1.016646e+02 2.333333e+01 -9.430693e+00
      vertex   -1.024964e+02 4.666667e+01 -8.296967e+00
    endloop
  endfacet
  facet normal -8.062520e-01 -3.108924e-16 -5.915722e-01
    outer loop
      vertex   -1.024964e+02 4.666667e+01 -8.296967e+00
      vertex   -1.016646e+02 2.333333e+01 -9.430693e+00
      vertex   -1.024964e+02 2.333333e+01 -8.296967e+00
    endloop
  endfacet
  facet normal -8.581050e-01 -3.662551e-16 -5.134742e-01
    outer loop
      vertex   -1.024964e+02 4.666667e+01 -8.296967e+00
      vertex   -1.024964e+02 2.333333e+01 -8.296967e+00
      vertex   -1.032184e+02 4.666667e+01 -7.090328e+00
    endloop
  endfacet
  facet normal -8.581050e-01 -0.000000e+00 -5.134742e-01
    outer loop
      vertex   -1.032184e+02 4.666667e+01 -7.090328e+00
      vertex   -1.024964e+02 2.333333e+01 -8.296967e+00
      vertex   -1.032184e+02 2.333333e+01 -7.090328e+00
    endloop
  endfacet
  facet normal -9.024170e-01 -0.000000e+00 -4.308637e-01
    outer loop
      vertex   -1.032184e+02 4.666667e+01 -7.090328e+00
      vertex   -1.032184e+02 2.333333e+01 -7.090328e+00
      vertex   -1.038243e+02 4.666667e+01 -5.821378e+00
    endloop
  endfacet
  facet normal -9.024170e-01 -0.000000e+00 -4.308637e-01
    outer loop
      vertex   -1.038243e+02 4.666667e+01 -5.821378e+00
      vertex   -1.032184e+02 2.333333e+01 -7.090328e+00
      vertex   -1.038243e+02 2.333333e+01 -5.821378e+00
    endloop
  endfacet
  facet normal -9.387985e-01 -0.000000e+00 -3.444669e-01
    outer loop
      vertex   -1.038243e+02 4.666667e+01 -5.821378e+00
      vertex   -1.038243e+02 2.333333e+01 -5.821378e+00
      vertex   -1.043087e+02 4.666667e+01 -4.501270e+00
    endloop
  endfacet
  facet normal -9.387985e-01 5.244823e-17 -3.444669e-01
    outer loop
      vertex   -1.043087e+02 4.666667e+01 -4.501270e+00
      vertex   -1.038243e+02 2.333333e+01 -5.821378e+00
      vertex   -1.043087e+02 2.333333e+01 -4.501270e+00
    endloop
  endfacet
  facet normal -9.669298e-01 3.883260e-17 -2.550428e-01
    outer loop
      vertex   -1.043087e+02 4.666667e+01 -4.501270e+00
      vertex   -1.043087e+02 2.333333e+01 -4.501270e+00
      vertex   -1.046673e+02 4.666667e+01 -3.141604e+00
    endloop
  endfacet
  facet normal -9.669298e-01 -0.000000e+00 -2.550428e-01
    outer loop
      vertex   -1.046673e+02 4.666667e+01 -3.141604e+00
      vertex   -1.043087e+02 2.333333e+01 -4.501270e+00
      vertex   -1.046673e+02 2.333333e+01 -3.141604e+00
    endloop
  endfacet
  facet normal -9.865637e-01 -0.000000e+00 -1.633774e-01
    outer loop
      vertex   -1.046673e+02 4.666667e+01 -3.141604e+00
      vertex   -1.046673e+02 2.333333e+01 -3.141604e+00
      vertex   -1.048971e+02 4.666667e+01 -1.754330e+00
    endloop
  endfacet
  facet normal -9.865637e-01 -0.000000e+00 -1.633774e-01
    outer loop
      vertex   -1.048971e+02 4.666667e+01 -1.754330e+00
      vertex   -1.046673e+02 2.333333e+01 -3.141604e+00
      vertex   -1.048971e+02 2.333333e+01 -1.754330e+00
    endloop
  endfacet
  facet normal -9.975276e-01 -0.000000e+00 -7.027619e-02
    outer loop
      vertex   -1.048971e+02 4.666667e+01 -1.754330e+00
      vertex   -1.048971e+02 2.333333e+01 -1.754330e+00
      vertex   -1.049959e+02 4.666667e+01 -3.516386e-01
    endloop
  endfacet
  facet normal -9.975276e-01 -0.000000e+00 -7.027619e-02
    outer loop
      vertex   -1.049959e+02 4.666667e+01 -3.516386e-01
      vertex   -1.048971e+02 2.333333e+01 -1.754330e+00
      vertex   -1.049959e+02 2.333333e+01 -3.516386e-01
    endloop
  endfacet
  facet normal -9.997252e-01 0.000000e+00 2.344257e-02
    outer loop
      vertex   -1.049959e+02 4.666667e+01 -3.516386e-01
      vertex   -1.049959e+02 2.333333e+01 -3.516386e-01
      vertex   -1.049629e+02 4.666667e+01 1.054143e+00
    endloop
  endfacet
  facet normal -9.997252e-01 -3.346262e-18 2.344257e-02
    outer loop
      vertex   -1.049629e+02 4.666667e+01 1.054143e+00
      vertex   -1.049959e+02 2.333333e+01 -3.516386e-01
      vertex   -1.049629e+02 2.333333e+01 1.054143e+00
    endloop
  endfacet
  facet normal -9.931372e-01 -1.669455e-17 1.169553e-01
    outer loop
      vertex   -1.049629e+02 4.666667e+01 1.054143e+00
      vertex   -1.049629e+02 2.333333e+01 1.054143e+00
      vertex   -1.047985e+02 4.666667e+01 2.450660e+00
    endloop
  endfacet
  facet normal -9.931372e-01 0.000000e+00 1.169553e-01
    outer loop
      vertex   -1.047985e+02 4.666667e+01 2.450660e+00
      vertex   -1.049629e+02 2.333333e+01 1.054143e+00
      vertex   -1.047985e+02 2.333333e+01 2.450660e+00
    endloop
  endfacet
  facet normal -9.778214e-01 0.000000e+00 2.094403e-01
    outer loop
      vertex   -1.047985e+02 4.666667e+01 2.450660e+00
      vertex   -1.047985e+02 2.333333e+01 2.450660e+00
      vertex   -1.045039e+02 4.666667e+01 3.825642e+00
    endloop
  endfacet
  facet normal -9.778214e-01 0.000000e+00 2.094403e-01
    outer loop
      vertex   -1.045039e+02 4.666667e+01 3.825642e+00
      vertex   -1.047985e+02 2.333333e+01 2.450660e+00
      vertex   -1.045039e+02 2.333333e+01 3.825642e+00
    endloop
  endfacet
  facet normal -9.539126e-01 0.000000e+00 3.000846e-01
    outer loop
      vertex   -1.045039e+02 4.666667e+01 3.825642e+00
      vertex   -1.045039e+02 2.333333e+01 3.825642e+00
      vertex   -1.040820e+02 4.666667e+01 5.167003e+00
    endloop
  endfacet
  facet normal -9.539126e-01 0.000000e+00 3.000846e-01
    outer loop
      vertex   -1.040820e+02 4.666667e+01 5.167003e+00
      vertex   -1.045039e+02 2.333333e+01 3.825642e+00
      vertex   -1.040820e+02 2.333333e+01 5.167003e+00
    endloop
  endfacet
  facet normal -9.216207e-01 0.000000e+00 3.880919e-01
    outer loop
      vertex   -1.040820e+02 4.666667e+01 5.167003e+00
      vertex   -1.040820e+02 2.333333e+01 5.167003e+00
      vertex   -1.035363e+02 4.666667e+01 6.462956e+00
    endloop
  endfacet
  facet normal -9.216207e-01 -1.034084e-16 3.880919e-01
    outer loop
      vertex   -1.035363e+02 4.666667e+01 6.462956e+00
      vertex   -1.040820e+02 2.333333e+01 5.167003e+00
      vertex   -1.035363e+02 2.333333e+01 6.462956e+00
    endloop
  endfacet
  facet normal -8.812296e-01 -1.259495e-16 4.726885e-01
    outer loop
      vertex   -1.035363e+02 4.666667e+01 6.462956e+00
      vertex   -1.035363e+02 2.333333e+01 6.462956e+00
      vertex   -1.028716e+02 4.666667e+01 7.702113e+00
    endloop
  endfacet
  facet normal -8.812296e-01 0.000000e+00 4.726885e-01
    outer loop
      vertex   -1.028716e+02 4.666667e+01 7.702113e+00
      vertex   -1.035363e+02 2.333333e+01 6.462956e+00
      vertex   -1.028716e+02 2.333333e+01 7.702113e+00
    endloop
  endfacet
  facet normal -8.330942e-01 0.000000e+00 5.531312e-01
    outer loop
      vertex   -1.028716e+02 4.666667e+01 7.702113e+00
      vertex   -1.028716e+02 2.333333e+01 7.702113e+00
      vertex   -1.020938e+02 4.666667e+01 8.873583e+00
    endloop
  endfacet
  facet normal -8.330942e-01 0.000000e+00 5.531312e-01
    outer loop
      vertex   -1.020938e+02 4.666667e+01 8.873583e+00
      vertex   -1.028716e+02 2.333333e+01 7.702113e+00
      vertex   -1.020938e+02 2.333333e+01 8.873583e+00
    endloop
  endfacet
  facet normal -7.776375e-01 0.000000e+00 6.287129e-01
    outer loop
      vertex   -1.020938e+02 4.666667e+01 8.873583e+00
      vertex   -1.020938e+02 2.333333e+01 8.873583e+00
      vertex   -1.012097e+02 4.666667e+01 9.967072e+00
    endloop
  endfacet
  facet normal -7.776375e-01 3.300188e-16 6.287129e-01
    outer loop
      vertex   -1.012097e+02 4.666667e+01 9.967072e+00
      vertex   -1.020938e+02 2.333333e+01 8.873583e+00
      vertex   -1.012097e+02 2.333333e+01 9.967072e+00
    endloop
  endfacet
  facet normal -7.153470e-01 2.760814e-16 6.987694e-01
    outer loop
      vertex   -1.012097e+02 4.666667e+01 9.967072e+00
      vertex   -1.012097e+02 2.333333e+01 9.967072e+00
      vertex   -1.002271e+02 4.666667e+01 1.097297e+01
    endloop
  endfacet
  facet normal -7.153470e-01 0.000000e+00 6.987694e-01
    outer loop
      vertex   -1.002271e+02 4.666667e+01 1.097297e+01
      vertex   -1.012097e+02 2.333333e+01 9.967072e+00
      vertex   -1.002271e+02 2.333333e+01 1.097297e+01
    endloop
  endfacet
  facet normal -6.467699e-01 0.000000e+00 7.626852e-01
    outer loop
      vertex   -1.002271e+02 4.666667e+01 1.097297e+01
      vertex   -1.002271e+02 2.333333e+01 1.097297e+01
      vertex   -9.915465e+01 4.666667e+01 1.188244e+01
    endloop
  endfacet
  facet normal -6.467699e-01 0.000000e+00 7.626852e-01
    outer loop
      vertex   -9.915465e+01 4.666667e+01 1.188244e+01
      vertex   -1.002271e+02 2.333333e+01 1.097297e+01
      vertex   -9.915465e+01 2.333333e+01 1.188244e+01
    endloop
  endfacet
  facet normal -5.725090e-01 0.000000e+00 8.198984e-01
    outer loop
      vertex   -9.915465e+01 4.666667e+01 1.188244e+01
      vertex   -9.915465e+01 2.333333e+01 1.188244e+01
      vertex   -9.800174e+01 4.666667e+01 1.268748e+01
    endloop
  endfacet
  facet normal -5.725090e-01 0.000000e+00 8.198984e-01
    outer loop
      vertex   -9.800174e+01 4.666667e+01 1.268748e+01
      vertex   -9.915465e+01 2.333333e+01 1.188244e+01
      vertex   -9.800174e+01 2.333333e+01 1.268748e+01
    endloop
  endfacet
  facet normal -4.932169e-01 0.000000e+00 8.699064e-01
    outer loop
      vertex   -9.800174e+01 4.666667e+01 1.268748e+01
      vertex   -9.800174e+01 2.333333e+01 1.268748e+01
      vertex   -9.677850e+01 4.666667e+01 1.338103e+01
    endloop
  endfacet
  facet normal -4.932169e-01 2.341615e-16 8.699064e-01
    outer loop
      vertex   -9.677850e+01 4.666667e+01 1.338103e+01
      vertex   -9.800174e+01 2.333333e+01 1.268748e+01
      vertex   -9.677850e+01 2.333333e+01 1.338103e+01
    endloop
  endfacet
  facet normal -4.095904e-01 1.800048e-16 9.122696e-01
    outer loop
      vertex   -9.677850e+01 4.666667e+01 1.338103e+01
      vertex   -9.677850e+01 2.333333e+01 1.338103e+01
      vertex   -9.549570e+01 4.666667e+01 1.395698e+01
    endloop
  endfacet
  facet normal -4.095904e-01 0.000000e+00 9.122696e-01
    outer loop
      vertex   -9.549570e+01 4.666667e+01 1.395698e+01
      vertex   -9.677850e+01 2.333333e+01 1.338103e+01
      vertex   -9.549570e+01 2.333333e+01 1.395698e+01
    endloop
  endfacet
  facet normal -3.223643e-01 0.000000e+00 9.466157e-01
    outer loop
      vertex   -9.549570e+01 4.666667e+01 1.395698e+01
      vertex   -9.549570e+01 2.333333e+01 1.395698e+01
      vertex   -9.416460e+01 4.666667e+01 1.441028e+01
    endloop
  endfacet
  facet normal -3.223643e-01 0.000000e+00 9.466157e-01
    outer loop
      vertex   -9.416460e+01 4.666667e+01 1.441028e+01
      vertex   -9.549570e+01 2.333333e+01 1.395698e+01
      vertex   -9.416460e+01 2.333333e+01 1.441028e+01
    endloop
  endfacet
  facet normal -2.323054e-01 0.000000e+00 9.726429e-01
    outer loop
      vertex   -9.416460e+01 4.666667e+01 1.441028e+01
      vertex   -9.416460e+01 2.333333e+01 1.441028e+01
      vertex   -9.279690e+01 4.666667e+01 1.473694e+01
    endloop
  endfacet
  facet normal -2.323054e-01 0.000000e+00 9.726429e-01
    outer loop
      vertex   -9.279690e+01 4.666667e+01 1.473694e+01
      vertex   -9.416460e+01 2.333333e+01 1.441028e+01
      vertex   -9.279690e+01 2.333333e+01 1.473694e+01
    endloop
  endfacet
  facet normal -1.402049e-01 0.000000e+00 9.901225e-01
    outer loop
      vertex   -9.279690e+01 4.666667e+01 1.473694e+01
      vertex   -9.279690e+01 2.333333e+01 1.473694e+01
      vertex   -9.140462e+01 4.666667e+01 1.493409e+01
    endloop
  endfacet
  facet normal -1.402049e-01 0.000000e+00 9.901225e-01
    outer loop
      vertex   -9.140462e+01 4.666667e+01 1.493409e+01
      vertex   -9.279690e+01 2.333333e+01 1.473694e+01
      vertex   -9.140462e+01 2.333333e+01 1.493409e+01
    endloop
  endfacet
  facet normal -4.687226e-02 0.000000e+00 9.989009e-01
    outer loop
      vertex   -9.140462e+01 4.666667e+01 1.493409e+01
      vertex   -9.140462e+01 2.333333e+01 1.493409e+01
      vertex   -9.000000e+01 4.666667e+01 1.500000e+01
    endloop
  endfacet
  facet normal -4.687226e-02 0.000000e+00 9.989009e-01
    outer loop
      vertex   -9.000000e+01 4.666667e+01 1.500000e+01
      vertex   -9.140462e+01 2.333333e+01 1.493409e+01
      vertex   -9.000000e+01 2.333333e+01 1.500000e+01
    endloop
  endfacet
  facet normal 0.000000e+00 1.000000e+00 0.000000e+00
    outer loop
      vertex   -8.907495e+01 7.000000e+01 -6.433839e+00
      vertex   -8.929692e+01 7.000000e+01 -1.498351e+01
      vertex   -9.000000e+01 7.000000e+01 -6.500000e+00
    endloop
  endfacet
  facet normal 0.000000e+00 1.000000e+00 0.000000e+00
    outer loop
      vertex   -9.000000e+01 7.000000e+01 -6.500000e+00
      vertex   -8.929692e+01 7.000000e+01 -1.498351e+01
      vertex   -9.070308e+01 7.000000e+01 -1.498351e+01
    endloop
  endfacet
  facet normal 0.000000e+00 1.000000e+00 0.000000e+00
    outer loop
      vertex   -9.000000e+01 7.000000e+01 -6.500000e+00
      vertex   -9.070308e+01 7.000000e+01 -1.498351e+01
      vertex   -9.092505e+01 7.000000e+01 -6.433839e+00
    endloop
  endfacet
  facet normal 0.000000e+00 1.000000e+00 0.000000e+00
    outer loop
      vertex   -9.092505e+01 7.000000e+01 -6.433839e+00
      vertex   -9.070308e+01 7.000000e+01 -1.498351e+01
      vertex   -9.210307e+01 7.000000e+01 -1.485184e+01
    endloop
  endfacet
  facet normal 0.000000e+00 1.000000e+00 0.000000e+00
    outer loop
      vertex   -9.092505e+01 7.000000e+01 -6.433839e+00
      vertex   -9.210307e+01 7.000000e+01 -1.485184e+01
      vertex   -9.348458e+01 7.000000e+01 -1.458964e+01
    endloop
  endfacet
  facet normal 0.000000e+00 1.000000e+00 0.000000e+00
    outer loop
      vertex   -8.816874e+01 7.000000e+01 -6.236704e+00
      vertex   -8.651542e+01 7.000000e+01 -1.458964e+01
      vertex   -8.907495e+01 7.000000e+01 -6.433839e+00
    endloop
  endfacet
  facet normal 0.000000e+00 1.000000e+00 0.000000e+00
    outer loop
      vertex   -8.907495e+01 7.000000e+01 -6.433839e+00
      vertex   -8.651542e+01 7.000000e+01 -1.458964e+01
      vertex   -8.789693e+01 7.000000e+01 -1.485184e+01
    endloop
  endfacet
  facet normal 0.000000e+00 1.000000e+00 0.000000e+00
    outer loop
      vertex   -8.907495e+01 7.000000e+01 -6.433839e+00
      vertex   -8.789693e+01 7.000000e+01 -1.485184e+01
      vertex   -8.929692e+01 7.000000e+01 -1.498351e+01
    endloop
  endfacet
  facet normal 0.000000e+00 1.000000e+00 -0.000000e+00
    outer loop
      vertex   -8.651542e+01 7.000000e+01 -1.458964e+01
      vertex   -8.816874e+01 7.000000e+01 -6.236704e+00
      vertex   -8.516454e+01 7.000000e+01 -1.419924e+01
    endloop
  endfacet
  facet normal 0.000000e+00 1.000000e+00 0.000000e+00
    outer loop
      vertex   -8.516454e+01 7.000000e+01 -1.419924e+01
      vertex   -8.816874e+01 7.000000e+01 -6.236704e+00
      vertex   -8.729980e+01 7.000000e+01 -5.912608e+00
    endloop
  endfacet
  facet normal 0.000000e+00 1.000000e+00 -0.000000e+00
    outer loop
      vertex   -8.516454e+01 7.000000e+01 -1.419924e+01
      vertex   -8.729980e+01 7.000000e+01 -5.912608e+00
      vertex   -8.385614e+01 7.000000e+01 -1.368404e+01
    endloop
  endfacet
  facet normal 0.000000e+00 1.000000e+00 -0.000000e+00
    outer loop
      vertex   -8.385614e+01 7.000000e+01 -1.368404e+01
      vertex   -8.729980e+01 7.000000e+01 -5.912608e+00
      vertex   -8.260175e+01 7.000000e+01 -1.304860e+01
    endloop
  endfacet
  facet normal 0.000000e+00 1.000000e+00 0.000000e+00
    outer loop
      vertex   -8.260175e+01 7.000000e+01 -1.304860e+01
      vertex   -8.729980e+01 7.000000e+01 -5.912608e+00
      vertex   -8.648583e+01 7.000000e+01 -5.468148e+00
    endloop
  endfacet
  facet normal 0.000000e+00 1.000000e+00 -0.000000e+00
    outer loop
      vertex   -8.260175e+01 7.000000e+01 -1.304860e+01
      vertex   -8.648583e+01 7.000000e+01 -5.468148e+00
      vertex   -8.141236e+01 7.000000e+01 -1.229848e+01
    endloop
  endfacet
  facet normal 0.000000e+00 1.000000e+00 0.000000e+00
    outer loop
      vertex   -8.141236e+01 7.000000e+01 -1.229848e+01
      vertex   -8.648583e+01 7.000000e+01 -5.468148e+00
      vertex   -8.574341e+01 7.000000e+01 -4.912372e+00
    endloop
  endfacet
  facet normal 0.000000e+00 1.000000e+00 -0.000000e+00
    outer loop
      vertex   -8.141236e+01 7.000000e+01 -1.229848e+01
      vertex   -8.574341e+01 7.000000e+01 -4.912372e+00
      vertex   -8.029845e+01 7.000000e+01 -1.144028e+01
    endloop
  endfacet
  facet normal 0.000000e+00 1.000000e+00 -0.000000e+00
    outer loop
      vertex   -8.029845e+01 7.000000e+01 -1.144028e+01
      vertex   -8.574341e+01 7.000000e+01 -4.912372e+00
      vertex   -7.926980e+01 7.000000e+01 -1.048154e+01
    endloop
  endfacet
  facet normal 0.000000e+00 1.000000e+00 0.000000e+00
    outer loop
      vertex   -7.926980e+01 7.000000e+01 -1.048154e+01
      vertex   -8.574341e+01 7.000000e+01 -4.912372e+00
      vertex   -8.508763e+01 7.000000e+01 -4.256595e+00
    endloop
  endfacet
  facet normal 0.000000e+00 1.000000e+00 -0.000000e+00
    outer loop
      vertex   -7.926980e+01 7.000000e+01 -1.048154e+01
      vertex   -8.508763e+01 7.000000e+01 -4.256595e+00
      vertex   -7.833544e+01 7.000000e+01 -9.430693e+00
    endloop
  endfacet
  facet normal 0.000000e+00 1.000000e+00 0.000000e+00
    outer loop
      vertex   -7.833544e+01 7.000000e+01 -9.430693e+00
      vertex   -8.508763e+01 7.000000e+01 -4.256595e+00
      vertex   -8.453185e+01 7.000000e+01 -3.514165e+00
    endloop
  endfacet
  facet normal 0.000000e+00 1.000000e+00 -0.000000e+00
    outer loop
      vertex   -7.833544e+01 7.000000e+01 -9.430693e+00
      vertex   -8.453185e+01 7.000000e+01 -3.514165e+00
      vertex   -7.750359e+01 7.000000e+01 -8.296967e+00
    endloop
  endfacet
  facet normal 0.000000e+00 1.000000e+00 -0.000000e+00
    outer loop
      vertex   -7.750359e+01 7.000000e+01 -8.296967e+00
      vertex   -8.453185e+01 7.000000e+01 -3.514165e+00
      vertex   -7.678156e+01 7.000000e+01 -7.090328e+00
    endloop
  endfacet
  facet normal 0.000000e+00 1.000000e+00 0.000000e+00
    outer loop
      vertex   -7.678156e+01 7.000000e+01 -7.090328e+00
      vertex   -8.453185e+01 7.000000e+01 -3.514165e+00
      vertex   -8.408739e+01 7.000000e+01 -2.700198e+00
    endloop
  endfacet
  facet normal 0.000000e+00 1.000000e+00 -0.000000e+00
    outer loop
      vertex   -7.678156e+01 7.000000e+01 -7.090328e+00
      vertex   -8.408739e+01 7.000000e+01 -2.700198e+00
      vertex   -7.617569e+01 7.000000e+01 -5.821378e+00
    endloop
  endfacet
  facet normal 0.000000e+00 1.000000e+00 0.000000e+00
    outer loop
      vertex   -7.617569e+01 7.000000e+01 -5.821378e+00
      vertex   -8.408739e+01 7.000000e+01 -2.700198e+00
      vertex   -8.376330e+01 7.000000e+01 -1.831262e+00
    endloop
  endfacet
  facet normal 0.000000e+00 1.000000e+00 -0.000000e+00
    outer loop
      vertex   -7.617569e+01 7.000000e+01 -5.821378e+00
      vertex   -8.376330e+01 7.000000e+01 -1.831262e+00
      vertex   -7.569131e+01 7.000000e+01 -4.501270e+00
    endloop
  endfacet
  facet normal 0.000000e+00 1.000000e+00 -0.000000e+00
    outer loop
      vertex   -7.569131e+01 7.000000e+01 -4.501270e+00
      vertex   -8.376330e+01 7.000000e+01 -1.831262e+00
      vertex   -7.533268e+01 7.000000e+01 -3.141604e+00
    endloop
  endfacet
  facet normal 0.000000e+00 1.000000e+00 0.000000e+00
    outer loop
      vertex   -7.533268e+01 7.000000e+01 -3.141604e+00
      vertex   -8.376330e+01 7.000000e+01 -1.831262e+00
      vertex   -8.356616e+01 7.000000e+01 -9.250464e-01
    endloop
  endfacet
  facet normal 0.000000e+00 1.000000e+00 -0.000000e+00
    outer loop
      vertex   -7.533268e+01 7.000000e+01 -3.141604e+00
      vertex   -8.356616e+01 7.000000e+01 -9.250464e-01
      vertex   -7.510294e+01 7.000000e+01 -1.754330e+00
    endloop
  endfacet
  facet normal 0.000000e+00 1.000000e+00 0.000000e+00
    outer loop
      vertex   -7.510294e+01 7.000000e+01 -1.754330e+00
      vertex   -8.356616e+01 7.000000e+01 -9.250464e-01
      vertex   -8.350000e+01 7.000000e+01 -4.714890e-15
    endloop
  endfacet
  facet normal 0.000000e+00 1.000000e+00 -0.000000e+00
    outer loop
      vertex   -7.510294e+01 7.000000e+01 -1.754330e+00
      vertex   -8.350000e+01 7.000000e+01 -4.714890e-15
      vertex   -7.500412e+01 7.000000e+01 -3.516386e-01
    endloop
  endfacet
  facet normal 0.000000e+00 1.000000e+00 0.000000e+00
    outer loop
      vertex   -7.500412e+01 7.000000e+01 -3.516386e-01
      vertex   -8.350000e+01 7.000000e+01 -4.714890e-15
      vertex   -7.503709e+01 7.000000e+01 1.054143e+00
    endloop
  endfacet
  facet normal 0.000000e+00 1.000000e+00 0.000000e+00
    outer loop
      vertex   -7.503709e+01 7.000000e+01 1.054143e+00
      vertex   -8.350000e+01 7.000000e+01 -4.714890e-15
      vertex   -8.356616e+01 7.000000e+01 9.250464e-01
    endloop
  endfacet
  facet normal 0.000000e+00 1.000000e+00 0.000000e+00
    outer loop
      vertex   -7.503709e+01 7.000000e+01 1.054143e+00
      vertex   -8.356616e+01 7.000000e+01 9.250464e-01
      vertex   -7.520155e+01 7.000000e+01 2.450660e+00
    endloop
  endfacet
  facet normal 0.000000e+00 1.000000e+00 0.000000e+00
    outer loop
      vertex   -7.520155e+01 7.000000e+01 2.450660e+00
      vertex   -8.356616e+01 7.000000e+01 9.250464e-01
      vertex   -7.549605e+01 7.000000e+01 3.825642e+00
    endloop
  endfacet
  facet normal 0.000000e+00 1.000000e+00 0.000000e+00
    outer loop
      vertex   -7.549605e+01 7.000000e+01 3.825642e+00
      vertex   -8.356616e+01 7.000000e+01 9.250464e-01
      vertex   -8.376330e+01 7.000000e+01 1.831262e+00
    endloop
  endfacet
  facet normal 0.000000e+00 1.000000e+00 0.000000e+00
    outer loop
      vertex   -7.549605e+01 7.000000e+01 3.825642e+00
      vertex   -8.376330e+01 7.000000e+01 1.831262e+00
      vertex   -7.591802e+01 7.000000e+01 5.167003e+00
    endloop
  endfacet
  facet normal 0.000000e+00 1.000000e+00 0.000000e+00
    outer loop
      vertex   -7.591802e+01 7.000000e+01 5.167003e+00
      vertex   -8.376330e+01 7.000000e+01 1.831262e+00
      vertex   -8.408739e+01 7.000000e+01 2.700198e+00
    endloop
  endfacet
  facet normal 0.000000e+00 1.000000e+00 0.000000e+00
    outer loop
      vertex   -7.591802e+01 7.000000e+01 5.167003e+00
      vertex   -8.408739e+01 7.000000e+01 2.700198e+00
      vertex   -7.646375e+01 7.000000e+01 6.462956e+00
    endloop
  endfacet
  facet normal 0.000000e+00 1.000000e+00 0.000000e+00
    outer loop
      vertex   -7.646375e+01 7.000000e+01 6.462956e+00
      vertex   -8.408739e+01 7.000000e+01 2.700198e+00
      vertex   -7.712842e+01 7.000000e+01 7.702113e+00
    endloop
  endfacet
  facet normal 0.000000e+00 1.000000e+00 0.000000e+00
    outer loop
      vertex   -7.712842e+01 7.000000e+01 7.702113e+00
      vertex   -8.408739e+01 7.000000e+01 2.700198e+00
      vertex   -7.790622e+01 7.000000e+01 8.873583e+00
    endloop
  endfacet
  facet normal 0.000000e+00 1.000000e+00 0.000000e+00
    outer loop
      vertex   -7.790622e+01 7.000000e+01 8.873583e+00
      vertex   -8.408739e+01 7.000000e+01 2.700198e+00
      vertex   -7.879030e+01 7.000000e+01 9.967072e+00
    endloop
  endfacet
  facet normal 0.000000e+00 1.000000e+00 0.000000e+00
    outer loop
      vertex   -7.879030e+01 7.000000e+01 9.967072e+00
      vertex   -8.408739e+01 7.000000e+01 2.700198e+00
      vertex   -7.977288e+01 7.000000e+01 1.097297e+01
    endloop
  endfacet
  facet normal 0.000000e+00 1.000000e+00 0.000000e+00
    outer loop
      vertex   -7.977288e+01 7.000000e+01 1.097297e+01
      vertex   -8.408739e+01 7.000000e+01 2.700198e+00
      vertex   -8.453185e+01 7.000000e+01 3.514165e+00
    endloop
  endfacet
  facet normal 0.000000e+00 1.000000e+00 0.000000e+00
    outer loop
      vertex   -7.977288e+01 7.000000e+01 1.097297e+01
      vertex   -8.453185e+01 7.000000e+01 3.514165e+00
      vertex   -8.508763e+01 7.000000e+01 4.256595e+00
    endloop
  endfacet
  facet normal 0.000000e+00 1.000000e+00 -0.000000e+00
    outer loop
      vertex   -8.508763e+01 7.000000e+01 4.256595e+00
      vertex   -8.574341e+01 7.000000e+01 4.912372e+00
      vertex   -7.977288e+01 7.000000e+01 1.097297e+01
    endloop
  endfacet
  facet normal 0.000000e+00 1.000000e+00 0.000000e+00
    outer loop
      vertex   -7.977288e+01 7.000000e+01 1.097297e+01
      vertex   -8.574341e+01 7.000000e+01 4.912372e+00
      vertex   -8.084535e+01 7.000000e+01 1.188244e+01
    endloop
  endfacet
  facet normal 0.000000e+00 1.000000e+00 0.000000e+00
    outer loop
      vertex   -8.084535e+01 7.000000e+01 1.188244e+01
      vertex   -8.574341e+01 7.000000e+01 4.912372e+00
      vertex   -8.648583e+01 7.000000e+01 5.468148e+00
    endloop
  endfacet
  facet normal 0.000000e+00 1.000000e+00 0.000000e+00
    outer loop
      vertex   -8.084535e+01 7.000000e+01 1.188244e+01
      vertex   -8.648583e+01 7.000000e+01 5.468148e+00
      vertex   -8.199826e+01 7.000000e+01 1.268748e+01
    endloop
  endfacet
  facet normal 0.000000e+00 1.000000e+00 0.000000e+00
    outer loop
      vertex   -8.199826e+01 7.000000e+01 1.268748e+01
      vertex   -8.648583e+01 7.000000e+01 5.468148e+00
      vertex   -8.322150e+01 7.000000e+01 1.338103e+01
    endloop
  endfacet
  facet normal 0.000000e+00 1.000000e+00 0.000000e+00
    outer loop
      vertex   -8.322150e+01 7.000000e+01 1.338103e+01
      vertex   -8.648583e+01 7.000000e+01 5.468148e+00
      vertex   -8.729980e+01 7.000000e+01 5.912608e+00
    endloop
  endfacet
  facet normal 0.000000e+00 1.000000e+00 0.000000e+00
    outer loop
      vertex   -8.322150e+01 7.000000e+01 1.338103e+01
      vertex   -8.729980e+01 7.000000e+01 5.912608e+00
      vertex   -8.450430e+01 7.000000e+01 1.395698e+01
    endloop
  endfacet
  facet normal 0.000000e+00 1.000000e+00 0.000000e+00
    outer loop
      vertex   -8.450430e+01 7.000000e+01 1.395698e+01
      vertex   -8.729980e+01 7.000000e+01 5.912608e+00
      vertex   -8.816874e+01 7.000000e+01 6.236704e+00
    endloop
  endfacet
  facet normal 0.000000e+00 1.000000e+00 0.000000e+00
    outer loop
      vertex   -8.450430e+01 7.000000e+01 1.395698e+01
      vertex   -8.816874e+01 7.000000e+01 6.236704e+00
      vertex   -8.583540e+01 7.000000e+01 1.441028e+01
    endloop
  endfacet
  facet normal 0.000000e+00 1.000000e+00 0.000000e+00
    outer loop
      vertex   -8.583540e+01 7.000000e+01 1.441028e+01
      vertex   -8.816874e+01 7.000000e+01 6.236704e+00
      vertex   -8.720310e+01 7.000000e+01 1.473694e+01
    endloop
  endfacet
  facet normal 0.000000e+00 1.000000e+00 0.000000e+00
    outer loop
      vertex   -8.720310e+01 7.000000e+01 1.473694e+01
      vertex   -8.816874e+01 7.000000e+01 6.236704e+00
      vertex   -8.907495e+01 7.000000e+01 6.433839e+00
    endloop
  endfacet
  facet normal 0.000000e+00 1.000000e+00 0.000000e+00
    outer loop
      vertex   -8.720310e+01 7.000000e+01 1.473694e+01
      vertex   -8.907495e+01 7.000000e+01 6.433839e+00
      vertex   -8.859538e+01 7.000000e+01 1.493409e+01
    endloop
  endfacet
  facet normal 0.000000e+00 1.000000e+00 0.000000e+00
    outer loop
      vertex   -8.859538e+01 7.000000e+01 1.493409e+01
      vertex   -8.907495e+01 7.000000e+01 6.433839e+00
      vertex   -9.000000e+01 7.000000e+01 6.500000e+00
    endloop
  endfacet
  facet normal 0.000000e+00 1.000000e+00 0.000000e+00
    outer loop
      vertex   -8.859538e+01 7.000000e+01 1.493409e+01
      vertex   -9.000000e+01 7.000000e+01 6.500000e+00
      vertex   -9.000000e+01 7.000000e+01 1.500000e+01
    endloop
  endfacet
  facet normal 0.000000e+00 1.000000e+00 0.000000e+00
    outer loop
      vertex   -9.000000e+01 7.000000e+01 1.500000e+01
      vertex   -9.000000e+01 7.000000e+01 6.500000e+00
      vertex   -9.140462e+01 7.000000e+01 1.493409e+01
    endloop
  endfacet
  facet normal 0.000000e+00 1.000000e+00 0.000000e+00
    outer loop
      vertex   -9.140462e+01 7.000000e+01 1.493409e+01
      vertex   -9.000000e+01 7.000000e+01 6.500000e+00
      vertex   -9.092505e+01 7.000000e+01 6.433839e+00
    endloop
  endfacet
  facet normal 0.000000e+00 1.000000e+00 0.000000e+00
    outer loop
      vertex   -9.140462e+01 7.000000e+01 1.493409e+01
      vertex   -9.092505e+01 7.000000e+01 6.433839e+00
      vertex   -9.279690e+01 7.000000e+01 1.473694e+01
    endloop
  endfacet
  facet normal 0.000000e+00 1.000000e+00 0.000000e+00
    outer loop
      vertex   -9.279690e+01 7.000000e+01 1.473694e+01
      vertex   -9.092505e+01 7.000000e+01 6.433839e+00
      vertex   -9.183126e+01 7.000000e+01 6.236704e+00
    endloop
  endfacet
  facet normal 0.000000e+00 1.000000e+00 0.000000e+00
    outer loop
      vertex   -9.279690e+01 7.000000e+01 1.473694e+01
      vertex   -9.183126e+01 7.000000e+01 6.236704e+00
      vertex   -9.416460e+01 7.000000e+01 1.441028e+01
    endloop
  endfacet
  facet normal 0.000000e+00 1.000000e+00 0.000000e+00
    outer loop
      vertex   -9.416460e+01 7.000000e+01 1.441028e+01
      vertex   -9.183126e+01 7.000000e+01 6.236704e+00
      vertex   -9.549570e+01 7.000000e+01 1.395698e+01
    endloop
  endfacet
  facet normal 0.000000e+00 1.000000e+00 0.000000e+00
    outer loop
      vertex   -9.549570e+01 7.000000e+01 1.395698e+01
      vertex   -9.183126e+01 7.000000e+01 6.236704e+00
      vertex   -9.270020e+01 7.000000e+01 5.912608e+00
    endloop
  endfacet
  facet normal 0.000000e+00 1.000000e+00 0.000000e+00
    outer loop
      vertex   -9.549570e+01 7.000000e+01 1.395698e+01
      vertex   -9.270020e+01 7.000000e+01 5.912608e+00
      vertex   -9.677850e+01 7.000000e+01 1.338103e+01
    endloop
  endfacet
  facet normal 0.000000e+00 1.000000e+00 0.000000e+00
    outer loop
      vertex   -9.677850e+01 7.000000e+01 1.338103e+01
      vertex   -9.270020e+01 7.000000e+01 5.912608e+00
      vertex   -9.351417e+01 7.000000e+01 5.468148e+00
    endloop
  endfacet
  facet normal 0.000000e+00 1.000000e+00 0.000000e+00
    outer loop
      vertex   -9.677850e+01 7.000000e+01 1.338103e+01
      vertex   -9.351417e+01 7.000000e+01 5.468148e+00
      vertex   -9.800174e+01 7.000000e+01 1.268748e+01
    endloop
  endfacet
  facet normal 0.000000e+00 1.000000e+00 0.000000e+00
    outer loop
      vertex   -9.800174e+01 7.000000e+01 1.268748e+01
      vertex   -9.351417e+01 7.000000e+01 5.468148e+00
      vertex   -9.915465e+01 7.000000e+01 1.188244e+01
    endloop
  endfacet
  facet normal 0.000000e+00 1.000000e+00 0.000000e+00
    outer loop
      vertex   -9.915465e+01 7.000000e+01 1.188244e+01
      vertex   -9.351417e+01 7.000000e+01 5.468148e+00
      vertex   -9.425659e+01 7.000000e+01 4.912372e+00
    endloop
  endfacet
  facet normal 0.000000e+00 1.000000e+00 0.000000e+00
    outer loop
      vertex   -9.915465e+01 7.000000e+01 1.188244e+01
      vertex   -9.425659e+01 7.000000e+01 4.912372e+00
      vertex   -1.002271e+02 7.000000e+01 1.097297e+01
    endloop
  endfacet
  facet normal 0.000000e+00 1.000000e+00 0.000000e+00
    outer loop
      vertex   -1.002271e+02 7.000000e+01 1.097297e+01
      vertex   -9.425659e+01 7.000000e+01 4.912372e+00
      vertex   -9.491237e+01 7.000000e+01 4.256595e+00
    endloop
  endfacet
  facet normal 0.000000e+00 1.000000e+00 0.000000e+00
    outer loop
      vertex   -1.002271e+02 7.000000e+01 1.097297e+01
      vertex   -9.491237e+01 7.000000e+01 4.256595e+00
      vertex   -1.012097e+02 7.000000e+01 9.967072e+00
    endloop
  endfacet
  facet normal 0.000000e+00 1.000000e+00 0.000000e+00
    outer loop
      vertex   -1.012097e+02 7.000000e+01 9.967072e+00
      vertex   -9.491237e+01 7.000000e+01 4.256595e+00
      vertex   -1.020938e+02 7.000000e+01 8.873583e+00
    endloop
  endfacet
  facet normal 0.000000e+00 1.000000e+00 0.000000e+00
    outer loop
      vertex   -1.020938e+02 7.000000e+01 8.873583e+00
      vertex   -9.491237e+01 7.000000e+01 4.256595e+00
      vertex   -9.546815e+01 7.000000e+01 3.514165e+00
    endloop
  endfacet
  facet normal 0.000000e+00 1.000000e+00 0.000000e+00
    outer loop
      vertex   -1.020938e+02 7.000000e+01 8.873583e+00
      vertex   -9.546815e+01 7.000000e+01 3.514165e+00
      vertex   -1.028716e+02 7.000000e+01 7.702113e+00
    endloop
  endfacet
  facet normal 0.000000e+00 1.000000e+00 0.000000e+00
    outer loop
      vertex   -1.028716e+02 7.000000e+01 7.702113e+00
      vertex   -9.546815e+01 7.000000e+01 3.514165e+00
      vertex   -9.591261e+01 7.000000e+01 2.700198e+00
    endloop
  endfacet
  facet normal 0.000000e+00 1.000000e+00 0.000000e+00
    outer loop
      vertex   -1.028716e+02 7.000000e+01 7.702113e+00
      vertex   -9.591261e+01 7.000000e+01 2.700198e+00
      vertex   -1.035363e+02 7.000000e+01 6.462956e+00
    endloop
  endfacet
  facet normal 0.000000e+00 1.000000e+00 0.000000e+00
    outer loop
      vertex   -1.035363e+02 7.000000e+01 6.462956e+00
      vertex   -9.591261e+01 7.000000e+01 2.700198e+00
      vertex   -1.040820e+02 7.000000e+01 5.167003e+00
    endloop
  endfacet
  facet normal 0.000000e+00 1.000000e+00 0.000000e+00
    outer loop
      vertex   -1.040820e+02 7.000000e+01 5.167003e+00
      vertex   -9.591261e+01 7.000000e+01 2.700198e+00
      vertex   -9.623670e+01 7.000000e+01 1.831262e+00
    endloop
  endfacet
  facet normal 0.000000e+00 1.000000e+00 0.000000e+00
    outer loop
      vertex   -1.040820e+02 7.000000e+01 5.167003e+00
      vertex   -9.623670e+01 7.000000e+01 1.831262e+00
      vertex   -1.045039e+02 7.000000e+01 3.825642e+00
    endloop
  endfacet
  facet normal 0.000000e+00 1.000000e+00 0.000000e+00
    outer loop
      vertex   -1.045039e+02 7.000000e+01 3.825642e+00
      vertex   -9.623670e+01 7.000000e+01 1.831262e+00
      vertex   -9.643384e+01 7.000000e+01 9.250464e-01
    endloop
  endfacet
  facet normal 0.000000e+00 1.000000e+00 0.000000e+00
    outer loop
      vertex   -1.045039e+02 7.000000e+01 3.825642e+00
      vertex   -9.643384e+01 7.000000e+01 9.250464e-01
      vertex   -1.047985e+02 7.000000e+01 2.450660e+00
    endloop
  endfacet
  facet normal 0.000000e+00 1.000000e+00 0.000000e+00
    outer loop
      vertex   -1.047985e+02 7.000000e+01 2.450660e+00
      vertex   -9.643384e+01 7.000000e+01 9.250464e-01
      vertex   -1.049629e+02 7.000000e+01 1.054143e+00
    endloop
  endfacet
  facet normal 0.000000e+00 1.000000e+00 0.000000e+00
    outer loop
      vertex   -1.049629e+02 7.000000e+01 1.054143e+00
      vertex   -9.643384e+01 7.000000e+01 9.250464e-01
      vertex   -9.650000e+01 7.000000e+01 -5.510911e-15
    endloop
  endfacet
  facet normal 0.000000e+00 1.000000e+00 0.000000e+00
    outer loop
      vertex   -1.049629e+02 7.000000e+01 1.054143e+00
      vertex   -9.650000e+01 7.000000e+01 -5.510911e-15
      vertex   -1.049959e+02 7.000000e+01 -3.516386e-01
    endloop
  endfacet
  facet normal -0.000000e+00 1.000000e+00 0.000000e+00
    outer loop
      vertex   -1.049959e+02 7.000000e+01 -3.516386e-01
      vertex   -9.650000e+01 7.000000e+01 -5.510911e-15
      vertex   -1.048971e+02 7.000000e+01 -1.754330e+00
    endloop
  endfacet
  facet normal 0.000000e+00 1.000000e+00 0.000000e+00
    outer loop
      vertex   -1.048971e+02 7.000000e+01 -1.754330e+00
      vertex   -9.650000e+01 7.000000e+01 -5.510911e-15
      vertex   -9.643384e+01 7.000000e+01 -9.250464e-01
    endloop
  endfacet
  facet normal -0.000000e+00 1.000000e+00 0.000000e+00
    outer loop
      vertex   -1.048971e+02 7.000000e+01 -1.754330e+00
      vertex   -9.643384e+01 7.000000e+01 -9.250464e-01
      vertex   -1.046673e+02 7.000000e+01 -3.141604e+00
    endloop
  endfacet
  facet normal 0.000000e+00 1.000000e+00 0.000000e+00
    outer loop
      vertex   -1.046673e+02 7.000000e+01 -3.141604e+00
      vertex   -9.643384e+01 7.000000e+01 -9.250464e-01
      vertex   -9.623670e+01 7.000000e+01 -1.831262e+00
    endloop
  endfacet
  facet normal -0.000000e+00 1.000000e+00 0.000000e+00
    outer loop
      vertex   -1.046673e+02 7.000000e+01 -3.141604e+00
      vertex   -9.623670e+01 7.000000e+01 -1.831262e+00
      vertex   -1.043087e+02 7.000000e+01 -4.501270e+00
    endloop
  endfacet
  facet normal -0.000000e+00 1.000000e+00 0.000000e+00
    outer loop
      vertex   -1.043087e+02 7.000000e+01 -4.501270e+00
      vertex   -9.623670e+01 7.000000e+01 -1.831262e+00
      vertex   -1.038243e+02 7.000000e+01 -5.821378e+00
    endloop
  endfacet
  facet normal 0.000000e+00 1.000000e+00 0.000000e+00
    outer loop
      vertex   -1.038243e+02 7.000000e+01 -5.821378e+00
      vertex   -9.623670e+01 7.000000e+01 -1.831262e+00
      vertex   -9.591261e+01 7.000000e+01 -2.700198e+00
    endloop
  endfacet
  facet normal -0.000000e+00 1.000000e+00 0.000000e+00
    outer loop
      vertex   -1.038243e+02 7.000000e+01 -5.821378e+00
      vertex   -9.591261e+01 7.000000e+01 -2.700198e+00
      vertex   -1.032184e+02 7.000000e+01 -7.090328e+00
    endloop
  endfacet
  facet normal 0.000000e+00 1.000000e+00 0.000000e+00
    outer loop
      vertex   -1.032184e+02 7.000000e+01 -7.090328e+00
      vertex   -9.591261e+01 7.000000e+01 -2.700198e+00
      vertex   -9.546815e+01 7.000000e+01 -3.514165e+00
    endloop
  endfacet
  facet normal -0.000000e+00 1.000000e+00 0.000000e+00
    outer loop
      vertex   -1.032184e+02 7.000000e+01 -7.090328e+00
      vertex   -9.546815e+01 7.000000e+01 -3.514165e+00
      vertex   -1.024964e+02 7.000000e+01 -8.296967e+00
    endloop
  endfacet
  facet normal -0.000000e+00 1.000000e+00 0.000000e+00
    outer loop
      vertex   -1.024964e+02 7.000000e+01 -8.296967e+00
      vertex   -9.546815e+01 7.000000e+01 -3.514165e+00
      vertex   -1.016646e+02 7.000000e+01 -9.430693e+00
    endloop
  endfacet
  facet normal 0.000000e+00 1.000000e+00 0.000000e+00
    outer loop
      vertex   -1.016646e+02 7.000000e+01 -9.430693e+00
      vertex   -9.546815e+01 7.000000e+01 -3.514165e+00
      vertex   -9.491237e+01 7.000000e+01 -4.256595e+00
    endloop
  endfacet
  facet normal -0.000000e+00 1.000000e+00 0.000000e+00
    outer loop
      vertex   -1.016646e+02 7.000000e+01 -9.430693e+00
      vertex   -9.491237e+01 7.000000e+01 -4.256595e+00
      vertex   -1.007302e+02 7.000000e+01 -1.048154e+01
    endloop
  endfacet
  facet normal 0.000000e+00 1.000000e+00 0.000000e+00
    outer loop
      vertex   -1.007302e+02 7.000000e+01 -1.048154e+01
      vertex   -9.491237e+01 7.000000e+01 -4.256595e+00
      vertex   -9.425659e+01 7.000000e+01 -4.912372e+00
    endloop
  endfacet
  facet normal -0.000000e+00 1.000000e+00 0.000000e+00
    outer loop
      vertex   -1.007302e+02 7.000000e+01 -1.048154e+01
      vertex   -9.425659e+01 7.000000e+01 -4.912372e+00
      vertex   -9.970155e+01 7.000000e+01 -1.144028e+01
    endloop
  endfacet
  facet normal -0.000000e+00 1.000000e+00 0.000000e+00
    outer loop
      vertex   -9.970155e+01 7.000000e+01 -1.144028e+01
      vertex   -9.425659e+01 7.000000e+01 -4.912372e+00
      vertex   -9.858764e+01 7.000000e+01 -1.229848e+01
    endloop
  endfacet
  facet normal 0.000000e+00 1.000000e+00 0.000000e+00
    outer loop
      vertex   -9.858764e+01 7.000000e+01 -1.229848e+01
      vertex   -9.425659e+01 7.000000e+01 -4.912372e+00
      vertex   -9.351417e+01 7.000000e+01 -5.468148e+00
    endloop
  endfacet
  facet normal -0.000000e+00 1.000000e+00 0.000000e+00
    outer loop
      vertex   -9.858764e+01 7.000000e+01 -1.229848e+01
      vertex   -9.351417e+01 7.000000e+01 -5.468148e+00
      vertex   -9.739825e+01 7.000000e+01 -1.304860e+01
    endloop
  endfacet
  facet normal 0.000000e+00 1.000000e+00 0.000000e+00
    outer loop
      vertex   -9.739825e+01 7.000000e+01 -1.304860e+01
      vertex   -9.351417e+01 7.000000e+01 -5.468148e+00
      vertex   -9.270020e+01 7.000000e+01 -5.912608e+00
    endloop
  endfacet
  facet normal -0.000000e+00 1.000000e+00 0.000000e+00
    outer loop
      vertex   -9.739825e+01 7.000000e+01 -1.304860e+01
      vertex   -9.270020e+01 7.000000e+01 -5.912608e+00
      vertex   -9.614386e+01 7.000000e+01 -1.368404e+01
    endloop
  endfacet
  facet normal -0.000000e+00 1.000000e+00 0.000000e+00
    outer loop
      vertex   -9.614386e+01 7.000000e+01 -1.368404e+01
      vertex   -9.270020e+01 7.000000e+01 -5.912608e+00
      vertex   -9.483546e+01 7.000000e+01 -1.419924e+01
    endloop
  endfacet
  facet normal 0.000000e+00 1.000000e+00 0.000000e+00
    outer loop
      vertex   -9.483546e+01 7.000000e+01 -1.419924e+01
      vertex   -9.270020e+01 7.000000e+01 -5.912608e+00
      vertex   -9.183126e+01 7.000000e+01 -6.236704e+00
    endloop
  endfacet
  facet normal -0.000000e+00 1.000000e+00 0.000000e+00
    outer loop
      vertex   -9.483546e+01 7.000000e+01 -1.419924e+01
      vertex   -9.183126e+01 7.000000e+01 -6.236704e+00
      vertex   -9.348458e+01 7.000000e+01 -1.458964e+01
    endloop
  endfacet
  facet normal 0.000000e+00 1.000000e+00 0.000000e+00
    outer loop
      vertex   -9.348458e+01 7.000000e+01 -1.458964e+01
      vertex   -9.183126e+01 7.000000e+01 -6.236704e+00
      vertex   -9.092505e+01 7.000000e+01 -6.433839e+00
    endloop
  endfacet
  facet normal -9.974521e-01 0.000000e+00 -7.133918e-02
    outer loop
      vertex   6.433839e+00 6.900000e+01 -8.907495e+01
      vertex   6.433839e+00 7.000000e+01 -8.907495e+01
      vertex   6.500000e+00 6.900000e+01 -9.000000e+01
    endloop
  endfacet
  facet normal -9.974521e-01 0.000000e+00 -7.133918e-02
    outer loop
      vertex   6.500000e+00 6.900000e+01 -9.000000e+01
      vertex   6.433839e+00 7.000000e+01 -8.907495e+01
      vertex   6.500000e+00 7.000000e+01 -9.000000e+01
    endloop
  endfacet
  facet normal -9.974521e-01 0.000000e+00 7.133918e-02
    outer loop
      vertex   6.500000e+00 6.900000e+01 -9.000000e+01
      vertex   6.500000e+00 7.000000e+01 -9.000000e+01
      vertex   6.433839e+00 6.900000e+01 -9.092505e+01
    endloop
  endfacet
  facet normal -9.974521e-01 0.000000e+00 7.133918e-02
    outer loop
      vertex   6.433839e+00 6.900000e+01 -9.092505e+01
      vertex   6.500000e+00 7.000000e+01 -9.000000e+01
      vertex   6.433839e+00 7.000000e+01 -9.092505e+01
    endloop
  endfacet
  facet normal -9.771469e-01 0.000000e+00 2.125653e-01
    outer loop
      vertex   6.433839e+00 6.900000e+01 -9.092505e+01
      vertex   6.433839e+00 7.000000e+01 -9.092505e+01
      vertex   6.236704e+00 6.900000e+01 -9.183126e+01
    endloop
  endfacet
  facet normal -9.771469e-01 0.000000e+00 2.125653e-01
    outer loop
      vertex   6.236704e+00 6.900000e+01 -9.183126e+01
      vertex   6.433839e+00 7.000000e+01 -9.092505e+01
      vertex   6.236704e+00 7.000000e+01 -9.183126e+01
    endloop
  endfacet
  facet normal -9.369497e-01 0.000000e+00 3.494642e-01
    outer loop
      vertex   6.236704e+00 6.900000e+01 -9.183126e+01
      vertex   6.236704e+00 7.000000e+01 -9.183126e+01
      vertex   5.912608e+00 6.900000e+01 -9.270020e+01
    endloop
  endfacet
  facet normal -9.369497e-01 0.000000e+00 3.494642e-01
    outer loop
      vertex   5.912608e+00 6.900000e+01 -9.270020e+01
      vertex   6.236704e+00 7.000000e+01 -9.183126e+01
      vertex   5.912608e+00 7.000000e+01 -9.270020e+01
    endloop
  endfacet
  facet normal -8.776790e-01 0.000000e+00 4.792490e-01
    outer loop
      vertex   5.912608e+00 6.900000e+01 -9.270020e+01
      vertex   5.912608e+00 7.000000e+01 -9.270020e+01
      vertex   5.468148e+00 6.900000e+01 -9.351417e+01
    endloop
  endfacet
  facet normal -8.776790e-01 0.000000e+00 4.792490e-01
    outer loop
      vertex   5.468148e+00 6.900000e+01 -9.351417e+01
      vertex   5.912608e+00 7.000000e+01 -9.270020e+01
      vertex   5.468148e+00 7.000000e+01 -9.351417e+01
    endloop
  endfacet
  facet normal -8.005412e-01 0.000000e+00 5.992777e-01
    outer loop
      vertex   5.468148e+00 6.900000e+01 -9.351417e+01
      vertex   5.468148e+00 7.000000e+01 -9.351417e+01
      vertex   4.912372e+00 6.900000e+01 -9.425659e+01
    endloop
  endfacet
  facet normal -8.005412e-01 0.000000e+00 5.992777e-01
    outer loop
      vertex   4.912372e+00 6.900000e+01 -9.425659e+01
      vertex   5.468148e+00 7.000000e+01 -9.351417e+01
      vertex   4.912372e+00 7.000000e+01 -9.425659e+01
    endloop
  endfacet
  facet normal -7.071068e-01 0.000000e+00 7.071068e-01
    outer loop
      vertex   4.912372e+00 6.900000e+01 -9.425659e+01
      vertex   4.912372e+00 7.000000e+01 -9.425659e+01
      vertex   4.256595e+00 6.900000e+01 -9.491237e+01
    endloop
  endfacet
  facet normal -7.071068e-01 0.000000e+00 7.071068e-01
    outer loop
      vertex   4.256595e+00 6.900000e+01 -9.491237e+01
      vertex   4.912372e+00 7.000000e+01 -9.425659e+01
      vertex   4.256595e+00 7.000000e+01 -9.491237e+01
    endloop
  endfacet
  facet normal -5.992777e-01 0.000000e+00 8.005412e-01
    outer loop
      vertex   4.256595e+00 6.900000e+01 -9.491237e+01
      vertex   4.256595e+00 7.000000e+01 -9.491237e+01
      vertex   3.514165e+00 6.900000e+01 -9.546815e+01
    endloop
  endfacet
  facet normal -5.992777e-01 0.000000e+00 8.005412e-01
    outer loop
      vertex   3.514165e+00 6.900000e+01 -9.546815e+01
      vertex   4.256595e+00 7.000000e+01 -9.491237e+01
      vertex   3.514165e+00 7.000000e+01 -9.546815e+01
    endloop
  endfacet
  facet normal -4.792490e-01 0.000000e+00 8.776790e-01
    outer loop
      vertex   3.514165e+00 6.900000e+01 -9.546815e+01
      vertex   3.514165e+00 7.000000e+01 -9.546815e+01
      vertex   2.700198e+00 6.900000e+01 -9.591261e+01
    endloop
  endfacet
  facet normal -4.792490e-01 0.000000e+00 8.776790e-01
    outer loop
      vertex   2.700198e+00 6.900000e+01 -9.591261e+01
      vertex   3.514165e+00 7.000000e+01 -9.546815e+01
      vertex   2.700198e+00 7.000000e+01 -9.591261e+01
    endloop
  endfacet
  facet normal -3.494642e-01 0.000000e+00 9.369497e-01
    outer loop
      vertex   2.700198e+00 6.900000e+01 -9.591261e+01
      vertex   2.700198e+00 7.000000e+01 -9.591261e+01
      vertex   1.831262e+00 6.900000e+01 -9.623670e+01
    endloop
  endfacet
  facet normal -3.494642e-01 0.000000e+00 9.369497e-01
    outer loop
      vertex   1.831262e+00 6.900000e+01 -9.623670e+01
      vertex   2.700198e+00 7.000000e+01 -9.591261e+01
      vertex   1.831262e+00 7.000000e+01 -9.623670e+01
    endloop
  endfacet
  facet normal -2.125653e-01 0.000000e+00 9.771469e-01
    outer loop
      vertex   1.831262e+00 6.900000e+01 -9.623670e+01
      vertex   1.831262e+00 7.000000e+01 -9.623670e+01
      vertex   9.250464e-01 6.900000e+01 -9.643384e+01
    endloop
  endfacet
  facet normal -2.125653e-01 0.000000e+00 9.771469e-01
    outer loop
      vertex   9.250464e-01 6.900000e+01 -9.643384e+01
      vertex   1.831262e+00 7.000000e+01 -9.623670e+01
      vertex   9.250464e-01 7.000000e+01 -9.643384e+01
    endloop
  endfacet
  facet normal -7.133918e-02 0.000000e+00 9.974521e-01
    outer loop
      vertex   9.250464e-01 6.900000e+01 -9.643384e+01
      vertex   9.250464e-01 7.000000e+01 -9.643384e+01
      vertex   -3.980102e-16 6.900000e+01 -9.650000e+01
    endloop
  endfacet
  facet normal -7.133918e-02 0.000000e+00 9.974521e-01
    outer loop
      vertex   -3.980102e-16 6.900000e+01 -9.650000e+01
      vertex   9.250464e-01 7.000000e+01 -9.643384e+01
      vertex   -3.980102e-16 7.000000e+01 -9.650000e+01
    endloop
  endfacet
  facet normal 7.133918e-02 -0.000000e+00 9.974521e-01
    outer loop
      vertex   -3.980102e-16 6.900000e+01 -9.650000e+01
      vertex   -3.980102e-16 7.000000e+01 -9.650000e+01
      vertex   -9.250464e-01 6.900000e+01 -9.643384e+01
    endloop
  endfacet
  facet normal 7.133918e-02 -0.000000e+00 9.974521e-01
    outer loop
      vertex   -9.250464e-01 6.900000e+01 -9.643384e+01
      vertex   -3.980102e-16 7.000000e+01 -9.650000e+01
      vertex   -9.250464e-01 7.000000e+01 -9.643384e+01
    endloop
  endfacet
  facet normal 2.125653e-01 -0.000000e+00 9.771469e-01
    outer loop
      vertex   -9.250464e-01 6.900000e+01 -9.643384e+01
      vertex   -9.250464e-01 7.000000e+01 -9.643384e+01
      vertex   -1.831262e+00 6.900000e+01 -9.623670e+01
    endloop
  endfacet
  facet normal 2.125653e-01 -0.000000e+00 9.771469e-01
    outer loop
      vertex   -1.831262e+00 6.900000e+01 -9.623670e+01
      vertex   -9.250464e-01 7.000000e+01 -9.643384e+01
      vertex   -1.831262e+00 7.000000e+01 -9.623670e+01
    endloop
  endfacet
  facet normal 3.494642e-01 -0.000000e+00 9.369497e-01
    outer loop
      vertex   -1.831262e+00 6.900000e+01 -9.623670e+01
      vertex   -1.831262e+00 7.000000e+01 -9.623670e+01
      vertex   -2.700198e+00 6.900000e+01 -9.591261e+01
    endloop
  endfacet
  facet normal 3.494642e-01 -0.000000e+00 9.369497e-01
    outer loop
      vertex   -2.700198e+00 6.900000e+01 -9.591261e+01
      vertex   -1.831262e+00 7.000000e+01 -9.623670e+01
      vertex   -2.700198e+00 7.000000e+01 -9.591261e+01
    endloop
  endfacet
  facet normal 4.792490e-01 -0.000000e+00 8.776790e-01
    outer loop
      vertex   -2.700198e+00 6.900000e+01 -9.591261e+01
      vertex   -2.700198e+00 7.000000e+01 -9.591261e+01
      vertex   -3.514165e+00 6.900000e+01 -9.546815e+01
    endloop
  endfacet
  facet normal 4.792490e-01 -0.000000e+00 8.776790e-01
    outer loop
      vertex   -3.514165e+00 6.900000e+01 -9.546815e+01
      vertex   -2.700198e+00 7.000000e+01 -9.591261e+01
      vertex   -3.514165e+00 7.000000e+01 -9.546815e+01
    endloop
  endfacet
  facet normal 5.992777e-01 -0.000000e+00 8.005412e-01
    outer loop
      vertex   -3.514165e+00 6.900000e+01 -9.546815e+01
      vertex   -3.514165e+00 7.000000e+01 -9.546815e+01
      vertex   -4.256595e+00 6.900000e+01 -9.491237e+01
    endloop
  endfacet
  facet normal 5.992777e-01 -0.000000e+00 8.005412e-01
    outer loop
      vertex   -4.256595e+00 6.900000e+01 -9.491237e+01
      vertex   -3.514165e+00 7.000000e+01 -9.546815e+01
      vertex   -4.256595e+00 7.000000e+01 -9.491237e+01
    endloop
  endfacet
  facet normal 7.071068e-01 -0.000000e+00 7.071068e-01
    outer loop
      vertex   -4.256595e+00 6.900000e+01 -9.491237e+01
      vertex   -4.256595e+00 7.000000e+01 -9.491237e+01
      vertex   -4.912372e+00 6.900000e+01 -9.425659e+01
    endloop
  endfacet
  facet normal 7.071068e-01 -0.000000e+00 7.071068e-01
    outer loop
      vertex   -4.912372e+00 6.900000e+01 -9.425659e+01
      vertex   -4.256595e+00 7.000000e+01 -9.491237e+01
      vertex   -4.912372e+00 7.000000e+01 -9.425659e+01
    endloop
  endfacet
  facet normal 8.005412e-01 -0.000000e+00 5.992777e-01
    outer loop
      vertex   -4.912372e+00 6.900000e+01 -9.425659e+01
      vertex   -4.912372e+00 7.000000e+01 -9.425659e+01
      vertex   -5.468148e+00 6.900000e+01 -9.351417e+01
    endloop
  endfacet
  facet normal 8.005412e-01 -0.000000e+00 5.992777e-01
    outer loop
      vertex   -5.468148e+00 6.900000e+01 -9.351417e+01
      vertex   -4.912372e+00 7.000000e+01 -9.425659e+01
      vertex   -5.468148e+00 7.000000e+01 -9.351417e+01
    endloop
  endfacet
  facet normal 8.776790e-01 -0.000000e+00 4.792490e-01
    outer loop
      vertex   -5.468148e+00 6.900000e+01 -9.351417e+01
      vertex   -5.468148e+00 7.000000e+01 -9.351417e+01
      vertex   -5.912608e+00 6.900000e+01 -9.270020e+01
    endloop
  endfacet
  facet normal 8.776790e-01 -0.000000e+00 4.792490e-01
    outer loop
      vertex   -5.912608e+00 6.900000e+01 -9.270020e+01
      vertex   -5.468148e+00 7.000000e+01 -9.351417e+01
      vertex   -5.912608e+00 7.000000e+01 -9.270020e+01
    endloop
  endfacet
  facet normal 9.369497e-01 -0.000000e+00 3.494642e-01
    outer loop
      vertex   -5.912608e+00 6.900000e+01 -9.270020e+01
      vertex   -5.912608e+00 7.000000e+01 -9.270020e+01
      vertex   -6.236704e+00 6.900000e+01 -9.183126e+01
    endloop
  endfacet
  facet normal 9.369497e-01 -0.000000e+00 3.494642e-01
    outer loop
      vertex   -6.236704e+00 6.900000e+01 -9.183126e+01
      vertex   -5.912608e+00 7.000000e+01 -9.270020e+01
      vertex   -6.236704e+00 7.000000e+01 -9.183126e+01
    endloop
  endfacet
  facet normal 9.771469e-01 -0.000000e+00 2.125653e-01
    outer loop
      vertex   -6.236704e+00 6.900000e+01 -9.183126e+01
      vertex   -6.236704e+00 7.000000e+01 -9.183126e+01
      vertex   -6.433839e+00 6.900000e+01 -9.092505e+01
    endloop
  endfacet
  facet normal 9.771469e-01 -0.000000e+00 2.125653e-01
    outer loop
      vertex   -6.433839e+00 6.900000e+01 -9.092505e+01
      vertex   -6.236704e+00 7.000000e+01 -9.183126e+01
      vertex   -6.433839e+00 7.000000e+01 -9.092505e+01
    endloop
  endfacet
  facet normal 9.974521e-01 -0.000000e+00 7.133918e-02
    outer loop
      vertex   -6.433839e+00 6.900000e+01 -9.092505e+01
      vertex   -6.433839e+00 7.000000e+01 -9.092505e+01
      vertex   -6.500000e+00 6.900000e+01 -9.000000e+01
    endloop
  endfacet
  facet normal 9.974521e-01 -0.000000e+00 7.133918e-02
    outer loop
      vertex   -6.500000e+00 6.900000e+01 -9.000000e+01
      vertex   -6.433839e+00 7.000000e+01 -9.092505e+01
      vertex   -6.500000e+00 7.000000e+01 -9.000000e+01
    endloop
  endfacet
  facet normal 9.974521e-01 0.000000e+00 -7.133918e-02
    outer loop
      vertex   -6.500000e+00 6.900000e+01 -9.000000e+01
      vertex   -6.500000e+00 7.000000e+01 -9.000000e+01
      vertex   -6.433839e+00 6.900000e+01 -8.907495e+01
    endloop
  endfacet
  facet normal 9.974521e-01 0.000000e+00 -7.133918e-02
    outer loop
      vertex   -6.433839e+00 6.900000e+01 -8.907495e+01
      vertex   -6.500000e+00 7.000000e+01 -9.000000e+01
      vertex   -6.433839e+00 7.000000e+01 -8.907495e+01
    endloop
  endfacet
  facet normal 9.771469e-01 0.000000e+00 -2.125653e-01
    outer loop
      vertex   -6.433839e+00 6.900000e+01 -8.907495e+01
      vertex   -6.433839e+00 7.000000e+01 -8.907495e+01
      vertex   -6.236704e+00 6.900000e+01 -8.816874e+01
    endloop
  endfacet
  facet normal 9.771469e-01 0.000000e+00 -2.125653e-01
    outer loop
      vertex   -6.236704e+00 6.900000e+01 -8.816874e+01
      vertex   -6.433839e+00 7.000000e+01 -8.907495e+01
      vertex   -6.236704e+00 7.000000e+01 -8.816874e+01
    endloop
  endfacet
  facet normal 9.369497e-01 0.000000e+00 -3.494642e-01
    outer loop
      vertex   -6.236704e+00 6.900000e+01 -8.816874e+01
      vertex   -6.236704e+00 7.000000e+01 -8.816874e+01
      vertex   -5.912608e+00 6.900000e+01 -8.729980e+01
    endloop
  endfacet
  facet normal 9.369497e-01 0.000000e+00 -3.494642e-01
    outer loop
      vertex   -5.912608e+00 6.900000e+01 -8.729980e+01
      vertex   -6.236704e+00 7.000000e+01 -8.816874e+01
      vertex   -5.912608e+00 7.000000e+01 -8.729980e+01
    endloop
  endfacet
  facet normal 8.776790e-01 0.000000e+00 -4.792490e-01
    outer loop
      vertex   -5.912608e+00 6.900000e+01 -8.729980e+01
      vertex   -5.912608e+00 7.000000e+01 -8.729980e+01
      vertex   -5.468148e+00 6.900000e+01 -8.648583e+01
    endloop
  endfacet
  facet normal 8.776790e-01 0.000000e+00 -4.792490e-01
    outer loop
      vertex   -5.468148e+00 6.900000e+01 -8.648583e+01
      vertex   -5.912608e+00 7.000000e+01 -8.729980e+01
      vertex   -5.468148e+00 7.000000e+01 -8.648583e+01
    endloop
  endfacet
  facet normal 8.005412e-01 0.000000e+00 -5.992777e-01
    outer loop
      vertex   -5.468148e+00 6.900000e+01 -8.648583e+01
      vertex   -5.468148e+00 7.000000e+01 -8.648583e+01
      vertex   -4.912372e+00 6.900000e+01 -8.574341e+01
    endloop
  endfacet
  facet normal 8.005412e-01 0.000000e+00 -5.992777e-01
    outer loop
      vertex   -4.912372e+00 6.900000e+01 -8.574341e+01
      vertex   -5.468148e+00 7.000000e+01 -8.648583e+01
      vertex   -4.912372e+00 7.000000e+01 -8.574341e+01
    endloop
  endfacet
  facet normal 7.071068e-01 0.000000e+00 -7.071068e-01
    outer loop
      vertex   -4.912372e+00 6.900000e+01 -8.574341e+01
      vertex   -4.912372e+00 7.000000e+01 -8.574341e+01
      vertex   -4.256595e+00 6.900000e+01 -8.508763e+01
    endloop
  endfacet
  facet normal 7.071068e-01 0.000000e+00 -7.071068e-01
    outer loop
      vertex   -4.256595e+00 6.900000e+01 -8.508763e+01
      vertex   -4.912372e+00 7.000000e+01 -8.574341e+01
      vertex   -4.256595e+00 7.000000e+01 -8.508763e+01
    endloop
  endfacet
  facet normal 5.992777e-01 0.000000e+00 -8.005412e-01
    outer loop
      vertex   -4.256595e+00 6.900000e+01 -8.508763e+01
      vertex   -4.256595e+00 7.000000e+01 -8.508763e+01
      vertex   -3.514165e+00 6.900000e+01 -8.453185e+01
    endloop
  endfacet
  facet normal 5.992777e-01 0.000000e+00 -8.005412e-01
    outer loop
      vertex   -3.514165e+00 6.900000e+01 -8.453185e+01
      vertex   -4.256595e+00 7.000000e+01 -8.508763e+01
      vertex   -3.514165e+00 7.000000e+01 -8.453185e+01
    endloop
  endfacet
  facet normal 4.792490e-01 0.000000e+00 -8.776790e-01
    outer loop
      vertex   -3.514165e+00 6.900000e+01 -8.453185e+01
      vertex   -3.514165e+00 7.000000e+01 -8.453185e+01
      vertex   -2.700198e+00 6.900000e+01 -8.408739e+01
    endloop
  endfacet
  facet normal 4.792490e-01 0.000000e+00 -8.776790e-01
    outer loop
      vertex   -2.700198e+00 6.900000e+01 -8.408739e+01
      vertex   -3.514165e+00 7.000000e+01 -8.453185e+01
      vertex   -2.700198e+00 7.000000e+01 -8.408739e+01
    endloop
  endfacet
  facet normal 3.494642e-01 0.000000e+00 -9.369497e-01
    outer loop
      vertex   -2.700198e+00 6.900000e+01 -8.408739e+01
      vertex   -2.700198e+00 7.000000e+01 -8.408739e+01
      vertex   -1.831262e+00 6.900000e+01 -8.376330e+01
    endloop
  endfacet
  facet normal 3.494642e-01 0.000000e+00 -9.369497e-01
    outer loop
      vertex   -1.831262e+00 6.900000e+01 -8.376330e+01
      vertex   -2.700198e+00 7.000000e+01 -8.408739e+01
      vertex   -1.831262e+00 7.000000e+01 -8.376330e+01
    endloop
  endfacet
  facet normal 2.125653e-01 0.000000e+00 -9.771469e-01
    outer loop
      vertex   -1.831262e+00 6.900000e+01 -8.376330e+01
      vertex   -1.831262e+00 7.000000e+01 -8.376330e+01
      vertex   -9.250464e-01 6.900000e+01 -8.356616e+01
    endloop
  endfacet
  facet normal 2.125653e-01 0.000000e+00 -9.771469e-01
    outer loop
      vertex   -9.250464e-01 6.900000e+01 -8.356616e+01
      vertex   -1.831262e+00 7.000000e+01 -8.376330e+01
      vertex   -9.250464e-01 7.000000e+01 -8.356616e+01
    endloop
  endfacet
  facet normal 7.133918e-02 0.000000e+00 -9.974521e-01
    outer loop
      vertex   -9.250464e-01 6.900000e+01 -8.356616e+01
      vertex   -9.250464e-01 7.000000e+01 -8.356616e+01
      vertex   -3.980102e-16 6.900000e+01 -8.350000e+01
    endloop
  endfacet
  facet normal 7.133918e-02 0.000000e+00 -9.974521e-01
    outer loop
      vertex   -3.980102e-16 6.900000e+01 -8.350000e+01
      vertex   -9.250464e-01 7.000000e+01 -8.356616e+01
      vertex   -3.980102e-16 7.000000e+01 -8.350000e+01
    endloop
  endfacet
  facet normal -7.133918e-02 0.000000e+00 -9.974521e-01
    outer loop
      vertex   -3.980102e-16 6.900000e+01 -8.350000e+01
      vertex   -3.980102e-16 7.000000e+01 -8.350000e+01
      vertex   9.250464e-01 6.900000e+01 -8.356616e+01
    endloop
  endfacet
  facet normal -7.133918e-02 0.000000e+00 -9.974521e-01
    outer loop
      vertex   9.250464e-01 6.900000e+01 -8.356616e+01
      vertex   -3.980102e-16 7.000000e+01 -8.350000e+01
      vertex   9.250464e-01 7.000000e+01 -8.356616e+01
    endloop
  endfacet
  facet normal -2.125653e-01 0.000000e+00 -9.771469e-01
    outer loop
      vertex   9.250464e-01 6.900000e+01 -8.356616e+01
      vertex   9.250464e-01 7.000000e+01 -8.356616e+01
      vertex   1.831262e+00 6.900000e+01 -8.376330e+01
    endloop
  endfacet
  facet normal -2.125653e-01 0.000000e+00 -9.771469e-01
    outer loop
      vertex   1.831262e+00 6.900000e+01 -8.376330e+01
      vertex   9.250464e-01 7.000000e+01 -8.356616e+01
      vertex   1.831262e+00 7.000000e+01 -8.376330e+01
    endloop
  endfacet
  facet normal -3.494642e-01 0.000000e+00 -9.369497e-01
    outer loop
      vertex   1.831262e+00 6.900000e+01 -8.376330e+01
      vertex   1.831262e+00 7.000000e+01 -8.376330e+01
      vertex   2.700198e+00 6.900000e+01 -8.408739e+01
    endloop
  endfacet
  facet normal -3.494642e-01 0.000000e+00 -9.369497e-01
    outer loop
      vertex   2.700198e+00 6.900000e+01 -8.408739e+01
      vertex   1.831262e+00 7.000000e+01 -8.376330e+01
      vertex   2.700198e+00 7.000000e+01 -8.408739e+01
    endloop
  endfacet
  facet normal -4.792490e-01 0.000000e+00 -8.776790e-01
    outer loop
      vertex   2.700198e+00 6.900000e+01 -8.408739e+01
      vertex   2.700198e+00 7.000000e+01 -8.408739e+01
      vertex   3.514165e+00 6.900000e+01 -8.453185e+01
    endloop
  endfacet
  facet normal -4.792490e-01 0.000000e+00 -8.776790e-01
    outer loop
      vertex   3.514165e+00 6.900000e+01 -8.453185e+01
      vertex   2.700198e+00 7.000000e+01 -8.408739e+01
      vertex   3.514165e+00 7.000000e+01 -8.453185e+01
    endloop
  endfacet
  facet normal -5.992777e-01 0.000000e+00 -8.005412e-01
    outer loop
      vertex   3.514165e+00 6.900000e+01 -8.453185e+01
      vertex   3.514165e+00 7.000000e+01 -8.453185e+01
      vertex   4.256595e+00 6.900000e+01 -8.508763e+01
    endloop
  endfacet
  facet normal -5.992777e-01 0.000000e+00 -8.005412e-01
    outer loop
      vertex   4.256595e+00 6.900000e+01 -8.508763e+01
      vertex   3.514165e+00 7.000000e+01 -8.453185e+01
      vertex   4.256595e+00 7.000000e+01 -8.508763e+01
    endloop
  endfacet
  facet normal -7.071068e-01 0.000000e+00 -7.071068e-01
    outer loop
      vertex   4.256595e+00 6.900000e+01 -8.508763e+01
      vertex   4.256595e+00 7.000000e+01 -8.508763e+01
      vertex   4.912372e+00 6.900000e+01 -8.574341e+01
    endloop
  endfacet
  facet normal -7.071068e-01 0.000000e+00 -7.071068e-01
    outer loop
      vertex   4.912372e+00 6.900000e+01 -8.574341e+01
      vertex   4.256595e+00 7.000000e+01 -8.508763e+01
      vertex   4.912372e+00 7.000000e+01 -8.574341e+01
    endloop
  endfacet
  facet normal -8.005412e-01 0.000000e+00 -5.992777e-01
    outer loop
      vertex   4.912372e+00 6.900000e+01 -8.574341e+01
      vertex   4.912372e+00 7.000000e+01 -8.574341e+01
      vertex   5.468148e+00 6.900000e+01 -8.648583e+01
    endloop
  endfacet
  facet normal -8.005412e-01 0.000000e+00 -5.992777e-01
    outer loop
      vertex   5.468148e+00 6.900000e+01 -8.648583e+01
      vertex   4.912372e+00 7.000000e+01 -8.574341e+01
      vertex   5.468148e+00 7.000000e+01 -8.648583e+01
    endloop
  endfacet
  facet normal -8.776790e-01 0.000000e+00 -4.792490e-01
    outer loop
      vertex   5.468148e+00 6.900000e+01 -8.648583e+01
      vertex   5.468148e+00 7.000000e+01 -8.648583e+01
      vertex   5.912608e+00 6.900000e+01 -8.729980e+01
    endloop
  endfacet
  facet normal -8.776790e-01 0.000000e+00 -4.792490e-01
    outer loop
      vertex   5.912608e+00 6.900000e+01 -8.729980e+01
      vertex   5.468148e+00 7.000000e+01 -8.648583e+01
      vertex   5.912608e+00 7.000000e+01 -8.729980e+01
    endloop
  endfacet
  facet normal -9.369497e-01 0.000000e+00 -3.494642e-01
    outer loop
      vertex   5.912608e+00 6.900000e+01 -8.729980e+01
      vertex   5.912608e+00 7.000000e+01 -8.729980e+01
      vertex   6.236704e+00 6.900000e+01 -8.816874e+01
    endloop
  endfacet
  facet normal -9.369497e-01 0.000000e+00 -3.494642e-01
    outer loop
      vertex   6.236704e+00 6.900000e+01 -8.816874e+01
      vertex   5.912608e+00 7.000000e+01 -8.729980e+01
      vertex   6.236704e+00 7.000000e+01 -8.816874e+01
    endloop
  endfacet
  facet normal -9.771469e-01 0.000000e+00 -2.125653e-01
    outer loop
      vertex   6.236704e+00 6.900000e+01 -8.816874e+01
      vertex   6.236704e+00 7.000000e+01 -8.816874e+01
      vertex   6.433839e+00 6.900000e+01 -8.907495e+01
    endloop
  endfacet
  facet normal -9.771469e-01 0.000000e+00 -2.125653e-01
    outer loop
      vertex   6.433839e+00 6.900000e+01 -8.907495e+01
      vertex   6.236704e+00 7.000000e+01 -8.816874e+01
      vertex   6.433839e+00 7.000000e+01 -8.907495e+01
    endloop
  endfacet
  facet normal 0.000000e+00 1.000000e+00 -0.000000e+00
    outer loop
      vertex   6.433839e+00 6.900000e+01 -9.092505e+01
      vertex   -6.433839e+00 6.900000e+01 -9.092505e+01
      vertex   6.500000e+00 6.900000e+01 -9.000000e+01
    endloop
  endfacet
  facet normal 0.000000e+00 1.000000e+00 0.000000e+00
    outer loop
      vertex   6.500000e+00 6.900000e+01 -9.000000e+01
      vertex   -6.433839e+00 6.900000e+01 -9.092505e+01
      vertex   -6.500000e+00 6.900000e+01 -9.000000e+01
    endloop
  endfacet
  facet normal 0.000000e+00 1.000000e+00 0.000000e+00
    outer loop
      vertex   6.500000e+00 6.900000e+01 -9.000000e+01
      vertex   -6.500000e+00 6.900000e+01 -9.000000e+01
      vertex   6.433839e+00 6.900000e+01 -8.907495e+01
    endloop
  endfacet
  facet normal 0.000000e+00 1.000000e+00 0.000000e+00
    outer loop
      vertex   6.433839e+00 6.900000e+01 -8.907495e+01
      vertex   -6.500000e+00 6.900000e+01 -9.000000e+01
      vertex   -6.433839e+00 6.900000e+01 -8.907495e+01
    endloop
  endfacet
  facet normal 0.000000e+00 1.000000e+00 0.000000e+00
    outer loop
      vertex   6.433839e+00 6.900000e+01 -8.907495e+01
      vertex   -6.433839e+00 6.900000e+01 -8.907495e+01
      vertex   6.236704e+00 6.900000e+01 -8.816874e+01
    endloop
  endfacet
  facet normal 0.000000e+00 1.000000e+00 0.000000e+00
    outer loop
      vertex   6.236704e+00 6.900000e+01 -8.816874e+01
      vertex   -6.433839e+00 6.900000e+01 -8.907495e+01
      vertex   -6.236704e+00 6.900000e+01 -8.816874e+01
    endloop
  endfacet
  facet normal 0.000000e+00 1.000000e+00 0.000000e+00
    outer loop
      vertex   6.236704e+00 6.900000e+01 -8.816874e+01
      vertex   -6.236704e+00 6.900000e+01 -8.816874e+01
      vertex   5.912608e+00 6.900000e+01 -8.729980e+01
    endloop
  endfacet
  facet normal 0.000000e+00 1.000000e+00 0.000000e+00
    outer loop
      vertex   5.912608e+00 6.900000e+01 -8.729980e+01
      vertex   -6.236704e+00 6.900000e+01 -8.816874e+01
      vertex   -5.912608e+00 6.900000e+01 -8.729980e+01
    endloop
  endfacet
  facet normal 0.000000e+00 1.000000e+00 0.000000e+00
    outer loop
      vertex   5.912608e+00 6.900000e+01 -8.729980e+01
      vertex   -5.912608e+00 6.900000e+01 -8.729980e+01
      vertex   5.468148e+00 6.900000e+01 -8.648583e+01
    endloop
  endfacet
  facet normal 0.000000e+00 1.000000e+00 0.000000e+00
    outer loop
      vertex   5.468148e+00 6.900000e+01 -8.648583e+01
      vertex   -5.912608e+00 6.900000e+01 -8.729980e+01
      vertex   -5.468148e+00 6.900000e+01 -8.648583e+01
    endloop
  endfacet
  facet normal 0.000000e+00 1.000000e+00 0.000000e+00
    outer loop
      vertex   5.468148e+00 6.900000e+01 -8.648583e+01
      vertex   -5.468148e+00 6.900000e+01 -8.648583e+01
      vertex   4.912372e+00 6.900000e+01 -8.574341e+01
    endloop
  endfacet
  facet normal 0.000000e+00 1.000000e+00 0.000000e+00
    outer loop
      vertex   4.912372e+00 6.900000e+01 -8.574341e+01
      vertex   -5.468148e+00 6.900000e+01 -8.648583e+01
      vertex   -4.912372e+00 6.900000e+01 -8.574341e+01
    endloop
  endfacet
  facet normal 0.000000e+00 1.000000e+00 0.000000e+00
    outer loop
      vertex   4.912372e+00 6.900000e+01 -8.574341e+01
      vertex   -4.912372e+00 6.900000e+01 -8.574341e+01
      vertex   4.256595e+00 6.900000e+01 -8.508763e+01
    endloop
  endfacet
  facet normal 0.000000e+00 1.000000e+00 0.000000e+00
    outer loop
      vertex   4.256595e+00 6.900000e+01 -8.508763e+01
      vertex   -4.912372e+00 6.900000e+01 -8.574341e+01
      vertex   -4.256595e+00 6.900000e+01 -8.508763e+01
    endloop
  endfacet
  facet normal 0.000000e+00 1.000000e+00 0.000000e+00
    outer loop
      vertex   4.256595e+00 6.900000e+01 -8.508763e+01
      vertex   -4.256595e+00 6.900000e+01 -8.508763e+01
      vertex   3.514165e+00 6.900000e+01 -8.453185e+01
    endloop
  endfacet
  facet normal 0.000000e+00 1.000000e+00 0.000000e+00
    outer loop
      vertex   3.514165e+00 6.900000e+01 -8.453185e+01
      vertex   -4.256595e+00 6.900000e+01 -8.508763e+01
      vertex   -3.514165e+00 6.900000e+01 -8.453185e+01
    endloop
  endfacet
  facet normal 0.000000e+00 1.000000e+00 0.000000e+00
    outer loop
      vertex   3.514165e+00 6.900000e+01 -8.453185e+01
      vertex   -3.514165e+00 6.900000e+01 -8.453185e+01
      vertex   2.700198e+00 6.900000e+01 -8.408739e+01
    endloop
  endfacet
  facet normal 0.000000e+00 1.000000e+00 0.000000e+00
    outer loop
      vertex   2.700198e+00 6.900000e+01 -8.408739e+01
      vertex   -3.514165e+00 6.900000e+01 -8.453185e+01
      vertex   -2.700198e+00 6.900000e+01 -8.408739e+01
    endloop
  endfacet
  facet normal 0.000000e+00 1.000000e+00 0.000000e+00
    outer loop
      vertex   2.700198e+00 6.900000e+01 -8.408739e+01
      vertex   -2.700198e+00 6.900000e+01 -8.408739e+01
      vertex   1.831262e+00 6.900000e+01 -8.376330e+01
    endloop
  endfacet
  facet normal 0.000000e+00 1.000000e+00 0.000000e+00
    outer loop
      vertex   1.831262e+00 6.900000e+01 -8.376330e+01
      vertex   -2.700198e+00 6.900000e+01 -8.408739e+01
      vertex   -1.831262e+00 6.900000e+01 -8.376330e+01
    endloop
  endfacet
  facet normal 0.000000e+00 1.000000e+00 0.000000e+00
    outer loop
      vertex   1.831262e+00 6.900000e+01 -8.376330e+01
      vertex   -1.831262e+00 6.900000e+01 -8.376330e+01
      vertex   9.250464e-01 6.900000e+01 -8.356616e+01
    endloop
  endfacet
  facet normal 0.000000e+00 1.000000e+00 0.000000e+00
    outer loop
      vertex   9.250464e-01 6.900000e+01 -8.356616e+01
      vertex   -1.831262e+00 6.900000e+01 -8.376330e+01
      vertex   -9.250464e-01 6.900000e+01 -8.356616e+01
    endloop
  endfacet
  facet normal 0.000000e+00 1.000000e+00 0.000000e+00
    outer loop
      vertex   9.250464e-01 6.900000e+01 -8.356616e+01
      vertex   -9.250464e-01 6.900000e+01 -8.356616e+01
      vertex   -3.980102e-16 6.900000e+01 -8.350000e+01
    endloop
  endfacet
  facet normal -0.000000e+00 1.000000e+00 0.000000e+00
    outer loop
      vertex   -6.433839e+00 6.900000e+01 -9.092505e+01
      vertex   6.433839e+00 6.900000e+01 -9.092505e+01
      vertex   -6.236704e+00 6.900000e+01 -9.183126e+01
    endloop
  endfacet
  facet normal 0.000000e+00 1.000000e+00 0.000000e+00
    outer loop
      vertex   -6.236704e+00 6.900000e+01 -9.183126e+01
      vertex   6.433839e+00 6.900000e+01 -9.092505e+01
      vertex   6.236704e+00 6.900000e+01 -9.183126e+01
    endloop
  endfacet
  facet normal -0.000000e+00 1.000000e+00 0.000000e+00
    outer loop
      vertex   -6.236704e+00 6.900000e+01 -9.183126e+01
      vertex   6.236704e+00 6.900000e+01 -9.183126e+01
      vertex   -5.912608e+00 6.900000e+01 -9.270020e+01
    endloop
  endfacet
  facet normal 0.000000e+00 1.000000e+00 0.000000e+00
    outer loop
      vertex   -5.912608e+00 6.900000e+01 -9.270020e+01
      vertex   6.236704e+00 6.900000e+01 -9.183126e+01
      vertex   5.912608e+00 6.900000e+01 -9.270020e+01
    endloop
  endfacet
  facet normal -0.000000e+00 1.000000e+00 0.000000e+00
    outer loop
      vertex   -5.912608e+00 6.900000e+01 -9.270020e+01
      vertex   5.912608e+00 6.900000e+01 -9.270020e+01
      vertex   -5.468148e+00 6.900000e+01 -9.351417e+01
    endloop
  endfacet
  facet normal 0.000000e+00 1.000000e+00 0.000000e+00
    outer loop
      vertex   -5.468148e+00 6.900000e+01 -9.351417e+01
      vertex   5.912608e+00 6.900000e+01 -9.270020e+01
      vertex   5.468148e+00 6.900000e+01 -9.351417e+01
    endloop
  endfacet
  facet normal -0.000000e+00 1.000000e+00 0.000000e+00
    outer loop
      vertex   -5.468148e+00 6.900000e+01 -9.351417e+01
      vertex   5.468148e+00 6.900000e+01 -9.351417e+01
      vertex   -4.912372e+00 6.900000e+01 -9.425659e+01
    endloop
  endfacet
  facet normal 0.000000e+00 1.000000e+00 0.000000e+00
    outer loop
      vertex   -4.912372e+00 6.900000e+01 -9.425659e+01
      vertex   5.468148e+00 6.900000e+01 -9.351417e+01
      vertex   4.912372e+00 6.900000e+01 -9.425659e+01
    endloop
  endfacet
  facet normal -0.000000e+00 1.000000e+00 0.000000e+00
    outer loop
      vertex   -4.912372e+00 6.900000e+01 -9.425659e+01
      vertex   4.912372e+00 6.900000e+01 -9.425659e+01
      vertex   -4.256595e+00 6.900000e+01 -9.491237e+01
    endloop
  endfacet
  facet normal 0.000000e+00 1.000000e+00 0.000000e+00
    outer loop
      vertex   -4.256595e+00 6.900000e+01 -9.491237e+01
      vertex   4.912372e+00 6.900000e+01 -9.425659e+01
      vertex   4.256595e+00 6.900000e+01 -9.491237e+01
    endloop
  endfacet
  facet normal -0.000000e+00 1.000000e+00 0.000000e+00
    outer loop
      vertex   -4.256595e+00 6.900000e+01 -9.491237e+01
      vertex   4.256595e+00 6.900000e+01 -9.491237e+01
      vertex   -3.514165e+00 6.900000e+01 -9.546815e+01
    endloop
  endfacet
  facet normal 0.000000e+00 1.000000e+00 0.000000e+00
    outer loop
      vertex   -3.514165e+00 6.900000e+01 -9.546815e+01
      vertex   4.256595e+00 6.900000e+01 -9.491237e+01
      vertex   3.514165e+00 6.900000e+01 -9.546815e+01
    endloop
  endfacet
  facet normal -0.000000e+00 1.000000e+00 0.000000e+00
    outer loop
      vertex   -3.514165e+00 6.900000e+01 -9.546815e+01
      vertex   3.514165e+00 6.900000e+01 -9.546815e+01
      vertex   -2.700198e+00 6.900000e+01 -9.591261e+01
    endloop
  endfacet
  facet normal 0.000000e+00 1.000000e+00 0.000000e+00
    outer loop
      vertex   -2.700198e+00 6.900000e+01 -9.591261e+01
      vertex   3.514165e+00 6.900000e+01 -9.546815e+01
      vertex   2.700198e+00 6.900000e+01 -9.591261e+01
    endloop
  endfacet
  facet normal -0.000000e+00 1.000000e+00 0.000000e+00
    outer loop
      vertex   -2.700198e+00 6.900000e+01 -9.591261e+01
      vertex   2.700198e+00 6.900000e+01 -9.591261e+01
      vertex   -1.831262e+00 6.900000e+01 -9.623670e+01
    endloop
  endfacet
  facet normal 0.000000e+00 1.000000e+00 0.000000e+00
    outer loop
      vertex   -1.831262e+00 6.900000e+01 -9.623670e+01
      vertex   2.700198e+00 6.900000e+01 -9.591261e+01
      vertex   1.831262e+00 6.900000e+01 -9.623670e+01
    endloop
  endfacet
  facet normal -0.000000e+00 1.000000e+00 0.000000e+00
    outer loop
      vertex   -1.831262e+00 6.900000e+01 -9.623670e+01
      vertex   1.831262e+00 6.900000e+01 -9.623670e+01
      vertex   -9.250464e-01 6.900000e+01 -9.643384e+01
    endloop
  endfacet
  facet normal 0.000000e+00 1.000000e+00 0.000000e+00
    outer loop
      vertex   -9.250464e-01 6.900000e+01 -9.643384e+01
      vertex   1.831262e+00 6.900000e+01 -9.623670e+01
      vertex   9.250464e-01 6.900000e+01 -9.643384e+01
    endloop
  endfacet
  facet normal -0.000000e+00 1.000000e+00 0.000000e+00
    outer loop
      vertex   -9.250464e-01 6.900000e+01 -9.643384e+01
      vertex   9.250464e-01 6.900000e+01 -9.643384e+01
      vertex   -3.980102e-16 6.900000e+01 -9.650000e+01
    endloop
  endfacet
  facet normal -9.989009e-01 -0.000000e+00 -4.687226e-02
    outer loop
      vertex   -1.493409e+01 7.000000e+01 -9.140462e+01
      vertex   -1.493409e+01 4.666667e+01 -9.140462e+01
      vertex   -1.500000e+01 7.000000e+01 -9.000000e+01
    endloop
  endfacet
  facet normal -9.989009e-01 -0.000000e+00 -4.687226e-02
    outer loop
      vertex   -1.500000e+01 7.000000e+01 -9.000000e+01
      vertex   -1.493409e+01 4.666667e+01 -9.140462e+01
      vertex   -1.500000e+01 4.666667e+01 -9.000000e+01
    endloop
  endfacet
  facet normal -9.989009e-01 0.000000e+00 4.687226e-02
    outer loop
      vertex   -1.500000e+01 7.000000e+01 -9.000000e+01
      vertex   -1.500000e+01 4.666667e+01 -9.000000e+01
      vertex   -1.493409e+01 7.000000e+01 -8.859538e+01
    endloop
  endfacet
  facet normal -9.989009e-01 0.000000e+00 4.687226e-02
    outer loop
      vertex   -1.493409e+01 7.000000e+01 -8.859538e+01
      vertex   -1.500000e+01 4.666667e+01 -9.000000e+01
      vertex   -1.493409e+01 4.666667e+01 -8.859538e+01
    endloop
  endfacet
  facet normal -9.901225e-01 0.000000e+00 1.402049e-01
    outer loop
      vertex   -1.493409e+01 7.000000e+01 -8.859538e+01
      vertex   -1.493409e+01 4.666667e+01 -8.859538e+01
      vertex   -1.473694e+01 7.000000e+01 -8.720310e+01
    endloop
  endfacet
  facet normal -9.901225e-01 0.000000e+00 1.402049e-01
    outer loop
      vertex   -1.473694e+01 7.000000e+01 -8.720310e+01
      vertex   -1.493409e+01 4.666667e+01 -8.859538e+01
      vertex   -1.473694e+01 4.666667e+01 -8.720310e+01
    endloop
  endfacet
  facet normal -9.726429e-01 0.000000e+00 2.323054e-01
    outer loop
      vertex   -1.473694e+01 7.000000e+01 -8.720310e+01
      vertex   -1.473694e+01 4.666667e+01 -8.720310e+01
      vertex   -1.441028e+01 7.000000e+01 -8.583540e+01
    endloop
  endfacet
  facet normal -9.726429e-01 -7.404689e-17 2.323054e-01
    outer loop
      vertex   -1.441028e+01 7.000000e+01 -8.583540e+01
      vertex   -1.473694e+01 4.666667e+01 -8.720310e+01
      vertex   -1.441028e+01 4.666667e+01 -8.583540e+01
    endloop
  endfacet
  facet normal -9.466157e-01 -7.206545e-17 3.223643e-01
    outer loop
      vertex   -1.441028e+01 7.000000e+01 -8.583540e+01
      vertex   -1.441028e+01 4.666667e+01 -8.583540e+01
      vertex   -1.395698e+01 7.000000e+01 -8.450430e+01
    endloop
  endfacet
  facet normal -9.466157e-01 7.206545e-17 3.223643e-01
    outer loop
      vertex   -1.395698e+01 7.000000e+01 -8.450430e+01
      vertex   -1.441028e+01 4.666667e+01 -8.583540e+01
      vertex   -1.395698e+01 4.666667e+01 -8.450430e+01
    endloop
  endfacet
  facet normal -9.122696e-01 6.945070e-17 4.095904e-01
    outer loop
      vertex   -1.395698e+01 7.000000e+01 -8.450430e+01
      vertex   -1.395698e+01 4.666667e+01 -8.450430e+01
      vertex   -1.338103e+01 7.000000e+01 -8.322150e+01
    endloop
  endfacet
  facet normal -9.122696e-01 0.000000e+00 4.095904e-01
    outer loop
      vertex   -1.338103e+01 7.000000e+01 -8.322150e+01
      vertex   -1.395698e+01 4.666667e+01 -8.450430e+01
      vertex   -1.338103e+01 4.666667e+01 -8.322150e+01
    endloop
  endfacet
  facet normal -8.699064e-01 0.000000e+00 4.932169e-01
    outer loop
      vertex   -1.338103e+01 7.000000e+01 -8.322150e+01
      vertex   -1.338103e+01 4.666667e+01 -8.322150e+01
      vertex   -1.268748e+01 7.000000e+01 -8.199826e+01
    endloop
  endfacet
  facet normal -8.699064e-01 6.622561e-17 4.932169e-01
    outer loop
      vertex   -1.268748e+01 7.000000e+01 -8.199826e+01
      vertex   -1.338103e+01 4.666667e+01 -8.322150e+01
      vertex   -1.268748e+01 4.666667e+01 -8.199826e+01
    endloop
  endfacet
  facet normal -8.198984e-01 6.241852e-17 5.725090e-01
    outer loop
      vertex   -1.268748e+01 7.000000e+01 -8.199826e+01
      vertex   -1.268748e+01 4.666667e+01 -8.199826e+01
      vertex   -1.188244e+01 7.000000e+01 -8.084535e+01
    endloop
  endfacet
  facet normal -8.198984e-01 0.000000e+00 5.725090e-01
    outer loop
      vertex   -1.188244e+01 7.000000e+01 -8.084535e+01
      vertex   -1.268748e+01 4.666667e+01 -8.199826e+01
      vertex   -1.188244e+01 4.666667e+01 -8.084535e+01
    endloop
  endfacet
  facet normal -7.626852e-01 0.000000e+00 6.467699e-01
    outer loop
      vertex   -1.188244e+01 7.000000e+01 -8.084535e+01
      vertex   -1.188244e+01 4.666667e+01 -8.084535e+01
      vertex   -1.097297e+01 7.000000e+01 -7.977288e+01
    endloop
  endfacet
  facet normal -7.626852e-01 0.000000e+00 6.467699e-01
    outer loop
      vertex   -1.097297e+01 7.000000e+01 -7.977288e+01
      vertex   -1.188244e+01 4.666667e+01 -8.084535e+01
      vertex   -1.097297e+01 4.666667e+01 -7.977288e+01
    endloop
  endfacet
  facet normal -6.987694e-01 0.000000e+00 7.153470e-01
    outer loop
      vertex   -1.097297e+01 7.000000e+01 -7.977288e+01
      vertex   -1.097297e+01 4.666667e+01 -7.977288e+01
      vertex   -9.967072e+00 7.000000e+01 -7.879030e+01
    endloop
  endfacet
  facet normal -6.987694e-01 -2.760814e-16 7.153470e-01
    outer loop
      vertex   -9.967072e+00 7.000000e+01 -7.879030e+01
      vertex   -1.097297e+01 4.666667e+01 -7.977288e+01
      vertex   -9.967072e+00 4.666667e+01 -7.879030e+01
    endloop
  endfacet
  facet normal -6.287129e-01 -3.300188e-16 7.776375e-01
    outer loop
      vertex   -9.967072e+00 7.000000e+01 -7.879030e+01
      vertex   -9.967072e+00 4.666667e+01 -7.879030e+01
      vertex   -8.873583e+00 7.000000e+01 -7.790622e+01
    endloop
  endfacet
  facet normal -6.287129e-01 0.000000e+00 7.776375e-01
    outer loop
      vertex   -8.873583e+00 7.000000e+01 -7.790622e+01
      vertex   -9.967072e+00 4.666667e+01 -7.879030e+01
      vertex   -8.873583e+00 4.666667e+01 -7.790622e+01
    endloop
  endfacet
  facet normal -5.531312e-01 0.000000e+00 8.330942e-01
    outer loop
      vertex   -8.873583e+00 7.000000e+01 -7.790622e+01
      vertex   -8.873583e+00 4.666667e+01 -7.790622e+01
      vertex   -7.702113e+00 7.000000e+01 -7.712842e+01
    endloop
  endfacet
  facet normal -5.531312e-01 0.000000e+00 8.330942e-01
    outer loop
      vertex   -7.702113e+00 7.000000e+01 -7.712842e+01
      vertex   -8.873583e+00 4.666667e+01 -7.790622e+01
      vertex   -7.702113e+00 4.666667e+01 -7.712842e+01
    endloop
  endfacet
  facet normal -4.726885e-01 0.000000e+00 8.812296e-01
    outer loop
      vertex   -7.702113e+00 7.000000e+01 -7.712842e+01
      vertex   -7.702113e+00 4.666667e+01 -7.712842e+01
      vertex   -6.462956e+00 7.000000e+01 -7.646375e+01
    endloop
  endfacet
  facet normal -4.726885e-01 0.000000e+00 8.812296e-01
    outer loop
      vertex   -6.462956e+00 7.000000e+01 -7.646375e+01
      vertex   -7.702113e+00 4.666667e+01 -7.712842e+01
      vertex   -6.462956e+00 4.666667e+01 -7.646375e+01
    endloop
  endfacet
  facet normal -3.880919e-01 0.000000e+00 9.216207e-01
    outer loop
      vertex   -6.462956e+00 7.000000e+01 -7.646375e+01
      vertex   -6.462956e+00 4.666667e+01 -7.646375e+01
      vertex   -5.167003e+00 7.000000e+01 -7.591802e+01
    endloop
  endfacet
  facet normal -3.880919e-01 0.000000e+00 9.216207e-01
    outer loop
      vertex   -5.167003e+00 7.000000e+01 -7.591802e+01
      vertex   -6.462956e+00 4.666667e+01 -7.646375e+01
      vertex   -5.167003e+00 4.666667e+01 -7.591802e+01
    endloop
  endfacet
  facet normal -3.000846e-01 0.000000e+00 9.539126e-01
    outer loop
      vertex   -5.167003e+00 7.000000e+01 -7.591802e+01
      vertex   -5.167003e+00 4.666667e+01 -7.591802e+01
      vertex   -3.825642e+00 7.000000e+01 -7.549605e+01
    endloop
  endfacet
  facet normal -3.000846e-01 0.000000e+00 9.539126e-01
    outer loop
      vertex   -3.825642e+00 7.000000e+01 -7.549605e+01
      vertex   -5.167003e+00 4.666667e+01 -7.591802e+01
      vertex   -3.825642e+00 4.666667e+01 -7.549605e+01
    endloop
  endfacet
  facet normal -2.094403e-01 0.000000e+00 9.778214e-01
    outer loop
      vertex   -3.825642e+00 7.000000e+01 -7.549605e+01
      vertex   -3.825642e+00 4.666667e+01 -7.549605e+01
      vertex   -2.450660e+00 7.000000e+01 -7.520155e+01
    endloop
  endfacet
  facet normal -2.094403e-01 0.000000e+00 9.778214e-01
    outer loop
      vertex   -2.450660e+00 7.000000e+01 -7.520155e+01
      vertex   -3.825642e+00 4.666667e+01 -7.549605e+01
      vertex   -2.450660e+00 4.666667e+01 -7.520155e+01
    endloop
  endfacet
  facet normal -1.169553e-01 0.000000e+00 9.931372e-01
    outer loop
      vertex   -2.450660e+00 7.000000e+01 -7.520155e+01
      vertex   -2.450660e+00 4.666667e+01 -7.520155e+01
      vertex   -1.054143e+00 7.000000e+01 -7.503709e+01
    endloop
  endfacet
  facet normal -1.169553e-01 1.669455e-17 9.931372e-01
    outer loop
      vertex   -1.054143e+00 7.000000e+01 -7.503709e+01
      vertex   -2.450660e+00 4.666667e+01 -7.520155e+01
      vertex   -1.054143e+00 4.666667e+01 -7.503709e+01
    endloop
  endfacet
  facet normal -2.344257e-02 3.346262e-18 9.997252e-01
    outer loop
      vertex   -1.054143e+00 7.000000e+01 -7.503709e+01
      vertex   -1.054143e+00 4.666667e+01 -7.503709e+01
      vertex   3.516386e-01 7.000000e+01 -7.500412e+01
    endloop
  endfacet
  facet normal -2.344257e-02 0.000000e+00 9.997252e-01
    outer loop
      vertex   3.516386e-01 7.000000e+01 -7.500412e+01
      vertex   -1.054143e+00 4.666667e+01 -7.503709e+01
      vertex   3.516386e-01 4.666667e+01 -7.500412e+01
    endloop
  endfacet
  facet normal 7.027619e-02 0.000000e+00 9.975276e-01
    outer loop
      vertex   3.516386e-01 7.000000e+01 -7.500412e+01
      vertex   3.516386e-01 4.666667e+01 -7.500412e+01
      vertex   1.754330e+00 7.000000e+01 -7.510294e+01
    endloop
  endfacet
  facet normal 7.027619e-02 0.000000e+00 9.975276e-01
    outer loop
      vertex   1.754330e+00 7.000000e+01 -7.510294e+01
      vertex   3.516386e-01 4.666667e+01 -7.500412e+01
      vertex   1.754330e+00 4.666667e+01 -7.510294e+01
    endloop
  endfacet
  facet normal 1.633774e-01 0.000000e+00 9.865637e-01
    outer loop
      vertex   1.754330e+00 7.000000e+01 -7.510294e+01
      vertex   1.754330e+00 4.666667e+01 -7.510294e+01
      vertex   3.141604e+00 7.000000e+01 -7.533268e+01
    endloop
  endfacet
  facet normal 1.633774e-01 0.000000e+00 9.865637e-01
    outer loop
      vertex   3.141604e+00 7.000000e+01 -7.533268e+01
      vertex   1.754330e+00 4.666667e+01 -7.510294e+01
      vertex   3.141604e+00 4.666667e+01 -7.533268e+01
    endloop
  endfacet
  facet normal 2.550428e-01 0.000000e+00 9.669298e-01
    outer loop
      vertex   3.141604e+00 7.000000e+01 -7.533268e+01
      vertex   3.141604e+00 4.666667e+01 -7.533268e+01
      vertex   4.501270e+00 7.000000e+01 -7.569131e+01
    endloop
  endfacet
  facet normal 2.550428e-01 -2.912445e-17 9.669298e-01
    outer loop
      vertex   4.501270e+00 7.000000e+01 -7.569131e+01
      vertex   3.141604e+00 4.666667e+01 -7.533268e+01
      vertex   4.501270e+00 4.666667e+01 -7.569131e+01
    endloop
  endfacet
  facet normal 3.444669e-01 -3.933617e-17 9.387985e-01
    outer loop
      vertex   4.501270e+00 7.000000e+01 -7.569131e+01
      vertex   4.501270e+00 4.666667e+01 -7.569131e+01
      vertex   5.821378e+00 7.000000e+01 -7.617569e+01
    endloop
  endfacet
  facet normal 3.444669e-01 0.000000e+00 9.387985e-01
    outer loop
      vertex   5.821378e+00 7.000000e+01 -7.617569e+01
      vertex   4.501270e+00 4.666667e+01 -7.569131e+01
      vertex   5.821378e+00 4.666667e+01 -7.617569e+01
    endloop
  endfacet
  facet normal 4.308637e-01 0.000000e+00 9.024170e-01
    outer loop
      vertex   5.821378e+00 7.000000e+01 -7.617569e+01
      vertex   5.821378e+00 4.666667e+01 -7.617569e+01
      vertex   7.090328e+00 7.000000e+01 -7.678156e+01
    endloop
  endfacet
  facet normal 4.308637e-01 4.920221e-17 9.024170e-01
    outer loop
      vertex   7.090328e+00 7.000000e+01 -7.678156e+01
      vertex   5.821378e+00 4.666667e+01 -7.617569e+01
      vertex   7.090328e+00 4.666667e+01 -7.678156e+01
    endloop
  endfacet
  facet normal 5.134742e-01 5.863586e-17 8.581050e-01
    outer loop
      vertex   7.090328e+00 7.000000e+01 -7.678156e+01
      vertex   7.090328e+00 4.666667e+01 -7.678156e+01
      vertex   8.296967e+00 7.000000e+01 -7.750359e+01
    endloop
  endfacet
  facet normal 5.134742e-01 -7.818115e-17 8.581050e-01
    outer loop
      vertex   8.296967e+00 7.000000e+01 -7.750359e+01
      vertex   7.090328e+00 4.666667e+01 -7.678156e+01
      vertex   8.296967e+00 4.666667e+01 -7.750359e+01
    endloop
  endfacet
  facet normal 5.915722e-01 -9.007229e-17 8.062520e-01
    outer loop
      vertex   8.296967e+00 7.000000e+01 -7.750359e+01
      vertex   8.296967e+00 4.666667e+01 -7.750359e+01
      vertex   9.430693e+00 7.000000e+01 -7.833544e+01
    endloop
  endfacet
  facet normal 5.915722e-01 0.000000e+00 8.062520e-01
    outer loop
      vertex   9.430693e+00 7.000000e+01 -7.833544e+01
      vertex   8.296967e+00 4.666667e+01 -7.750359e+01
      vertex   9.430693e+00 4.666667e+01 -7.833544e+01
    endloop
  endfacet
  facet normal 6.644715e-01 0.000000e+00 7.473136e-01
    outer loop
      vertex   9.430693e+00 7.000000e+01 -7.833544e+01
      vertex   9.430693e+00 4.666667e+01 -7.833544e+01
      vertex   1.048154e+01 7.000000e+01 -7.926980e+01
    endloop
  endfacet
  facet normal 6.644715e-01 1.011719e-16 7.473136e-01
    outer loop
      vertex   1.048154e+01 7.000000e+01 -7.926980e+01
      vertex   9.430693e+00 4.666667e+01 -7.833544e+01
      vertex   1.048154e+01 4.666667e+01 -7.926980e+01
    endloop
  endfacet
  facet normal 7.315313e-01 1.113823e-16 6.818078e-01
    outer loop
      vertex   1.048154e+01 7.000000e+01 -7.926980e+01
      vertex   1.048154e+01 4.666667e+01 -7.926980e+01
      vertex   1.144028e+01 7.000000e+01 -8.029845e+01
    endloop
  endfacet
  facet normal 7.315313e-01 0.000000e+00 6.818078e-01
    outer loop
      vertex   1.144028e+01 7.000000e+01 -8.029845e+01
      vertex   1.048154e+01 4.666667e+01 -7.926980e+01
      vertex   1.144028e+01 4.666667e+01 -8.029845e+01
    endloop
  endfacet
  facet normal 7.921625e-01 0.000000e+00 6.103103e-01
    outer loop
      vertex   1.144028e+01 7.000000e+01 -8.029845e+01
      vertex   1.144028e+01 4.666667e+01 -8.029845e+01
      vertex   1.229848e+01 7.000000e+01 -8.141236e+01
    endloop
  endfacet
  facet normal 7.921625e-01 -1.206140e-16 6.103103e-01
    outer loop
      vertex   1.229848e+01 7.000000e+01 -8.141236e+01
      vertex   1.144028e+01 4.666667e+01 -8.029845e+01
      vertex   1.229848e+01 4.666667e+01 -8.141236e+01
    endloop
  endfacet
  facet normal 8.458321e-01 -1.287857e-16 5.334493e-01
    outer loop
      vertex   1.229848e+01 7.000000e+01 -8.141236e+01
      vertex   1.229848e+01 4.666667e+01 -8.141236e+01
      vertex   1.304860e+01 7.000000e+01 -8.260175e+01
    endloop
  endfacet
  facet normal 8.458321e-01 -6.439284e-17 5.334493e-01
    outer loop
      vertex   1.304860e+01 7.000000e+01 -8.260175e+01
      vertex   1.229848e+01 4.666667e+01 -8.141236e+01
      vertex   1.304860e+01 4.666667e+01 -8.260175e+01
    endloop
  endfacet
  facet normal 8.920684e-01 -6.791279e-17 4.519003e-01
    outer loop
      vertex   1.304860e+01 7.000000e+01 -8.260175e+01
      vertex   1.304860e+01 4.666667e+01 -8.260175e+01
      vertex   1.368404e+01 7.000000e+01 -8.385614e+01
    endloop
  endfacet
  facet normal 8.920684e-01 -6.791279e-17 4.519003e-01
    outer loop
      vertex   1.368404e+01 7.000000e+01 -8.385614e+01
      vertex   1.304860e+01 4.666667e+01 -8.260175e+01
      vertex   1.368404e+01 4.666667e+01 -8.385614e+01
    endloop
  endfacet
  facet normal 9.304653e-01 -7.083593e-17 3.663800e-01
    outer loop
      vertex   1.368404e+01 7.000000e+01 -8.385614e+01
      vertex   1.368404e+01 4.666667e+01 -8.385614e+01
      vertex   1.419924e+01 7.000000e+01 -8.516454e+01
    endloop
  endfacet
  facet normal 9.304653e-01 0.000000e+00 3.663800e-01
    outer loop
      vertex   1.419924e+01 7.000000e+01 -8.516454e+01
      vertex   1.368404e+01 4.666667e+01 -8.385614e+01
      vertex   1.419924e+01 4.666667e+01 -8.516454e+01
    endloop
  endfacet
  facet normal 9.606852e-01 0.000000e+00 2.776400e-01
    outer loop
      vertex   1.419924e+01 7.000000e+01 -8.516454e+01
      vertex   1.419924e+01 4.666667e+01 -8.516454e+01
      vertex   1.458964e+01 7.000000e+01 -8.651542e+01
    endloop
  endfacet
  facet normal 9.606852e-01 0.000000e+00 2.776400e-01
    outer loop
      vertex   1.458964e+01 7.000000e+01 -8.651542e+01
      vertex   1.419924e+01 4.666667e+01 -8.516454e+01
      vertex   1.458964e+01 4.666667e+01 -8.651542e+01
    endloop
  endfacet
  facet normal 9.824625e-01 0.000000e+00 1.864601e-01
    outer loop
      vertex   1.458964e+01 7.000000e+01 -8.651542e+01
      vertex   1.458964e+01 4.666667e+01 -8.651542e+01
      vertex   1.485184e+01 7.000000e+01 -8.789693e+01
    endloop
  endfacet
  facet normal 9.824625e-01 0.000000e+00 1.864601e-01
    outer loop
      vertex   1.485184e+01 7.000000e+01 -8.789693e+01
      vertex   1.458964e+01 4.666667e+01 -8.651542e+01
      vertex   1.485184e+01 4.666667e+01 -8.789693e+01
    endloop
  endfacet
  facet normal 9.956060e-01 0.000000e+00 9.364149e-02
    outer loop
      vertex   1.485184e+01 7.000000e+01 -8.789693e+01
      vertex   1.485184e+01 4.666667e+01 -8.789693e+01
      vertex   1.498351e+01 7.000000e+01 -8.929692e+01
    endloop
  endfacet
  facet normal 9.956060e-01 0.000000e+00 9.364149e-02
    outer loop
      vertex   1.498351e+01 7.000000e+01 -8.929692e+01
      vertex   1.485184e+01 4.666667e+01 -8.789693e+01
      vertex   1.498351e+01 4.666667e+01 -8.929692e+01
    endloop
  endfacet
  facet normal 1.000000e+00 0.000000e+00 0.000000e+00
    outer loop
      vertex   1.498351e+01 7.000000e+01 -8.929692e+01
      vertex   1.498351e+01 4.666667e+01 -8.929692e+01
      vertex   1.498351e+01 7.000000e+01 -9.070308e+01
    endloop
  endfacet
  facet normal 1.000000e+00 0.000000e+00 0.000000e+00
    outer loop
      vertex   1.498351e+01 7.000000e+01 -9.070308e+01
      vertex   1.498351e+01 4.666667e+01 -8.929692e+01
      vertex   1.498351e+01 4.666667e+01 -9.070308e+01
    endloop
  endfacet
  facet normal 9.956060e-01 0.000000e+00 -9.364149e-02
    outer loop
      vertex   1.498351e+01 7.000000e+01 -9.070308e+01
      vertex   1.498351e+01 4.666667e+01 -9.070308e+01
      vertex   1.485184e+01 7.000000e+01 -9.210307e+01
    endloop
  endfacet
  facet normal 9.956060e-01 0.000000e+00 -9.364149e-02
    outer loop
      vertex   1.485184e+01 7.000000e+01 -9.210307e+01
      vertex   1.498351e+01 4.666667e+01 -9.070308e+01
      vertex   1.485184e+01 4.666667e+01 -9.210307e+01
    endloop
  endfacet
  facet normal 9.824625e-01 0.000000e+00 -1.864601e-01
    outer loop
      vertex   1.485184e+01 7.000000e+01 -9.210307e+01
      vertex   1.485184e+01 4.666667e+01 -9.210307e+01
      vertex   1.458964e+01 7.000000e+01 -9.348458e+01
    endloop
  endfacet
  facet normal 9.824625e-01 0.000000e+00 -1.864601e-01
    outer loop
      vertex   1.458964e+01 7.000000e+01 -9.348458e+01
      vertex   1.485184e+01 4.666667e+01 -9.210307e+01
      vertex   1.458964e+01 4.666667e+01 -9.348458e+01
    endloop
  endfacet
  facet normal 9.606852e-01 0.000000e+00 -2.776400e-01
    outer loop
      vertex   1.458964e+01 7.000000e+01 -9.348458e+01
      vertex   1.458964e+01 4.666667e+01 -9.348458e+01
      vertex   1.419924e+01 7.000000e+01 -9.483546e+01
    endloop
  endfacet
  facet normal 9.606852e-01 0.000000e+00 -2.776400e-01
    outer loop
      vertex   1.419924e+01 7.000000e+01 -9.483546e+01
      vertex   1.458964e+01 4.666667e+01 -9.348458e+01
      vertex   1.419924e+01 4.666667e+01 -9.483546e+01
    endloop
  endfacet
  facet normal 9.304653e-01 0.000000e+00 -3.663800e-01
    outer loop
      vertex   1.419924e+01 7.000000e+01 -9.483546e+01
      vertex   1.419924e+01 4.666667e+01 -9.483546e+01
      vertex   1.368404e+01 7.000000e+01 -9.614386e+01
    endloop
  endfacet
  facet normal 9.304653e-01 0.000000e+00 -3.663800e-01
    outer loop
      vertex   1.368404e+01 7.000000e+01 -9.614386e+01
      vertex   1.419924e+01 4.666667e+01 -9.483546e+01
      vertex   1.368404e+01 4.666667e+01 -9.614386e+01
    endloop
  endfacet
  facet normal 8.920684e-01 0.000000e+00 -4.519003e-01
    outer loop
      vertex   1.368404e+01 7.000000e+01 -9.614386e+01
      vertex   1.368404e+01 4.666667e+01 -9.614386e+01
      vertex   1.304860e+01 7.000000e+01 -9.739825e+01
    endloop
  endfacet
  facet normal 8.920684e-01 -6.791279e-17 -4.519003e-01
    outer loop
      vertex   1.304860e+01 7.000000e+01 -9.739825e+01
      vertex   1.368404e+01 4.666667e+01 -9.614386e+01
      vertex   1.304860e+01 4.666667e+01 -9.739825e+01
    endloop
  endfacet
  facet normal 8.458321e-01 -6.439284e-17 -5.334493e-01
    outer loop
      vertex   1.304860e+01 7.000000e+01 -9.739825e+01
      vertex   1.304860e+01 4.666667e+01 -9.739825e+01
      vertex   1.229848e+01 7.000000e+01 -9.858764e+01
    endloop
  endfacet
  facet normal 8.458321e-01 6.439284e-17 -5.334493e-01
    outer loop
      vertex   1.229848e+01 7.000000e+01 -9.858764e+01
      vertex   1.304860e+01 4.666667e+01 -9.739825e+01
      vertex   1.229848e+01 4.666667e+01 -9.858764e+01
    endloop
  endfacet
  facet normal 7.921625e-01 6.030700e-17 -6.103103e-01
    outer loop
      vertex   1.229848e+01 7.000000e+01 -9.858764e+01
      vertex   1.229848e+01 4.666667e+01 -9.858764e+01
      vertex   1.144028e+01 7.000000e+01 -9.970155e+01
    endloop
  endfacet
  facet normal 7.921625e-01 0.000000e+00 -6.103103e-01
    outer loop
      vertex   1.144028e+01 7.000000e+01 -9.970155e+01
      vertex   1.229848e+01 4.666667e+01 -9.858764e+01
      vertex   1.144028e+01 4.666667e+01 -9.970155e+01
    endloop
  endfacet
  facet normal 7.315313e-01 0.000000e+00 -6.818078e-01
    outer loop
      vertex   1.144028e+01 7.000000e+01 -9.970155e+01
      vertex   1.144028e+01 4.666667e+01 -9.970155e+01
      vertex   1.048154e+01 7.000000e+01 -1.007302e+02
    endloop
  endfacet
  facet normal 7.315313e-01 -5.569117e-17 -6.818078e-01
    outer loop
      vertex   1.048154e+01 7.000000e+01 -1.007302e+02
      vertex   1.144028e+01 4.666667e+01 -9.970155e+01
      vertex   1.048154e+01 4.666667e+01 -1.007302e+02
    endloop
  endfacet
  facet normal 6.644715e-01 -5.058593e-17 -7.473136e-01
    outer loop
      vertex   1.048154e+01 7.000000e+01 -1.007302e+02
      vertex   1.048154e+01 4.666667e+01 -1.007302e+02
      vertex   9.430693e+00 7.000000e+01 -1.016646e+02
    endloop
  endfacet
  facet normal 6.644715e-01 -1.011719e-16 -7.473136e-01
    outer loop
      vertex   9.430693e+00 7.000000e+01 -1.016646e+02
      vertex   1.048154e+01 4.666667e+01 -1.007302e+02
      vertex   9.430693e+00 4.666667e+01 -1.016646e+02
    endloop
  endfacet
  facet normal 5.915722e-01 -9.007229e-17 -8.062520e-01
    outer loop
      vertex   9.430693e+00 7.000000e+01 -1.016646e+02
      vertex   9.430693e+00 4.666667e+01 -1.016646e+02
      vertex   8.296967e+00 7.000000e+01 -1.024964e+02
    endloop
  endfacet
  facet normal 5.915722e-01 0.000000e+00 -8.062520e-01
    outer loop
      vertex   8.296967e+00 7.000000e+01 -1.024964e+02
      vertex   9.430693e+00 4.666667e+01 -1.016646e+02
      vertex   8.296967e+00 4.666667e+01 -1.024964e+02
    endloop
  endfacet
  facet normal 5.134742e-01 0.000000e+00 -8.581050e-01
    outer loop
      vertex   8.296967e+00 7.000000e+01 -1.024964e+02
      vertex   8.296967e+00 4.666667e+01 -1.024964e+02
      vertex   7.090328e+00 7.000000e+01 -1.032184e+02
    endloop
  endfacet
  facet normal 5.134742e-01 5.863586e-17 -8.581050e-01
    outer loop
      vertex   7.090328e+00 7.000000e+01 -1.032184e+02
      vertex   8.296967e+00 4.666667e+01 -1.024964e+02
      vertex   7.090328e+00 4.666667e+01 -1.032184e+02
    endloop
  endfacet
  facet normal 4.308637e-01 4.920221e-17 -9.024170e-01
    outer loop
      vertex   7.090328e+00 7.000000e+01 -1.032184e+02
      vertex   7.090328e+00 4.666667e+01 -1.032184e+02
      vertex   5.821378e+00 7.000000e+01 -1.038243e+02
    endloop
  endfacet
  facet normal 4.308637e-01 -6.560295e-17 -9.024170e-01
    outer loop
      vertex   5.821378e+00 7.000000e+01 -1.038243e+02
      vertex   7.090328e+00 4.666667e+01 -1.032184e+02
      vertex   5.821378e+00 4.666667e+01 -1.038243e+02
    endloop
  endfacet
  facet normal 3.444669e-01 -5.244823e-17 -9.387985e-01
    outer loop
      vertex   5.821378e+00 7.000000e+01 -1.038243e+02
      vertex   5.821378e+00 4.666667e+01 -1.038243e+02
      vertex   4.501270e+00 7.000000e+01 -1.043087e+02
    endloop
  endfacet
  facet normal 3.444669e-01 5.244823e-17 -9.387985e-01
    outer loop
      vertex   4.501270e+00 7.000000e+01 -1.043087e+02
      vertex   5.821378e+00 4.666667e+01 -1.038243e+02
      vertex   4.501270e+00 4.666667e+01 -1.043087e+02
    endloop
  endfacet
  facet normal 2.550428e-01 3.883260e-17 -9.669298e-01
    outer loop
      vertex   4.501270e+00 7.000000e+01 -1.043087e+02
      vertex   4.501270e+00 4.666667e+01 -1.043087e+02
      vertex   3.141604e+00 7.000000e+01 -1.046673e+02
    endloop
  endfacet
  facet normal 2.550428e-01 0.000000e+00 -9.669298e-01
    outer loop
      vertex   3.141604e+00 7.000000e+01 -1.046673e+02
      vertex   4.501270e+00 4.666667e+01 -1.043087e+02
      vertex   3.141604e+00 4.666667e+01 -1.046673e+02
    endloop
  endfacet
  facet normal 1.633774e-01 0.000000e+00 -9.865637e-01
    outer loop
      vertex   3.141604e+00 7.000000e+01 -1.046673e+02
      vertex   3.141604e+00 4.666667e+01 -1.046673e+02
      vertex   1.754330e+00 7.000000e+01 -1.048971e+02
    endloop
  endfacet
  facet normal 1.633774e-01 0.000000e+00 -9.865637e-01
    outer loop
      vertex   1.754330e+00 7.000000e+01 -1.048971e+02
      vertex   3.141604e+00 4.666667e+01 -1.046673e+02
      vertex   1.754330e+00 4.666667e+01 -1.048971e+02
    endloop
  endfacet
  facet normal 7.027619e-02 0.000000e+00 -9.975276e-01
    outer loop
      vertex   1.754330e+00 7.000000e+01 -1.048971e+02
      vertex   1.754330e+00 4.666667e+01 -1.048971e+02
      vertex   3.516386e-01 7.000000e+01 -1.049959e+02
    endloop
  endfacet
  facet normal 7.027619e-02 0.000000e+00 -9.975276e-01
    outer loop
      vertex   3.516386e-01 7.000000e+01 -1.049959e+02
      vertex   1.754330e+00 4.666667e+01 -1.048971e+02
      vertex   3.516386e-01 4.666667e+01 -1.049959e+02
    endloop
  endfacet
  facet normal -2.344257e-02 -0.000000e+00 -9.997252e-01
    outer loop
      vertex   3.516386e-01 7.000000e+01 -1.049959e+02
      vertex   3.516386e-01 4.666667e+01 -1.049959e+02
      vertex   -1.054143e+00 7.000000e+01 -1.049629e+02
    endloop
  endfacet
  facet normal -2.344257e-02 -3.346262e-18 -9.997252e-01
    outer loop
      vertex   -1.054143e+00 7.000000e+01 -1.049629e+02
      vertex   3.516386e-01 4.666667e+01 -1.049959e+02
      vertex   -1.054143e+00 4.666667e+01 -1.049629e+02
    endloop
  endfacet
  facet normal -1.169553e-01 -1.669455e-17 -9.931372e-01
    outer loop
      vertex   -1.054143e+00 7.000000e+01 -1.049629e+02
      vertex   -1.054143e+00 4.666667e+01 -1.049629e+02
      vertex   -2.450660e+00 7.000000e+01 -1.047985e+02
    endloop
  endfacet
  facet normal -1.169553e-01 -0.000000e+00 -9.931372e-01
    outer loop
      vertex   -2.450660e+00 7.000000e+01 -1.047985e+02
      vertex   -1.054143e+00 4.666667e+01 -1.049629e+02
      vertex   -2.450660e+00 4.666667e+01 -1.047985e+02
    endloop
  endfacet
  facet normal -2.094403e-01 -0.000000e+00 -9.778214e-01
    outer loop
      vertex   -2.450660e+00 7.000000e+01 -1.047985e+02
      vertex   -2.450660e+00 4.666667e+01 -1.047985e+02
      vertex   -3.825642e+00 7.000000e+01 -1.045039e+02
    endloop
  endfacet
  facet normal -2.094403e-01 -0.000000e+00 -9.778214e-01
    outer loop
      vertex   -3.825642e+00 7.000000e+01 -1.045039e+02
      vertex   -2.450660e+00 4.666667e+01 -1.047985e+02
      vertex   -3.825642e+00 4.666667e+01 -1.045039e+02
    endloop
  endfacet
  facet normal -3.000846e-01 -0.000000e+00 -9.539126e-01
    outer loop
      vertex   -3.825642e+00 7.000000e+01 -1.045039e+02
      vertex   -3.825642e+00 4.666667e+01 -1.045039e+02
      vertex   -5.167003e+00 7.000000e+01 -1.040820e+02
    endloop
  endfacet
  facet normal -3.000846e-01 -0.000000e+00 -9.539126e-01
    outer loop
      vertex   -5.167003e+00 7.000000e+01 -1.040820e+02
      vertex   -3.825642e+00 4.666667e+01 -1.045039e+02
      vertex   -5.167003e+00 4.666667e+01 -1.040820e+02
    endloop
  endfacet
  facet normal -3.880919e-01 -0.000000e+00 -9.216207e-01
    outer loop
      vertex   -5.167003e+00 7.000000e+01 -1.040820e+02
      vertex   -5.167003e+00 4.666667e+01 -1.040820e+02
      vertex   -6.462956e+00 7.000000e+01 -1.035363e+02
    endloop
  endfacet
  facet normal -3.880919e-01 1.004420e-15 -9.216207e-01
    outer loop
      vertex   -6.462956e+00 7.000000e+01 -1.035363e+02
      vertex   -5.167003e+00 4.666667e+01 -1.040820e+02
      vertex   -6.462956e+00 4.666667e+01 -1.035363e+02
    endloop
  endfacet
  facet normal -4.726885e-01 9.294599e-16 -8.812296e-01
    outer loop
      vertex   -6.462956e+00 7.000000e+01 -1.035363e+02
      vertex   -6.462956e+00 4.666667e+01 -1.035363e+02
      vertex   -7.702113e+00 7.000000e+01 -1.028716e+02
    endloop
  endfacet
  facet normal -4.726885e-01 -1.079567e-16 -8.812296e-01
    outer loop
      vertex   -7.702113e+00 7.000000e+01 -1.028716e+02
      vertex   -6.462956e+00 4.666667e+01 -1.035363e+02
      vertex   -7.702113e+00 4.666667e+01 -1.028716e+02
    endloop
  endfacet
  facet normal -5.531312e-01 -1.263289e-16 -8.330942e-01
    outer loop
      vertex   -7.702113e+00 7.000000e+01 -1.028716e+02
      vertex   -7.702113e+00 4.666667e+01 -1.028716e+02
      vertex   -8.873583e+00 7.000000e+01 -1.020938e+02
    endloop
  endfacet
  facet normal -5.531312e-01 -0.000000e+00 -8.330942e-01
    outer loop
      vertex   -8.873583e+00 7.000000e+01 -1.020938e+02
      vertex   -7.702113e+00 4.666667e+01 -1.028716e+02
      vertex   -8.873583e+00 4.666667e+01 -1.020938e+02
    endloop
  endfacet
  facet normal -6.287129e-01 -0.000000e+00 -7.776375e-01
    outer loop
      vertex   -8.873583e+00 7.000000e+01 -1.020938e+02
      vertex   -8.873583e+00 4.666667e+01 -1.020938e+02
      vertex   -9.967072e+00 7.000000e+01 -1.012097e+02
    endloop
  endfacet
  facet normal -6.287129e-01 -0.000000e+00 -7.776375e-01
    outer loop
      vertex   -9.967072e+00 7.000000e+01 -1.012097e+02
      vertex   -8.873583e+00 4.666667e+01 -1.020938e+02
      vertex   -9.967072e+00 4.666667e+01 -1.012097e+02
    endloop
  endfacet
  facet normal -6.987694e-01 -0.000000e+00 -7.153470e-01
    outer loop
      vertex   -9.967072e+00 7.000000e+01 -1.012097e+02
      vertex   -9.967072e+00 4.666667e+01 -1.012097e+02
      vertex   -1.097297e+01 7.000000e+01 -1.002271e+02
    endloop
  endfacet
  facet normal -6.987694e-01 -0.000000e+00 -7.153470e-01
    outer loop
      vertex   -1.097297e+01 7.000000e+01 -1.002271e+02
      vertex   -9.967072e+00 4.666667e+01 -1.012097e+02
      vertex   -1.097297e+01 4.666667e+01 -1.002271e+02
    endloop
  endfacet
  facet normal -7.626852e-01 -0.000000e+00 -6.467699e-01
    outer loop
      vertex   -1.097297e+01 7.000000e+01 -1.002271e+02
      vertex   -1.097297e+01 4.666667e+01 -1.002271e+02
      vertex   -1.188244e+01 7.000000e+01 -9.915465e+01
    endloop
  endfacet
  facet normal -7.626852e-01 -0.000000e+00 -6.467699e-01
    outer loop
      vertex   -1.188244e+01 7.000000e+01 -9.915465e+01
      vertex   -1.097297e+01 4.666667e+01 -1.002271e+02
      vertex   -1.188244e+01 4.666667e+01 -9.915465e+01
    endloop
  endfacet
  facet normal -8.198984e-01 -0.000000e+00 -5.725090e-01
    outer loop
      vertex   -1.188244e+01 7.000000e+01 -9.915465e+01
      vertex   -1.188244e+01 4.666667e+01 -9.915465e+01
      vertex   -1.268748e+01 7.000000e+01 -9.800174e+01
    endloop
  endfacet
  facet normal -8.198984e-01 6.241852e-17 -5.725090e-01
    outer loop
      vertex   -1.268748e+01 7.000000e+01 -9.800174e+01
      vertex   -1.188244e+01 4.666667e+01 -9.915465e+01
      vertex   -1.268748e+01 4.666667e+01 -9.800174e+01
    endloop
  endfacet
  facet normal -8.699064e-01 6.622561e-17 -4.932169e-01
    outer loop
      vertex   -1.268748e+01 7.000000e+01 -9.800174e+01
      vertex   -1.268748e+01 4.666667e+01 -9.800174e+01
      vertex   -1.338103e+01 7.000000e+01 -9.677850e+01
    endloop
  endfacet
  facet normal -8.699064e-01 -0.000000e+00 -4.932169e-01
    outer loop
      vertex   -1.338103e+01 7.000000e+01 -9.677850e+01
      vertex   -1.268748e+01 4.666667e+01 -9.800174e+01
      vertex   -1.338103e+01 4.666667e+01 -9.677850e+01
    endloop
  endfacet
  facet normal -9.122696e-01 -0.000000e+00 -4.095904e-01
    outer loop
      vertex   -1.338103e+01 7.000000e+01 -9.677850e+01
      vertex   -1.338103e+01 4.666667e+01 -9.677850e+01
      vertex   -1.395698e+01 7.000000e+01 -9.549570e+01
    endloop
  endfacet
  facet normal -9.122696e-01 6.945070e-17 -4.095904e-01
    outer loop
      vertex   -1.395698e+01 7.000000e+01 -9.549570e+01
      vertex   -1.338103e+01 4.666667e+01 -9.677850e+01
      vertex   -1.395698e+01 4.666667e+01 -9.549570e+01
    endloop
  endfacet
  facet normal -9.466157e-01 7.206545e-17 -3.223643e-01
    outer loop
      vertex   -1.395698e+01 7.000000e+01 -9.549570e+01
      vertex   -1.395698e+01 4.666667e+01 -9.549570e+01
      vertex   -1.441028e+01 7.000000e+01 -9.416460e+01
    endloop
  endfacet
  facet normal -9.466157e-01 -7.206545e-17 -3.223643e-01
    outer loop
      vertex   -1.441028e+01 7.000000e+01 -9.416460e+01
      vertex   -1.395698e+01 4.666667e+01 -9.549570e+01
      vertex   -1.441028e+01 4.666667e+01 -9.416460e+01
    endloop
  endfacet
  facet normal -9.726429e-01 -7.404689e-17 -2.323054e-01
    outer loop
      vertex   -1.441028e+01 7.000000e+01 -9.416460e+01
      vertex   -1.441028e+01 4.666667e+01 -9.416460e+01
      vertex   -1.473694e+01 7.000000e+01 -9.279690e+01
    endloop
  endfacet
  facet normal -9.726429e-01 -0.000000e+00 -2.323054e-01
    outer loop
      vertex   -1.473694e+01 7.000000e+01 -9.279690e+01
      vertex   -1.441028e+01 4.666667e+01 -9.416460e+01
      vertex   -1.473694e+01 4.666667e+01 -9.279690e+01
    endloop
  endfacet
  facet normal -9.901225e-01 -0.000000e+00 -1.402049e-01
    outer loop
      vertex   -1.473694e+01 7.000000e+01 -9.279690e+01
      vertex   -1.473694e+01 4.666667e+01 -9.279690e+01
      vertex   -1.493409e+01 7.000000e+01 -9.140462e+01
    endloop
  endfacet
  facet normal -9.901225e-01 -0.000000e+00 -1.402049e-01
    outer loop
      vertex   -1.493409e+01 7.000000e+01 -9.140462e+01
      vertex   -1.473694e+01 4.666667e+01 -9.279690e+01
      vertex   -1.493409e+01 4.666667e+01 -9.140462e+01
    endloop
  endfacet
  facet normal -9.989009e-01 0.000000e+00 4.687226e-02
    outer loop
      vertex   -1.493409e+01 0.000000e+00 -8.859538e+01
      vertex   -1.493409e+01 2.333333e+01 -8.859538e+01
      vertex   -1.500000e+01 0.000000e+00 -9.000000e+01
    endloop
  endfacet
  facet normal -9.989009e-01 0.000000e+00 4.687226e-02
    outer loop
      vertex   -1.500000e+01 0.000000e+00 -9.000000e+01
      vertex   -1.493409e+01 2.333333e+01 -8.859538e+01
      vertex   -1.500000e+01 2.333333e+01 -9.000000e+01
    endloop
  endfacet
  facet normal -9.989009e-01 0.000000e+00 -4.687226e-02
    outer loop
      vertex   -1.500000e+01 0.000000e+00 -9.000000e+01
      vertex   -1.500000e+01 2.333333e+01 -9.000000e+01
      vertex   -1.493409e+01 0.000000e+00 -9.140462e+01
    endloop
  endfacet
  facet normal -9.989009e-01 0.000000e+00 -4.687226e-02
    outer loop
      vertex   -1.493409e+01 0.000000e+00 -9.140462e+01
      vertex   -1.500000e+01 2.333333e+01 -9.000000e+01
      vertex   -1.493409e+01 2.333333e+01 -9.140462e+01
    endloop
  endfacet
  facet normal -9.901225e-01 0.000000e+00 -1.402049e-01
    outer loop
      vertex   -1.493409e+01 0.000000e+00 -9.140462e+01
      vertex   -1.493409e+01 2.333333e+01 -9.140462e+01
      vertex   -1.473694e+01 0.000000e+00 -9.279690e+01
    endloop
  endfacet
  facet normal -9.901225e-01 0.000000e+00 -1.402049e-01
    outer loop
      vertex   -1.473694e+01 0.000000e+00 -9.279690e+01
      vertex   -1.493409e+01 2.333333e+01 -9.140462e+01
      vertex   -1.473694e+01 2.333333e+01 -9.279690e+01
    endloop
  endfacet
  facet normal -9.726429e-01 0.000000e+00 -2.323054e-01
    outer loop
      vertex   -1.473694e+01 0.000000e+00 -9.279690e+01
      vertex   -1.473694e+01 2.333333e+01 -9.279690e+01
      vertex   -1.441028e+01 0.000000e+00 -9.416460e+01
    endloop
  endfacet
  facet normal -9.726429e-01 7.404689e-17 -2.323054e-01
    outer loop
      vertex   -1.441028e+01 0.000000e+00 -9.416460e+01
      vertex   -1.473694e+01 2.333333e+01 -9.279690e+01
      vertex   -1.441028e+01 2.333333e+01 -9.416460e+01
    endloop
  endfacet
  facet normal -9.466157e-01 7.206545e-17 -3.223643e-01
    outer loop
      vertex   -1.441028e+01 0.000000e+00 -9.416460e+01
      vertex   -1.441028e+01 2.333333e+01 -9.416460e+01
      vertex   -1.395698e+01 0.000000e+00 -9.549570e+01
    endloop
  endfacet
  facet normal -9.466157e-01 -7.206545e-17 -3.223643e-01
    outer loop
      vertex   -1.395698e+01 0.000000e+00 -9.549570e+01
      vertex   -1.441028e+01 2.333333e+01 -9.416460e+01
      vertex   -1.395698e+01 2.333333e+01 -9.549570e+01
    endloop
  endfacet
  facet normal -9.122696e-01 -6.945070e-17 -4.095904e-01
    outer loop
      vertex   -1.395698e+01 0.000000e+00 -9.549570e+01
      vertex   -1.395698e+01 2.333333e+01 -9.549570e+01
      vertex   -1.338103e+01 0.000000e+00 -9.677850e+01
    endloop
  endfacet
  facet normal -9.122696e-01 0.000000e+00 -4.095904e-01
    outer loop
      vertex   -1.338103e+01 0.000000e+00 -9.677850e+01
      vertex   -1.395698e+01 2.333333e+01 -9.549570e+01
      vertex   -1.338103e+01 2.333333e+01 -9.677850e+01
    endloop
  endfacet
  facet normal -8.699064e-01 0.000000e+00 -4.932169e-01
    outer loop
      vertex   -1.338103e+01 0.000000e+00 -9.677850e+01
      vertex   -1.338103e+01 2.333333e+01 -9.677850e+01
      vertex   -1.268748e+01 0.000000e+00 -9.800174e+01
    endloop
  endfacet
  facet normal -8.699064e-01 -6.622561e-17 -4.932169e-01
    outer loop
      vertex   -1.268748e+01 0.000000e+00 -9.800174e+01
      vertex   -1.338103e+01 2.333333e+01 -9.677850e+01
      vertex   -1.268748e+01 2.333333e+01 -9.800174e+01
    endloop
  endfacet
  facet normal -8.198984e-01 -6.241852e-17 -5.725090e-01
    outer loop
      vertex   -1.268748e+01 0.000000e+00 -9.800174e+01
      vertex   -1.268748e+01 2.333333e+01 -9.800174e+01
      vertex   -1.188244e+01 0.000000e+00 -9.915465e+01
    endloop
  endfacet
  facet normal -8.198984e-01 0.000000e+00 -5.725090e-01
    outer loop
      vertex   -1.188244e+01 0.000000e+00 -9.915465e+01
      vertex   -1.268748e+01 2.333333e+01 -9.800174e+01
      vertex   -1.188244e+01 2.333333e+01 -9.915465e+01
    endloop
  endfacet
  facet normal -7.626852e-01 0.000000e+00 -6.467699e-01
    outer loop
      vertex   -1.188244e+01 0.000000e+00 -9.915465e+01
      vertex   -1.188244e+01 2.333333e+01 -9.915465e+01
      vertex   -1.097297e+01 0.000000e+00 -1.002271e+02
    endloop
  endfacet
  facet normal -7.626852e-01 0.000000e+00 -6.467699e-01
    outer loop
      vertex   -1.097297e+01 0.000000e+00 -1.002271e+02
      vertex   -1.188244e+01 2.333333e+01 -9.915465e+01
      vertex   -1.097297e+01 2.333333e+01 -1.002271e+02
    endloop
  endfacet
  facet normal -6.987694e-01 0.000000e+00 -7.153470e-01
    outer loop
      vertex   -1.097297e+01 0.000000e+00 -1.002271e+02
      vertex   -1.097297e+01 2.333333e+01 -1.002271e+02
      vertex   -9.967072e+00 0.000000e+00 -1.012097e+02
    endloop
  endfacet
  facet normal -6.987694e-01 0.000000e+00 -7.153470e-01
    outer loop
      vertex   -9.967072e+00 0.000000e+00 -1.012097e+02
      vertex   -1.097297e+01 2.333333e+01 -1.002271e+02
      vertex   -9.967072e+00 2.333333e+01 -1.012097e+02
    endloop
  endfacet
  facet normal -6.287129e-01 0.000000e+00 -7.776375e-01
    outer loop
      vertex   -9.967072e+00 0.000000e+00 -1.012097e+02
      vertex   -9.967072e+00 2.333333e+01 -1.012097e+02
      vertex   -8.873583e+00 0.000000e+00 -1.020938e+02
    endloop
  endfacet
  facet normal -6.287129e-01 0.000000e+00 -7.776375e-01
    outer loop
      vertex   -8.873583e+00 0.000000e+00 -1.020938e+02
      vertex   -9.967072e+00 2.333333e+01 -1.012097e+02
      vertex   -8.873583e+00 2.333333e+01 -1.020938e+02
    endloop
  endfacet
  facet normal -5.531312e-01 0.000000e+00 -8.330942e-01
    outer loop
      vertex   -8.873583e+00 0.000000e+00 -1.020938e+02
      vertex   -8.873583e+00 2.333333e+01 -1.020938e+02
      vertex   -7.702113e+00 0.000000e+00 -1.028716e+02
    endloop
  endfacet
  facet normal -5.531312e-01 1.263289e-16 -8.330942e-01
    outer loop
      vertex   -7.702113e+00 0.000000e+00 -1.028716e+02
      vertex   -8.873583e+00 2.333333e+01 -1.020938e+02
      vertex   -7.702113e+00 2.333333e+01 -1.028716e+02
    endloop
  endfacet
  facet normal -4.726885e-01 1.079567e-16 -8.812296e-01
    outer loop
      vertex   -7.702113e+00 0.000000e+00 -1.028716e+02
      vertex   -7.702113e+00 2.333333e+01 -1.028716e+02
      vertex   -6.462956e+00 0.000000e+00 -1.035363e+02
    endloop
  endfacet
  facet normal -4.726885e-01 1.439423e-16 -8.812296e-01
    outer loop
      vertex   -6.462956e+00 0.000000e+00 -1.035363e+02
      vertex   -7.702113e+00 2.333333e+01 -1.028716e+02
      vertex   -6.462956e+00 2.333333e+01 -1.035363e+02
    endloop
  endfacet
  facet normal -3.880919e-01 1.181811e-16 -9.216207e-01
    outer loop
      vertex   -6.462956e+00 0.000000e+00 -1.035363e+02
      vertex   -6.462956e+00 2.333333e+01 -1.035363e+02
      vertex   -5.167003e+00 0.000000e+00 -1.040820e+02
    endloop
  endfacet
  facet normal -3.880919e-01 -4.431790e-17 -9.216207e-01
    outer loop
      vertex   -5.167003e+00 0.000000e+00 -1.040820e+02
      vertex   -6.462956e+00 2.333333e+01 -1.035363e+02
      vertex   -5.167003e+00 2.333333e+01 -1.040820e+02
    endloop
  endfacet
  facet normal -3.000846e-01 -3.426798e-17 -9.539126e-01
    outer loop
      vertex   -5.167003e+00 0.000000e+00 -1.040820e+02
      vertex   -5.167003e+00 2.333333e+01 -1.040820e+02
      vertex   -3.825642e+00 0.000000e+00 -1.045039e+02
    endloop
  endfacet
  facet normal -3.000846e-01 0.000000e+00 -9.539126e-01
    outer loop
      vertex   -3.825642e+00 0.000000e+00 -1.045039e+02
      vertex   -5.167003e+00 2.333333e+01 -1.040820e+02
      vertex   -3.825642e+00 2.333333e+01 -1.045039e+02
    endloop
  endfacet
  facet normal -2.094403e-01 0.000000e+00 -9.778214e-01
    outer loop
      vertex   -3.825642e+00 0.000000e+00 -1.045039e+02
      vertex   -3.825642e+00 2.333333e+01 -1.045039e+02
      vertex   -2.450660e+00 0.000000e+00 -1.047985e+02
    endloop
  endfacet
  facet normal -2.094403e-01 2.790305e-17 -9.778214e-01
    outer loop
      vertex   -2.450660e+00 0.000000e+00 -1.047985e+02
      vertex   -3.825642e+00 2.333333e+01 -1.045039e+02
      vertex   -2.450660e+00 2.333333e+01 -1.047985e+02
    endloop
  endfacet
  facet normal -1.169553e-01 1.558158e-17 -9.931372e-01
    outer loop
      vertex   -2.450660e+00 0.000000e+00 -1.047985e+02
      vertex   -2.450660e+00 2.333333e+01 -1.047985e+02
      vertex   -1.054143e+00 0.000000e+00 -1.049629e+02
    endloop
  endfacet
  facet normal -1.169553e-01 0.000000e+00 -9.931372e-01
    outer loop
      vertex   -1.054143e+00 0.000000e+00 -1.049629e+02
      vertex   -2.450660e+00 2.333333e+01 -1.047985e+02
      vertex   -1.054143e+00 2.333333e+01 -1.049629e+02
    endloop
  endfacet
  facet normal -2.344257e-02 0.000000e+00 -9.997252e-01
    outer loop
      vertex   -1.054143e+00 0.000000e+00 -1.049629e+02
      vertex   -1.054143e+00 2.333333e+01 -1.049629e+02
      vertex   3.516386e-01 0.000000e+00 -1.049959e+02
    endloop
  endfacet
  facet normal -2.344257e-02 -3.346262e-18 -9.997252e-01
    outer loop
      vertex   3.516386e-01 0.000000e+00 -1.049959e+02
      vertex   -1.054143e+00 2.333333e+01 -1.049629e+02
      vertex   3.516386e-01 2.333333e+01 -1.049959e+02
    endloop
  endfacet
  facet normal 7.027619e-02 1.003143e-17 -9.975276e-01
    outer loop
      vertex   3.516386e-01 0.000000e+00 -1.049959e+02
      vertex   3.516386e-01 2.333333e+01 -1.049959e+02
      vertex   1.754330e+00 0.000000e+00 -1.048971e+02
    endloop
  endfacet
  facet normal 7.027619e-02 0.000000e+00 -9.975276e-01
    outer loop
      vertex   1.754330e+00 0.000000e+00 -1.048971e+02
      vertex   3.516386e-01 2.333333e+01 -1.049959e+02
      vertex   1.754330e+00 2.333333e+01 -1.048971e+02
    endloop
  endfacet
  facet normal 1.633774e-01 0.000000e+00 -9.865637e-01
    outer loop
      vertex   1.754330e+00 0.000000e+00 -1.048971e+02
      vertex   1.754330e+00 2.333333e+01 -1.048971e+02
      vertex   3.141604e+00 0.000000e+00 -1.046673e+02
    endloop
  endfacet
  facet normal 1.633774e-01 -2.487570e-17 -9.865637e-01
    outer loop
      vertex   3.141604e+00 0.000000e+00 -1.046673e+02
      vertex   1.754330e+00 2.333333e+01 -1.048971e+02
      vertex   3.141604e+00 2.333333e+01 -1.046673e+02
    endloop
  endfacet
  facet normal 2.550428e-01 -3.883260e-17 -9.669298e-01
    outer loop
      vertex   3.141604e+00 0.000000e+00 -1.046673e+02
      vertex   3.141604e+00 2.333333e+01 -1.046673e+02
      vertex   4.501270e+00 0.000000e+00 -1.043087e+02
    endloop
  endfacet
  facet normal 2.550428e-01 0.000000e+00 -9.669298e-01
    outer loop
      vertex   4.501270e+00 0.000000e+00 -1.043087e+02
      vertex   3.141604e+00 2.333333e+01 -1.046673e+02
      vertex   4.501270e+00 2.333333e+01 -1.043087e+02
    endloop
  endfacet
  facet normal 3.444669e-01 0.000000e+00 -9.387985e-01
    outer loop
      vertex   4.501270e+00 0.000000e+00 -1.043087e+02
      vertex   4.501270e+00 2.333333e+01 -1.043087e+02
      vertex   5.821378e+00 0.000000e+00 -1.038243e+02
    endloop
  endfacet
  facet normal 3.444669e-01 5.244823e-17 -9.387985e-01
    outer loop
      vertex   5.821378e+00 0.000000e+00 -1.038243e+02
      vertex   4.501270e+00 2.333333e+01 -1.043087e+02
      vertex   5.821378e+00 2.333333e+01 -1.038243e+02
    endloop
  endfacet
  facet normal 4.308637e-01 6.560295e-17 -9.024170e-01
    outer loop
      vertex   5.821378e+00 0.000000e+00 -1.038243e+02
      vertex   5.821378e+00 2.333333e+01 -1.038243e+02
      vertex   7.090328e+00 0.000000e+00 -1.032184e+02
    endloop
  endfacet
  facet normal 4.308637e-01 -4.920221e-17 -9.024170e-01
    outer loop
      vertex   7.090328e+00 0.000000e+00 -1.032184e+02
      vertex   5.821378e+00 2.333333e+01 -1.038243e+02
      vertex   7.090328e+00 2.333333e+01 -1.032184e+02
    endloop
  endfacet
  facet normal 5.134742e-01 -5.863586e-17 -8.581050e-01
    outer loop
      vertex   7.090328e+00 0.000000e+00 -1.032184e+02
      vertex   7.090328e+00 2.333333e+01 -1.032184e+02
      vertex   8.296967e+00 0.000000e+00 -1.024964e+02
    endloop
  endfacet
  facet normal 5.134742e-01 0.000000e+00 -8.581050e-01
    outer loop
      vertex   8.296967e+00 0.000000e+00 -1.024964e+02
      vertex   7.090328e+00 2.333333e+01 -1.032184e+02
      vertex   8.296967e+00 2.333333e+01 -1.024964e+02
    endloop
  endfacet
  facet normal 5.915722e-01 0.000000e+00 -8.062520e-01
    outer loop
      vertex   8.296967e+00 0.000000e+00 -1.024964e+02
      vertex   8.296967e+00 2.333333e+01 -1.024964e+02
      vertex   9.430693e+00 0.000000e+00 -1.016646e+02
    endloop
  endfacet
  facet normal 5.915722e-01 9.007229e-17 -8.062520e-01
    outer loop
      vertex   9.430693e+00 0.000000e+00 -1.016646e+02
      vertex   8.296967e+00 2.333333e+01 -1.024964e+02
      vertex   9.430693e+00 2.333333e+01 -1.016646e+02
    endloop
  endfacet
  facet normal 6.644715e-01 1.011719e-16 -7.473136e-01
    outer loop
      vertex   9.430693e+00 0.000000e+00 -1.016646e+02
      vertex   9.430693e+00 2.333333e+01 -1.016646e+02
      vertex   1.048154e+01 0.000000e+00 -1.007302e+02
    endloop
  endfacet
  facet normal 6.644715e-01 5.058593e-17 -7.473136e-01
    outer loop
      vertex   1.048154e+01 0.000000e+00 -1.007302e+02
      vertex   9.430693e+00 2.333333e+01 -1.016646e+02
      vertex   1.048154e+01 2.333333e+01 -1.007302e+02
    endloop
  endfacet
  facet normal 7.315313e-01 5.569117e-17 -6.818078e-01
    outer loop
      vertex   1.048154e+01 0.000000e+00 -1.007302e+02
      vertex   1.048154e+01 2.333333e+01 -1.007302e+02
      vertex   1.144028e+01 0.000000e+00 -9.970155e+01
    endloop
  endfacet
  facet normal 7.315313e-01 0.000000e+00 -6.818078e-01
    outer loop
      vertex   1.144028e+01 0.000000e+00 -9.970155e+01
      vertex   1.048154e+01 2.333333e+01 -1.007302e+02
      vertex   1.144028e+01 2.333333e+01 -9.970155e+01
    endloop
  endfacet
  facet normal 7.921625e-01 0.000000e+00 -6.103103e-01
    outer loop
      vertex   1.144028e+01 0.000000e+00 -9.970155e+01
      vertex   1.144028e+01 2.333333e+01 -9.970155e+01
      vertex   1.229848e+01 0.000000e+00 -9.858764e+01
    endloop
  endfacet
  facet normal 7.921625e-01 1.206140e-16 -6.103103e-01
    outer loop
      vertex   1.229848e+01 0.000000e+00 -9.858764e+01
      vertex   1.144028e+01 2.333333e+01 -9.970155e+01
      vertex   1.229848e+01 2.333333e+01 -9.858764e+01
    endloop
  endfacet
  facet normal 8.458321e-01 1.287857e-16 -5.334493e-01
    outer loop
      vertex   1.229848e+01 0.000000e+00 -9.858764e+01
      vertex   1.229848e+01 2.333333e+01 -9.858764e+01
      vertex   1.304860e+01 0.000000e+00 -9.739825e+01
    endloop
  endfacet
  facet normal 8.458321e-01 6.439284e-17 -5.334493e-01
    outer loop
      vertex   1.304860e+01 0.000000e+00 -9.739825e+01
      vertex   1.229848e+01 2.333333e+01 -9.858764e+01
      vertex   1.304860e+01 2.333333e+01 -9.739825e+01
    endloop
  endfacet
  facet normal 8.920684e-01 6.791279e-17 -4.519003e-01
    outer loop
      vertex   1.304860e+01 0.000000e+00 -9.739825e+01
      vertex   1.304860e+01 2.333333e+01 -9.739825e+01
      vertex   1.368404e+01 0.000000e+00 -9.614386e+01
    endloop
  endfacet
  facet normal 8.920684e-01 6.791279e-17 -4.519003e-01
    outer loop
      vertex   1.368404e+01 0.000000e+00 -9.614386e+01
      vertex   1.304860e+01 2.333333e+01 -9.739825e+01
      vertex   1.368404e+01 2.333333e+01 -9.614386e+01
    endloop
  endfacet
  facet normal 9.304653e-01 7.083593e-17 -3.663800e-01
    outer loop
      vertex   1.368404e+01 0.000000e+00 -9.614386e+01
      vertex   1.368404e+01 2.333333e+01 -9.614386e+01
      vertex   1.419924e+01 0.000000e+00 -9.483546e+01
    endloop
  endfacet
  facet normal 9.304653e-01 0.000000e+00 -3.663800e-01
    outer loop
      vertex   1.419924e+01 0.000000e+00 -9.483546e+01
      vertex   1.368404e+01 2.333333e+01 -9.614386e+01
      vertex   1.419924e+01 2.333333e+01 -9.483546e+01
    endloop
  endfacet
  facet normal 9.606852e-01 0.000000e+00 -2.776400e-01
    outer loop
      vertex   1.419924e+01 0.000000e+00 -9.483546e+01
      vertex   1.419924e+01 2.333333e+01 -9.483546e+01
      vertex   1.458964e+01 0.000000e+00 -9.348458e+01
    endloop
  endfacet
  facet normal 9.606852e-01 0.000000e+00 -2.776400e-01
    outer loop
      vertex   1.458964e+01 0.000000e+00 -9.348458e+01
      vertex   1.419924e+01 2.333333e+01 -9.483546e+01
      vertex   1.458964e+01 2.333333e+01 -9.348458e+01
    endloop
  endfacet
  facet normal 9.824625e-01 0.000000e+00 -1.864601e-01
    outer loop
      vertex   1.458964e+01 0.000000e+00 -9.348458e+01
      vertex   1.458964e+01 2.333333e+01 -9.348458e+01
      vertex   1.485184e+01 0.000000e+00 -9.210307e+01
    endloop
  endfacet
  facet normal 9.824625e-01 0.000000e+00 -1.864601e-01
    outer loop
      vertex   1.485184e+01 0.000000e+00 -9.210307e+01
      vertex   1.458964e+01 2.333333e+01 -9.348458e+01
      vertex   1.485184e+01 2.333333e+01 -9.210307e+01
    endloop
  endfacet
  facet normal 9.956060e-01 0.000000e+00 -9.364149e-02
    outer loop
      vertex   1.485184e+01 0.000000e+00 -9.210307e+01
      vertex   1.485184e+01 2.333333e+01 -9.210307e+01
      vertex   1.498351e+01 0.000000e+00 -9.070308e+01
    endloop
  endfacet
  facet normal 9.956060e-01 0.000000e+00 -9.364149e-02
    outer loop
      vertex   1.498351e+01 0.000000e+00 -9.070308e+01
      vertex   1.485184e+01 2.333333e+01 -9.210307e+01
      vertex   1.498351e+01 2.333333e+01 -9.070308e+01
    endloop
  endfacet
  facet normal 1.000000e+00 0.000000e+00 0.000000e+00
    outer loop
      vertex   1.498351e+01 0.000000e+00 -9.070308e+01
      vertex   1.498351e+01 2.333333e+01 -9.070308e+01
      vertex   1.498351e+01 0.000000e+00 -8.929692e+01
    endloop
  endfacet
  facet normal 1.000000e+00 -0.000000e+00 0.000000e+00
    outer loop
      vertex   1.498351e+01 0.000000e+00 -8.929692e+01
      vertex   1.498351e+01 2.333333e+01 -9.070308e+01
      vertex   1.498351e+01 2.333333e+01 -8.929692e+01
    endloop
  endfacet
  facet normal 9.956060e-01 -0.000000e+00 9.364149e-02
    outer loop
      vertex   1.498351e+01 0.000000e+00 -8.929692e+01
      vertex   1.498351e+01 2.333333e+01 -8.929692e+01
      vertex   1.485184e+01 0.000000e+00 -8.789693e+01
    endloop
  endfacet
  facet normal 9.956060e-01 -0.000000e+00 9.364149e-02
    outer loop
      vertex   1.485184e+01 0.000000e+00 -8.789693e+01
      vertex   1.498351e+01 2.333333e+01 -8.929692e+01
      vertex   1.485184e+01 2.333333e+01 -8.789693e+01
    endloop
  endfacet
  facet normal 9.824625e-01 -0.000000e+00 1.864601e-01
    outer loop
      vertex   1.485184e+01 0.000000e+00 -8.789693e+01
      vertex   1.485184e+01 2.333333e+01 -8.789693e+01
      vertex   1.458964e+01 0.000000e+00 -8.651542e+01
    endloop
  endfacet
  facet normal 9.824625e-01 -0.000000e+00 1.864601e-01
    outer loop
      vertex   1.458964e+01 0.000000e+00 -8.651542e+01
      vertex   1.485184e+01 2.333333e+01 -8.789693e+01
      vertex   1.458964e+01 2.333333e+01 -8.651542e+01
    endloop
  endfacet
  facet normal 9.606852e-01 -0.000000e+00 2.776400e-01
    outer loop
      vertex   1.458964e+01 0.000000e+00 -8.651542e+01
      vertex   1.458964e+01 2.333333e+01 -8.651542e+01
      vertex   1.419924e+01 0.000000e+00 -8.516454e+01
    endloop
  endfacet
  facet normal 9.606852e-01 -0.000000e+00 2.776400e-01
    outer loop
      vertex   1.419924e+01 0.000000e+00 -8.516454e+01
      vertex   1.458964e+01 2.333333e+01 -8.651542e+01
      vertex   1.419924e+01 2.333333e+01 -8.516454e+01
    endloop
  endfacet
  facet normal 9.304653e-01 -0.000000e+00 3.663800e-01
    outer loop
      vertex   1.419924e+01 0.000000e+00 -8.516454e+01
      vertex   1.419924e+01 2.333333e+01 -8.516454e+01
      vertex   1.368404e+01 0.000000e+00 -8.385614e+01
    endloop
  endfacet
  facet normal 9.304653e-01 -0.000000e+00 3.663800e-01
    outer loop
      vertex   1.368404e+01 0.000000e+00 -8.385614e+01
      vertex   1.419924e+01 2.333333e+01 -8.516454e+01
      vertex   1.368404e+01 2.333333e+01 -8.385614e+01
    endloop
  endfacet
  facet normal 8.920684e-01 -0.000000e+00 4.519003e-01
    outer loop
      vertex   1.368404e+01 0.000000e+00 -8.385614e+01
      vertex   1.368404e+01 2.333333e+01 -8.385614e+01
      vertex   1.304860e+01 0.000000e+00 -8.260175e+01
    endloop
  endfacet
  facet normal 8.920684e-01 6.791279e-17 4.519003e-01
    outer loop
      vertex   1.304860e+01 0.000000e+00 -8.260175e+01
      vertex   1.368404e+01 2.333333e+01 -8.385614e+01
      vertex   1.304860e+01 2.333333e+01 -8.260175e+01
    endloop
  endfacet
  facet normal 8.458321e-01 6.439284e-17 5.334493e-01
    outer loop
      vertex   1.304860e+01 0.000000e+00 -8.260175e+01
      vertex   1.304860e+01 2.333333e+01 -8.260175e+01
      vertex   1.229848e+01 0.000000e+00 -8.141236e+01
    endloop
  endfacet
  facet normal 8.458321e-01 -6.439284e-17 5.334493e-01
    outer loop
      vertex   1.229848e+01 0.000000e+00 -8.141236e+01
      vertex   1.304860e+01 2.333333e+01 -8.260175e+01
      vertex   1.229848e+01 2.333333e+01 -8.141236e+01
    endloop
  endfacet
  facet normal 7.921625e-01 -6.030700e-17 6.103103e-01
    outer loop
      vertex   1.229848e+01 0.000000e+00 -8.141236e+01
      vertex   1.229848e+01 2.333333e+01 -8.141236e+01
      vertex   1.144028e+01 0.000000e+00 -8.029845e+01
    endloop
  endfacet
  facet normal 7.921625e-01 -0.000000e+00 6.103103e-01
    outer loop
      vertex   1.144028e+01 0.000000e+00 -8.029845e+01
      vertex   1.229848e+01 2.333333e+01 -8.141236e+01
      vertex   1.144028e+01 2.333333e+01 -8.029845e+01
    endloop
  endfacet
  facet normal 7.315313e-01 -0.000000e+00 6.818078e-01
    outer loop
      vertex   1.144028e+01 0.000000e+00 -8.029845e+01
      vertex   1.144028e+01 2.333333e+01 -8.029845e+01
      vertex   1.048154e+01 0.000000e+00 -7.926980e+01
    endloop
  endfacet
  facet normal 7.315313e-01 -1.113823e-16 6.818078e-01
    outer loop
      vertex   1.048154e+01 0.000000e+00 -7.926980e+01
      vertex   1.144028e+01 2.333333e+01 -8.029845e+01
      vertex   1.048154e+01 2.333333e+01 -7.926980e+01
    endloop
  endfacet
  facet normal 6.644715e-01 -1.011719e-16 7.473136e-01
    outer loop
      vertex   1.048154e+01 0.000000e+00 -7.926980e+01
      vertex   1.048154e+01 2.333333e+01 -7.926980e+01
      vertex   9.430693e+00 0.000000e+00 -7.833544e+01
    endloop
  endfacet
  facet normal 6.644715e-01 -0.000000e+00 7.473136e-01
    outer loop
      vertex   9.430693e+00 0.000000e+00 -7.833544e+01
      vertex   1.048154e+01 2.333333e+01 -7.926980e+01
      vertex   9.430693e+00 2.333333e+01 -7.833544e+01
    endloop
  endfacet
  facet normal 5.915722e-01 -0.000000e+00 8.062520e-01
    outer loop
      vertex   9.430693e+00 0.000000e+00 -7.833544e+01
      vertex   9.430693e+00 2.333333e+01 -7.833544e+01
      vertex   8.296967e+00 0.000000e+00 -7.750359e+01
    endloop
  endfacet
  facet normal 5.915722e-01 -0.000000e+00 8.062520e-01
    outer loop
      vertex   8.296967e+00 0.000000e+00 -7.750359e+01
      vertex   9.430693e+00 2.333333e+01 -7.833544e+01
      vertex   8.296967e+00 2.333333e+01 -7.750359e+01
    endloop
  endfacet
  facet normal 5.134742e-01 -0.000000e+00 8.581050e-01
    outer loop
      vertex   8.296967e+00 0.000000e+00 -7.750359e+01
      vertex   8.296967e+00 2.333333e+01 -7.750359e+01
      vertex   7.090328e+00 0.000000e+00 -7.678156e+01
    endloop
  endfacet
  facet normal 5.134742e-01 -5.863586e-17 8.581050e-01
    outer loop
      vertex   7.090328e+00 0.000000e+00 -7.678156e+01
      vertex   8.296967e+00 2.333333e+01 -7.750359e+01
      vertex   7.090328e+00 2.333333e+01 -7.678156e+01
    endloop
  endfacet
  facet normal 4.308637e-01 -4.920221e-17 9.024170e-01
    outer loop
      vertex   7.090328e+00 0.000000e+00 -7.678156e+01
      vertex   7.090328e+00 2.333333e+01 -7.678156e+01
      vertex   5.821378e+00 0.000000e+00 -7.617569e+01
    endloop
  endfacet
  facet normal 4.308637e-01 -0.000000e+00 9.024170e-01
    outer loop
      vertex   5.821378e+00 0.000000e+00 -7.617569e+01
      vertex   7.090328e+00 2.333333e+01 -7.678156e+01
      vertex   5.821378e+00 2.333333e+01 -7.617569e+01
    endloop
  endfacet
  facet normal 3.444669e-01 -0.000000e+00 9.387985e-01
    outer loop
      vertex   5.821378e+00 0.000000e+00 -7.617569e+01
      vertex   5.821378e+00 2.333333e+01 -7.617569e+01
      vertex   4.501270e+00 0.000000e+00 -7.569131e+01
    endloop
  endfacet
  facet normal 3.444669e-01 -0.000000e+00 9.387985e-01
    outer loop
      vertex   4.501270e+00 0.000000e+00 -7.569131e+01
      vertex   5.821378e+00 2.333333e+01 -7.617569e+01
      vertex   4.501270e+00 2.333333e+01 -7.569131e+01
    endloop
  endfacet
  facet normal 2.550428e-01 -0.000000e+00 9.669298e-01
    outer loop
      vertex   4.501270e+00 0.000000e+00 -7.569131e+01
      vertex   4.501270e+00 2.333333e+01 -7.569131e+01
      vertex   3.141604e+00 0.000000e+00 -7.533268e+01
    endloop
  endfacet
  facet normal 2.550428e-01 -0.000000e+00 9.669298e-01
    outer loop
      vertex   3.141604e+00 0.000000e+00 -7.533268e+01
      vertex   4.501270e+00 2.333333e+01 -7.569131e+01
      vertex   3.141604e+00 2.333333e+01 -7.533268e+01
    endloop
  endfacet
  facet normal 1.633774e-01 -0.000000e+00 9.865637e-01
    outer loop
      vertex   3.141604e+00 0.000000e+00 -7.533268e+01
      vertex   3.141604e+00 2.333333e+01 -7.533268e+01
      vertex   1.754330e+00 0.000000e+00 -7.510294e+01
    endloop
  endfacet
  facet normal 1.633774e-01 -0.000000e+00 9.865637e-01
    outer loop
      vertex   1.754330e+00 0.000000e+00 -7.510294e+01
      vertex   3.141604e+00 2.333333e+01 -7.533268e+01
      vertex   1.754330e+00 2.333333e+01 -7.510294e+01
    endloop
  endfacet
  facet normal 7.027619e-02 -0.000000e+00 9.975276e-01
    outer loop
      vertex   1.754330e+00 0.000000e+00 -7.510294e+01
      vertex   1.754330e+00 2.333333e+01 -7.510294e+01
      vertex   3.516386e-01 0.000000e+00 -7.500412e+01
    endloop
  endfacet
  facet normal 7.027619e-02 -0.000000e+00 9.975276e-01
    outer loop
      vertex   3.516386e-01 0.000000e+00 -7.500412e+01
      vertex   1.754330e+00 2.333333e+01 -7.510294e+01
      vertex   3.516386e-01 2.333333e+01 -7.500412e+01
    endloop
  endfacet
  facet normal -2.344257e-02 0.000000e+00 9.997252e-01
    outer loop
      vertex   3.516386e-01 0.000000e+00 -7.500412e+01
      vertex   3.516386e-01 2.333333e+01 -7.500412e+01
      vertex   -1.054143e+00 0.000000e+00 -7.503709e+01
    endloop
  endfacet
  facet normal -2.344257e-02 0.000000e+00 9.997252e-01
    outer loop
      vertex   -1.054143e+00 0.000000e+00 -7.503709e+01
      vertex   3.516386e-01 2.333333e+01 -7.500412e+01
      vertex   -1.054143e+00 2.333333e+01 -7.503709e+01
    endloop
  endfacet
  facet normal -1.169553e-01 0.000000e+00 9.931372e-01
    outer loop
      vertex   -1.054143e+00 0.000000e+00 -7.503709e+01
      vertex   -1.054143e+00 2.333333e+01 -7.503709e+01
      vertex   -2.450660e+00 0.000000e+00 -7.520155e+01
    endloop
  endfacet
  facet normal -1.169553e-01 0.000000e+00 9.931372e-01
    outer loop
      vertex   -2.450660e+00 0.000000e+00 -7.520155e+01
      vertex   -1.054143e+00 2.333333e+01 -7.503709e+01
      vertex   -2.450660e+00 2.333333e+01 -7.520155e+01
    endloop
  endfacet
  facet normal -2.094403e-01 0.000000e+00 9.778214e-01
    outer loop
      vertex   -2.450660e+00 0.000000e+00 -7.520155e+01
      vertex   -2.450660e+00 2.333333e+01 -7.520155e+01
      vertex   -3.825642e+00 0.000000e+00 -7.549605e+01
    endloop
  endfacet
  facet normal -2.094403e-01 0.000000e+00 9.778214e-01
    outer loop
      vertex   -3.825642e+00 0.000000e+00 -7.549605e+01
      vertex   -2.450660e+00 2.333333e+01 -7.520155e+01
      vertex   -3.825642e+00 2.333333e+01 -7.549605e+01
    endloop
  endfacet
  facet normal -3.000846e-01 0.000000e+00 9.539126e-01
    outer loop
      vertex   -3.825642e+00 0.000000e+00 -7.549605e+01
      vertex   -3.825642e+00 2.333333e+01 -7.549605e+01
      vertex   -5.167003e+00 0.000000e+00 -7.591802e+01
    endloop
  endfacet
  facet normal -3.000846e-01 0.000000e+00 9.539126e-01
    outer loop
      vertex   -5.167003e+00 0.000000e+00 -7.591802e+01
      vertex   -3.825642e+00 2.333333e+01 -7.549605e+01
      vertex   -5.167003e+00 2.333333e+01 -7.591802e+01
    endloop
  endfacet
  facet normal -3.880919e-01 0.000000e+00 9.216207e-01
    outer loop
      vertex   -5.167003e+00 0.000000e+00 -7.591802e+01
      vertex   -5.167003e+00 2.333333e+01 -7.591802e+01
      vertex   -6.462956e+00 0.000000e+00 -7.646375e+01
    endloop
  endfacet
  facet normal -3.880919e-01 0.000000e+00 9.216207e-01
    outer loop
      vertex   -6.462956e+00 0.000000e+00 -7.646375e+01
      vertex   -5.167003e+00 2.333333e+01 -7.591802e+01
      vertex   -6.462956e+00 2.333333e+01 -7.646375e+01
    endloop
  endfacet
  facet normal -4.726885e-01 0.000000e+00 8.812296e-01
    outer loop
      vertex   -6.462956e+00 0.000000e+00 -7.646375e+01
      vertex   -6.462956e+00 2.333333e+01 -7.646375e+01
      vertex   -7.702113e+00 0.000000e+00 -7.712842e+01
    endloop
  endfacet
  facet normal -4.726885e-01 0.000000e+00 8.812296e-01
    outer loop
      vertex   -7.702113e+00 0.000000e+00 -7.712842e+01
      vertex   -6.462956e+00 2.333333e+01 -7.646375e+01
      vertex   -7.702113e+00 2.333333e+01 -7.712842e+01
    endloop
  endfacet
  facet normal -5.531312e-01 0.000000e+00 8.330942e-01
    outer loop
      vertex   -7.702113e+00 0.000000e+00 -7.712842e+01
      vertex   -7.702113e+00 2.333333e+01 -7.712842e+01
      vertex   -8.873583e+00 0.000000e+00 -7.790622e+01
    endloop
  endfacet
  facet normal -5.531312e-01 0.000000e+00 8.330942e-01
    outer loop
      vertex   -8.873583e+00 0.000000e+00 -7.790622e+01
      vertex   -7.702113e+00 2.333333e+01 -7.712842e+01
      vertex   -8.873583e+00 2.333333e+01 -7.790622e+01
    endloop
  endfacet
  facet normal -6.287129e-01 0.000000e+00 7.776375e-01
    outer loop
      vertex   -8.873583e+00 0.000000e+00 -7.790622e+01
      vertex   -8.873583e+00 2.333333e+01 -7.790622e+01
      vertex   -9.967072e+00 0.000000e+00 -7.879030e+01
    endloop
  endfacet
  facet normal -6.287129e-01 0.000000e+00 7.776375e-01
    outer loop
      vertex   -9.967072e+00 0.000000e+00 -7.879030e+01
      vertex   -8.873583e+00 2.333333e+01 -7.790622e+01
      vertex   -9.967072e+00 2.333333e+01 -7.879030e+01
    endloop
  endfacet
  facet normal -6.987694e-01 0.000000e+00 7.153470e-01
    outer loop
      vertex   -9.967072e+00 0.000000e+00 -7.879030e+01
      vertex   -9.967072e+00 2.333333e+01 -7.879030e+01
      vertex   -1.097297e+01 0.000000e+00 -7.977288e+01
    endloop
  endfacet
  facet normal -6.987694e-01 0.000000e+00 7.153470e-01
    outer loop
      vertex   -1.097297e+01 0.000000e+00 -7.977288e+01
      vertex   -9.967072e+00 2.333333e+01 -7.879030e+01
      vertex   -1.097297e+01 2.333333e+01 -7.977288e+01
    endloop
  endfacet
  facet normal -7.626852e-01 0.000000e+00 6.467699e-01
    outer loop
      vertex   -1.097297e+01 0.000000e+00 -7.977288e+01
      vertex   -1.097297e+01 2.333333e+01 -7.977288e+01
      vertex   -1.188244e+01 0.000000e+00 -8.084535e+01
    endloop
  endfacet
  facet normal -7.626852e-01 0.000000e+00 6.467699e-01
    outer loop
      vertex   -1.188244e+01 0.000000e+00 -8.084535e+01
      vertex   -1.097297e+01 2.333333e+01 -7.977288e+01
      vertex   -1.188244e+01 2.333333e+01 -8.084535e+01
    endloop
  endfacet
  facet normal -8.198984e-01 0.000000e+00 5.725090e-01
    outer loop
      vertex   -1.188244e+01 0.000000e+00 -8.084535e+01
      vertex   -1.188244e+01 2.333333e+01 -8.084535e+01
      vertex   -1.268748e+01 0.000000e+00 -8.199826e+01
    endloop
  endfacet
  facet normal -8.198984e-01 -6.241852e-17 5.725090e-01
    outer loop
      vertex   -1.268748e+01 0.000000e+00 -8.199826e+01
      vertex   -1.188244e+01 2.333333e+01 -8.084535e+01
      vertex   -1.268748e+01 2.333333e+01 -8.199826e+01
    endloop
  endfacet
  facet normal -8.699064e-01 -6.622561e-17 4.932169e-01
    outer loop
      vertex   -1.268748e+01 0.000000e+00 -8.199826e+01
      vertex   -1.268748e+01 2.333333e+01 -8.199826e+01
      vertex   -1.338103e+01 0.000000e+00 -8.322150e+01
    endloop
  endfacet
  facet normal -8.699064e-01 0.000000e+00 4.932169e-01
    outer loop
      vertex   -1.338103e+01 0.000000e+00 -8.322150e+01
      vertex   -1.268748e+01 2.333333e+01 -8.199826e+01
      vertex   -1.338103e+01 2.333333e+01 -8.322150e+01
    endloop
  endfacet
  facet normal -9.122696e-01 0.000000e+00 4.095904e-01
    outer loop
      vertex   -1.338103e+01 0.000000e+00 -8.322150e+01
      vertex   -1.338103e+01 2.333333e+01 -8.322150e+01
      vertex   -1.395698e+01 0.000000e+00 -8.450430e+01
    endloop
  endfacet
  facet normal -9.122696e-01 -6.945070e-17 4.095904e-01
    outer loop
      vertex   -1.395698e+01 0.000000e+00 -8.450430e+01
      vertex   -1.338103e+01 2.333333e+01 -8.322150e+01
      vertex   -1.395698e+01 2.333333e+01 -8.450430e+01
    endloop
  endfacet
  facet normal -9.466157e-01 -7.206545e-17 3.223643e-01
    outer loop
      vertex   -1.395698e+01 0.000000e+00 -8.450430e+01
      vertex   -1.395698e+01 2.333333e+01 -8.450430e+01
      vertex   -1.441028e+01 0.000000e+00 -8.583540e+01
    endloop
  endfacet
  facet normal -9.466157e-01 7.206545e-17 3.223643e-01
    outer loop
      vertex   -1.441028e+01 0.000000e+00 -8.583540e+01
      vertex   -1.395698e+01 2.333333e+01 -8.450430e+01
      vertex   -1.441028e+01 2.333333e+01 -8.583540e+01
    endloop
  endfacet
  facet normal -9.726429e-01 7.404689e-17 2.323054e-01
    outer loop
      vertex   -1.441028e+01 0.000000e+00 -8.583540e+01
      vertex   -1.441028e+01 2.333333e+01 -8.583540e+01
      vertex   -1.473694e+01 0.000000e+00 -8.720310e+01
    endloop
  endfacet
  facet normal -9.726429e-01 0.000000e+00 2.323054e-01
    outer loop
      vertex   -1.473694e+01 0.000000e+00 -8.720310e+01
      vertex   -1.441028e+01 2.333333e+01 -8.583540e+01
      vertex   -1.473694e+01 2.333333e+01 -8.720310e+01
    endloop
  endfacet
  facet normal -9.901225e-01 0.000000e+00 1.402049e-01
    outer loop
      vertex   -1.473694e+01 0.000000e+00 -8.720310e+01
      vertex   -1.473694e+01 2.333333e+01 -8.720310e+01
      vertex   -1.493409e+01 0.000000e+00 -8.859538e+01
    endloop
  endfacet
  facet normal -9.901225e-01 0.000000e+00 1.402049e-01
    outer loop
      vertex   -1.493409e+01 0.000000e+00 -8.859538e+01
      vertex   -1.473694e+01 2.333333e+01 -8.720310e+01
      vertex   -1.493409e+01 2.333333e+01 -8.859538e+01
    endloop
  endfacet
  facet normal -9.989009e-01 0.000000e+00 4.687226e-02
    outer loop
      vertex   -1.500000e+01 4.666667e+01 -9.000000e+01
      vertex   -1.500000e+01 2.333333e+01 -9.000000e+01
      vertex   -1.493409e+01 4.666667e+01 -8.859538e+01
    endloop
  endfacet
  facet normal -9.989009e-01 0.000000e+00 4.687226e-02
    outer loop
      vertex   -1.493409e+01 4.666667e+01 -8.859538e+01
      vertex   -1.500000e+01 2.333333e+01 -9.000000e+01
      vertex   -1.493409e+01 2.333333e+01 -8.859538e+01
    endloop
  endfacet
  facet normal -9.901225e-01 0.000000e+00 1.402049e-01
    outer loop
      vertex   -1.493409e+01 4.666667e+01 -8.859538e+01
      vertex   -1.493409e+01 2.333333e+01 -8.859538e+01
      vertex   -1.473694e+01 4.666667e+01 -8.720310e+01
    endloop
  endfacet
  facet normal -9.901225e-01 0.000000e+00 1.402049e-01
    outer loop
      vertex   -1.473694e+01 4.666667e+01 -8.720310e+01
      vertex   -1.493409e+01 2.333333e+01 -8.859538e+01
      vertex   -1.473694e+01 2.333333e+01 -8.720310e+01
    endloop
  endfacet
  facet normal -9.726429e-01 0.000000e+00 2.323054e-01
    outer loop
      vertex   -1.473694e+01 4.666667e+01 -8.720310e+01
      vertex   -1.473694e+01 2.333333e+01 -8.720310e+01
      vertex   -1.441028e+01 4.666667e+01 -8.583540e+01
    endloop
  endfacet
  facet normal -9.726429e-01 0.000000e+00 2.323054e-01
    outer loop
      vertex   -1.441028e+01 4.666667e+01 -8.583540e+01
      vertex   -1.473694e+01 2.333333e+01 -8.720310e+01
      vertex   -1.441028e+01 2.333333e+01 -8.583540e+01
    endloop
  endfacet
  facet normal -9.466157e-01 0.000000e+00 3.223643e-01
    outer loop
      vertex   -1.441028e+01 4.666667e+01 -8.583540e+01
      vertex   -1.441028e+01 2.333333e+01 -8.583540e+01
      vertex   -1.395698e+01 4.666667e+01 -8.450430e+01
    endloop
  endfacet
  facet normal -9.466157e-01 0.000000e+00 3.223643e-01
    outer loop
      vertex   -1.395698e+01 4.666667e+01 -8.450430e+01
      vertex   -1.441028e+01 2.333333e+01 -8.583540e+01
      vertex   -1.395698e+01 2.333333e+01 -8.450430e+01
    endloop
  endfacet
  facet normal -9.122696e-01 0.000000e+00 4.095904e-01
    outer loop
      vertex   -1.395698e+01 4.666667e+01 -8.450430e+01
      vertex   -1.395698e+01 2.333333e+01 -8.450430e+01
      vertex   -1.338103e+01 4.666667e+01 -8.322150e+01
    endloop
  endfacet
  facet normal -9.122696e-01 -1.105541e-16 4.095904e-01
    outer loop
      vertex   -1.338103e+01 4.666667e+01 -8.322150e+01
      vertex   -1.395698e+01 2.333333e+01 -8.450430e+01
      vertex   -1.338103e+01 2.333333e+01 -8.322150e+01
    endloop
  endfacet
  facet normal -8.699064e-01 -1.679359e-16 4.932169e-01
    outer loop
      vertex   -1.338103e+01 4.666667e+01 -8.322150e+01
      vertex   -1.338103e+01 2.333333e+01 -8.322150e+01
      vertex   -1.268748e+01 4.666667e+01 -8.199826e+01
    endloop
  endfacet
  facet normal -8.699064e-01 0.000000e+00 4.932169e-01
    outer loop
      vertex   -1.268748e+01 4.666667e+01 -8.199826e+01
      vertex   -1.338103e+01 2.333333e+01 -8.322150e+01
      vertex   -1.268748e+01 2.333333e+01 -8.199826e+01
    endloop
  endfacet
  facet normal -8.198984e-01 0.000000e+00 5.725090e-01
    outer loop
      vertex   -1.268748e+01 4.666667e+01 -8.199826e+01
      vertex   -1.268748e+01 2.333333e+01 -8.199826e+01
      vertex   -1.188244e+01 4.666667e+01 -8.084535e+01
    endloop
  endfacet
  facet normal -8.198984e-01 0.000000e+00 5.725090e-01
    outer loop
      vertex   -1.188244e+01 4.666667e+01 -8.084535e+01
      vertex   -1.268748e+01 2.333333e+01 -8.199826e+01
      vertex   -1.188244e+01 2.333333e+01 -8.084535e+01
    endloop
  endfacet
  facet normal -7.626852e-01 0.000000e+00 6.467699e-01
    outer loop
      vertex   -1.188244e+01 4.666667e+01 -8.084535e+01
      vertex   -1.188244e+01 2.333333e+01 -8.084535e+01
      vertex   -1.097297e+01 4.666667e+01 -7.977288e+01
    endloop
  endfacet
  facet normal -7.626852e-01 0.000000e+00 6.467699e-01
    outer loop
      vertex   -1.097297e+01 4.666667e+01 -7.977288e+01
      vertex   -1.188244e+01 2.333333e+01 -8.084535e+01
      vertex   -1.097297e+01 2.333333e+01 -7.977288e+01
    endloop
  endfacet
  facet normal -6.987694e-01 0.000000e+00 7.153470e-01
    outer loop
      vertex   -1.097297e+01 4.666667e+01 -7.977288e+01
      vertex   -1.097297e+01 2.333333e+01 -7.977288e+01
      vertex   -9.967072e+00 4.666667e+01 -7.879030e+01
    endloop
  endfacet
  facet normal -6.987694e-01 0.000000e+00 7.153470e-01
    outer loop
      vertex   -9.967072e+00 4.666667e+01 -7.879030e+01
      vertex   -1.097297e+01 2.333333e+01 -7.977288e+01
      vertex   -9.967072e+00 2.333333e+01 -7.879030e+01
    endloop
  endfacet
  facet normal -6.287129e-01 0.000000e+00 7.776375e-01
    outer loop
      vertex   -9.967072e+00 4.666667e+01 -7.879030e+01
      vertex   -9.967072e+00 2.333333e+01 -7.879030e+01
      vertex   -8.873583e+00 4.666667e+01 -7.790622e+01
    endloop
  endfacet
  facet normal -6.287129e-01 0.000000e+00 7.776375e-01
    outer loop
      vertex   -8.873583e+00 4.666667e+01 -7.790622e+01
      vertex   -9.967072e+00 2.333333e+01 -7.879030e+01
      vertex   -8.873583e+00 2.333333e+01 -7.790622e+01
    endloop
  endfacet
  facet normal -5.531312e-01 0.000000e+00 8.330942e-01
    outer loop
      vertex   -8.873583e+00 4.666667e+01 -7.790622e+01
      vertex   -8.873583e+00 2.333333e+01 -7.790622e+01
      vertex   -7.702113e+00 4.666667e+01 -7.712842e+01
    endloop
  endfacet
  facet normal -5.531312e-01 0.000000e+00 8.330942e-01
    outer loop
      vertex   -7.702113e+00 4.666667e+01 -7.712842e+01
      vertex   -8.873583e+00 2.333333e+01 -7.790622e+01
      vertex   -7.702113e+00 2.333333e+01 -7.712842e+01
    endloop
  endfacet
  facet normal -4.726885e-01 0.000000e+00 8.812296e-01
    outer loop
      vertex   -7.702113e+00 4.666667e+01 -7.712842e+01
      vertex   -7.702113e+00 2.333333e+01 -7.712842e+01
      vertex   -6.462956e+00 4.666667e+01 -7.646375e+01
    endloop
  endfacet
  facet normal -4.726885e-01 1.439423e-16 8.812296e-01
    outer loop
      vertex   -6.462956e+00 4.666667e+01 -7.646375e+01
      vertex   -7.702113e+00 2.333333e+01 -7.712842e+01
      vertex   -6.462956e+00 2.333333e+01 -7.646375e+01
    endloop
  endfacet
  facet normal -3.880919e-01 1.181811e-16 9.216207e-01
    outer loop
      vertex   -6.462956e+00 4.666667e+01 -7.646375e+01
      vertex   -6.462956e+00 2.333333e+01 -7.646375e+01
      vertex   -5.167003e+00 4.666667e+01 -7.591802e+01
    endloop
  endfacet
  facet normal -3.880919e-01 4.431790e-17 9.216207e-01
    outer loop
      vertex   -5.167003e+00 4.666667e+01 -7.591802e+01
      vertex   -6.462956e+00 2.333333e+01 -7.646375e+01
      vertex   -5.167003e+00 2.333333e+01 -7.591802e+01
    endloop
  endfacet
  facet normal -3.000846e-01 3.426798e-17 9.539126e-01
    outer loop
      vertex   -5.167003e+00 4.666667e+01 -7.591802e+01
      vertex   -5.167003e+00 2.333333e+01 -7.591802e+01
      vertex   -3.825642e+00 4.666667e+01 -7.549605e+01
    endloop
  endfacet
  facet normal -3.000846e-01 0.000000e+00 9.539126e-01
    outer loop
      vertex   -3.825642e+00 4.666667e+01 -7.549605e+01
      vertex   -5.167003e+00 2.333333e+01 -7.591802e+01
      vertex   -3.825642e+00 2.333333e+01 -7.549605e+01
    endloop
  endfacet
  facet normal -2.094403e-01 0.000000e+00 9.778214e-01
    outer loop
      vertex   -3.825642e+00 4.666667e+01 -7.549605e+01
      vertex   -3.825642e+00 2.333333e+01 -7.549605e+01
      vertex   -2.450660e+00 4.666667e+01 -7.520155e+01
    endloop
  endfacet
  facet normal -2.094403e-01 -2.790305e-17 9.778214e-01
    outer loop
      vertex   -2.450660e+00 4.666667e+01 -7.520155e+01
      vertex   -3.825642e+00 2.333333e+01 -7.549605e+01
      vertex   -2.450660e+00 2.333333e+01 -7.520155e+01
    endloop
  endfacet
  facet normal -1.169553e-01 -1.558158e-17 9.931372e-01
    outer loop
      vertex   -2.450660e+00 4.666667e+01 -7.520155e+01
      vertex   -2.450660e+00 2.333333e+01 -7.520155e+01
      vertex   -1.054143e+00 4.666667e+01 -7.503709e+01
    endloop
  endfacet
  facet normal -1.169553e-01 1.669455e-17 9.931372e-01
    outer loop
      vertex   -1.054143e+00 4.666667e+01 -7.503709e+01
      vertex   -2.450660e+00 2.333333e+01 -7.520155e+01
      vertex   -1.054143e+00 2.333333e+01 -7.503709e+01
    endloop
  endfacet
  facet normal -2.344257e-02 3.346262e-18 9.997252e-01
    outer loop
      vertex   -1.054143e+00 4.666667e+01 -7.503709e+01
      vertex   -1.054143e+00 2.333333e+01 -7.503709e+01
      vertex   3.516386e-01 4.666667e+01 -7.500412e+01
    endloop
  endfacet
  facet normal -2.344257e-02 3.346262e-18 9.997252e-01
    outer loop
      vertex   3.516386e-01 4.666667e+01 -7.500412e+01
      vertex   -1.054143e+00 2.333333e+01 -7.503709e+01
      vertex   3.516386e-01 2.333333e+01 -7.500412e+01
    endloop
  endfacet
  facet normal 7.027619e-02 -1.003143e-17 9.975276e-01
    outer loop
      vertex   3.516386e-01 4.666667e+01 -7.500412e+01
      vertex   3.516386e-01 2.333333e+01 -7.500412e+01
      vertex   1.754330e+00 4.666667e+01 -7.510294e+01
    endloop
  endfacet
  facet normal 7.027619e-02 0.000000e+00 9.975276e-01
    outer loop
      vertex   1.754330e+00 4.666667e+01 -7.510294e+01
      vertex   3.516386e-01 2.333333e+01 -7.500412e+01
      vertex   1.754330e+00 2.333333e+01 -7.510294e+01
    endloop
  endfacet
  facet normal 1.633774e-01 0.000000e+00 9.865637e-01
    outer loop
      vertex   1.754330e+00 4.666667e+01 -7.510294e+01
      vertex   1.754330e+00 2.333333e+01 -7.510294e+01
      vertex   3.141604e+00 4.666667e+01 -7.533268e+01
    endloop
  endfacet
  facet normal 1.633774e-01 2.487570e-17 9.865637e-01
    outer loop
      vertex   3.141604e+00 4.666667e+01 -7.533268e+01
      vertex   1.754330e+00 2.333333e+01 -7.510294e+01
      vertex   3.141604e+00 2.333333e+01 -7.533268e+01
    endloop
  endfacet
  facet normal 2.550428e-01 3.883260e-17 9.669298e-01
    outer loop
      vertex   3.141604e+00 4.666667e+01 -7.533268e+01
      vertex   3.141604e+00 2.333333e+01 -7.533268e+01
      vertex   4.501270e+00 4.666667e+01 -7.569131e+01
    endloop
  endfacet
  facet normal 2.550428e-01 -3.883260e-17 9.669298e-01
    outer loop
      vertex   4.501270e+00 4.666667e+01 -7.569131e+01
      vertex   3.141604e+00 2.333333e+01 -7.533268e+01
      vertex   4.501270e+00 2.333333e+01 -7.569131e+01
    endloop
  endfacet
  facet normal 3.444669e-01 -5.244823e-17 9.387985e-01
    outer loop
      vertex   4.501270e+00 4.666667e+01 -7.569131e+01
      vertex   4.501270e+00 2.333333e+01 -7.569131e+01
      vertex   5.821378e+00 4.666667e+01 -7.617569e+01
    endloop
  endfacet
  facet normal 3.444669e-01 0.000000e+00 9.387985e-01
    outer loop
      vertex   5.821378e+00 4.666667e+01 -7.617569e+01
      vertex   4.501270e+00 2.333333e+01 -7.569131e+01
      vertex   5.821378e+00 2.333333e+01 -7.617569e+01
    endloop
  endfacet
  facet normal 4.308637e-01 0.000000e+00 9.024170e-01
    outer loop
      vertex   5.821378e+00 4.666667e+01 -7.617569e+01
      vertex   5.821378e+00 2.333333e+01 -7.617569e+01
      vertex   7.090328e+00 4.666667e+01 -7.678156e+01
    endloop
  endfacet
  facet normal 4.308637e-01 0.000000e+00 9.024170e-01
    outer loop
      vertex   7.090328e+00 4.666667e+01 -7.678156e+01
      vertex   5.821378e+00 2.333333e+01 -7.617569e+01
      vertex   7.090328e+00 2.333333e+01 -7.678156e+01
    endloop
  endfacet
  facet normal 5.134742e-01 0.000000e+00 8.581050e-01
    outer loop
      vertex   7.090328e+00 4.666667e+01 -7.678156e+01
      vertex   7.090328e+00 2.333333e+01 -7.678156e+01
      vertex   8.296967e+00 4.666667e+01 -7.750359e+01
    endloop
  endfacet
  facet normal 5.134742e-01 -3.909057e-17 8.581050e-01
    outer loop
      vertex   8.296967e+00 4.666667e+01 -7.750359e+01
      vertex   7.090328e+00 2.333333e+01 -7.678156e+01
      vertex   8.296967e+00 2.333333e+01 -7.750359e+01
    endloop
  endfacet
  facet normal 5.915722e-01 -4.503614e-17 8.062520e-01
    outer loop
      vertex   8.296967e+00 4.666667e+01 -7.750359e+01
      vertex   8.296967e+00 2.333333e+01 -7.750359e+01
      vertex   9.430693e+00 4.666667e+01 -7.833544e+01
    endloop
  endfacet
  facet normal 5.915722e-01 0.000000e+00 8.062520e-01
    outer loop
      vertex   9.430693e+00 4.666667e+01 -7.833544e+01
      vertex   8.296967e+00 2.333333e+01 -7.750359e+01
      vertex   9.430693e+00 2.333333e+01 -7.833544e+01
    endloop
  endfacet
  facet normal 6.644715e-01 0.000000e+00 7.473136e-01
    outer loop
      vertex   9.430693e+00 4.666667e+01 -7.833544e+01
      vertex   9.430693e+00 2.333333e+01 -7.833544e+01
      vertex   1.048154e+01 4.666667e+01 -7.926980e+01
    endloop
  endfacet
  facet normal 6.644715e-01 0.000000e+00 7.473136e-01
    outer loop
      vertex   1.048154e+01 4.666667e+01 -7.926980e+01
      vertex   9.430693e+00 2.333333e+01 -7.833544e+01
      vertex   1.048154e+01 2.333333e+01 -7.926980e+01
    endloop
  endfacet
  facet normal 7.315313e-01 0.000000e+00 6.818078e-01
    outer loop
      vertex   1.048154e+01 4.666667e+01 -7.926980e+01
      vertex   1.048154e+01 2.333333e+01 -7.926980e+01
      vertex   1.144028e+01 4.666667e+01 -8.029845e+01
    endloop
  endfacet
  facet normal 7.315313e-01 0.000000e+00 6.818078e-01
    outer loop
      vertex   1.144028e+01 4.666667e+01 -8.029845e+01
      vertex   1.048154e+01 2.333333e+01 -7.926980e+01
      vertex   1.144028e+01 2.333333e+01 -8.029845e+01
    endloop
  endfacet
  facet normal 7.921625e-01 0.000000e+00 6.103103e-01
    outer loop
      vertex   1.144028e+01 4.666667e+01 -8.029845e+01
      vertex   1.144028e+01 2.333333e+01 -8.029845e+01
      vertex   1.229848e+01 4.666667e+01 -8.141236e+01
    endloop
  endfacet
  facet normal 7.921625e-01 0.000000e+00 6.103103e-01
    outer loop
      vertex   1.229848e+01 4.666667e+01 -8.141236e+01
      vertex   1.144028e+01 2.333333e+01 -8.029845e+01
      vertex   1.229848e+01 2.333333e+01 -8.141236e+01
    endloop
  endfacet
  facet normal 8.458321e-01 0.000000e+00 5.334493e-01
    outer loop
      vertex   1.229848e+01 4.666667e+01 -8.141236e+01
      vertex   1.229848e+01 2.333333e+01 -8.141236e+01
      vertex   1.304860e+01 4.666667e+01 -8.260175e+01
    endloop
  endfacet
  facet normal 8.458321e-01 0.000000e+00 5.334493e-01
    outer loop
      vertex   1.304860e+01 4.666667e+01 -8.260175e+01
      vertex   1.229848e+01 2.333333e+01 -8.141236e+01
      vertex   1.304860e+01 2.333333e+01 -8.260175e+01
    endloop
  endfacet
  facet normal 8.920684e-01 0.000000e+00 4.519003e-01
    outer loop
      vertex   1.304860e+01 4.666667e+01 -8.260175e+01
      vertex   1.304860e+01 2.333333e+01 -8.260175e+01
      vertex   1.368404e+01 4.666667e+01 -8.385614e+01
    endloop
  endfacet
  facet normal 8.920684e-01 0.000000e+00 4.519003e-01
    outer loop
      vertex   1.368404e+01 4.666667e+01 -8.385614e+01
      vertex   1.304860e+01 2.333333e+01 -8.260175e+01
      vertex   1.368404e+01 2.333333e+01 -8.385614e+01
    endloop
  endfacet
  facet normal 9.304653e-01 0.000000e+00 3.663800e-01
    outer loop
      vertex   1.368404e+01 4.666667e+01 -8.385614e+01
      vertex   1.368404e+01 2.333333e+01 -8.385614e+01
      vertex   1.419924e+01 4.666667e+01 -8.516454e+01
    endloop
  endfacet
  facet normal 9.304653e-01 0.000000e+00 3.663800e-01
    outer loop
      vertex   1.419924e+01 4.666667e+01 -8.516454e+01
      vertex   1.368404e+01 2.333333e+01 -8.385614e+01
      vertex   1.419924e+01 2.333333e+01 -8.516454e+01
    endloop
  endfacet
  facet normal 9.606852e-01 0.000000e+00 2.776400e-01
    outer loop
      vertex   1.419924e+01 4.666667e+01 -8.516454e+01
      vertex   1.419924e+01 2.333333e+01 -8.516454e+01
      vertex   1.458964e+01 4.666667e+01 -8.651542e+01
    endloop
  endfacet
  facet normal 9.606852e-01 2.281981e-17 2.776400e-01
    outer loop
      vertex   1.458964e+01 4.666667e+01 -8.651542e+01
      vertex   1.419924e+01 2.333333e+01 -8.516454e+01
      vertex   1.458964e+01 2.333333e+01 -8.651542e+01
    endloop
  endfacet
  facet normal 9.824625e-01 -3.602792e-17 1.864601e-01
    outer loop
      vertex   1.458964e+01 4.666667e+01 -8.651542e+01
      vertex   1.458964e+01 2.333333e+01 -8.651542e+01
      vertex   1.485184e+01 4.666667e+01 -8.789693e+01
    endloop
  endfacet
  facet normal 9.824625e-01 0.000000e+00 1.864601e-01
    outer loop
      vertex   1.485184e+01 4.666667e+01 -8.789693e+01
      vertex   1.458964e+01 2.333333e+01 -8.651542e+01
      vertex   1.485184e+01 2.333333e+01 -8.789693e+01
    endloop
  endfacet
  facet normal 9.956060e-01 0.000000e+00 9.364149e-02
    outer loop
      vertex   1.485184e+01 4.666667e+01 -8.789693e+01
      vertex   1.485184e+01 2.333333e+01 -8.789693e+01
      vertex   1.498351e+01 4.666667e+01 -8.929692e+01
    endloop
  endfacet
  facet normal 9.956060e-01 0.000000e+00 9.364149e-02
    outer loop
      vertex   1.498351e+01 4.666667e+01 -8.929692e+01
      vertex   1.485184e+01 2.333333e+01 -8.789693e+01
      vertex   1.498351e+01 2.333333e+01 -8.929692e+01
    endloop
  endfacet
  facet normal 1.000000e+00 0.000000e+00 0.000000e+00
    outer loop
      vertex   1.498351e+01 4.666667e+01 -8.929692e+01
      vertex   1.498351e+01 2.333333e+01 -8.929692e+01
      vertex   1.498351e+01 4.666667e+01 -9.070308e+01
    endloop
  endfacet
  facet normal 1.000000e+00 0.000000e+00 0.000000e+00
    outer loop
      vertex   1.498351e+01 4.666667e+01 -9.070308e+01
      vertex   1.498351e+01 2.333333e+01 -8.929692e+01
      vertex   1.498351e+01 2.333333e+01 -9.070308e+01
    endloop
  endfacet
  facet normal 9.956060e-01 0.000000e+00 -9.364149e-02
    outer loop
      vertex   1.498351e+01 4.666667e+01 -9.070308e+01
      vertex   1.498351e+01 2.333333e+01 -9.070308e+01
      vertex   1.485184e+01 4.666667e+01 -9.210307e+01
    endloop
  endfacet
  facet normal 9.956060e-01 0.000000e+00 -9.364149e-02
    outer loop
      vertex   1.485184e+01 4.666667e+01 -9.210307e+01
      vertex   1.498351e+01 2.333333e+01 -9.070308e+01
      vertex   1.485184e+01 2.333333e+01 -9.210307e+01
    endloop
  endfacet
  facet normal 9.824625e-01 0.000000e+00 -1.864601e-01
    outer loop
      vertex   1.485184e+01 4.666667e+01 -9.210307e+01
      vertex   1.485184e+01 2.333333e+01 -9.210307e+01
      vertex   1.458964e+01 4.666667e+01 -9.348458e+01
    endloop
  endfacet
  facet normal 9.824625e-01 3.602792e-17 -1.864601e-01
    outer loop
      vertex   1.458964e+01 4.666667e+01 -9.348458e+01
      vertex   1.485184e+01 2.333333e+01 -9.210307e+01
      vertex   1.458964e+01 2.333333e+01 -9.348458e+01
    endloop
  endfacet
  facet normal 9.606852e-01 -2.281981e-17 -2.776400e-01
    outer loop
      vertex   1.458964e+01 4.666667e+01 -9.348458e+01
      vertex   1.458964e+01 2.333333e+01 -9.348458e+01
      vertex   1.419924e+01 4.666667e+01 -9.483546e+01
    endloop
  endfacet
  facet normal 9.606852e-01 0.000000e+00 -2.776400e-01
    outer loop
      vertex   1.419924e+01 4.666667e+01 -9.483546e+01
      vertex   1.458964e+01 2.333333e+01 -9.348458e+01
      vertex   1.419924e+01 2.333333e+01 -9.483546e+01
    endloop
  endfacet
  facet normal 9.304653e-01 0.000000e+00 -3.663800e-01
    outer loop
      vertex   1.419924e+01 4.666667e+01 -9.483546e+01
      vertex   1.419924e+01 2.333333e+01 -9.483546e+01
      vertex   1.368404e+01 4.666667e+01 -9.614386e+01
    endloop
  endfacet
  facet normal 9.304653e-01 0.000000e+00 -3.663800e-01
    outer loop
      vertex   1.368404e+01 4.666667e+01 -9.614386e+01
      vertex   1.419924e+01 2.333333e+01 -9.483546e+01
      vertex   1.368404e+01 2.333333e+01 -9.614386e+01
    endloop
  endfacet
  facet normal 8.920684e-01 0.000000e+00 -4.519003e-01
    outer loop
      vertex   1.368404e+01 4.666667e+01 -9.614386e+01
      vertex   1.368404e+01 2.333333e+01 -9.614386e+01
      vertex   1.304860e+01 4.666667e+01 -9.739825e+01
    endloop
  endfacet
  facet normal 8.920684e-01 0.000000e+00 -4.519003e-01
    outer loop
      vertex   1.304860e+01 4.666667e+01 -9.739825e+01
      vertex   1.368404e+01 2.333333e+01 -9.614386e+01
      vertex   1.304860e+01 2.333333e+01 -9.739825e+01
    endloop
  endfacet
  facet normal 8.458321e-01 0.000000e+00 -5.334493e-01
    outer loop
      vertex   1.304860e+01 4.666667e+01 -9.739825e+01
      vertex   1.304860e+01 2.333333e+01 -9.739825e+01
      vertex   1.229848e+01 4.666667e+01 -9.858764e+01
    endloop
  endfacet
  facet normal 8.458321e-01 0.000000e+00 -5.334493e-01
    outer loop
      vertex   1.229848e+01 4.666667e+01 -9.858764e+01
      vertex   1.304860e+01 2.333333e+01 -9.739825e+01
      vertex   1.229848e+01 2.333333e+01 -9.858764e+01
    endloop
  endfacet
  facet normal 7.921625e-01 0.000000e+00 -6.103103e-01
    outer loop
      vertex   1.229848e+01 4.666667e+01 -9.858764e+01
      vertex   1.229848e+01 2.333333e+01 -9.858764e+01
      vertex   1.144028e+01 4.666667e+01 -9.970155e+01
    endloop
  endfacet
  facet normal 7.921625e-01 0.000000e+00 -6.103103e-01
    outer loop
      vertex   1.144028e+01 4.666667e+01 -9.970155e+01
      vertex   1.229848e+01 2.333333e+01 -9.858764e+01
      vertex   1.144028e+01 2.333333e+01 -9.970155e+01
    endloop
  endfacet
  facet normal 7.315313e-01 0.000000e+00 -6.818078e-01
    outer loop
      vertex   1.144028e+01 4.666667e+01 -9.970155e+01
      vertex   1.144028e+01 2.333333e+01 -9.970155e+01
      vertex   1.048154e+01 4.666667e+01 -1.007302e+02
    endloop
  endfacet
  facet normal 7.315313e-01 0.000000e+00 -6.818078e-01
    outer loop
      vertex   1.048154e+01 4.666667e+01 -1.007302e+02
      vertex   1.144028e+01 2.333333e+01 -9.970155e+01
      vertex   1.048154e+01 2.333333e+01 -1.007302e+02
    endloop
  endfacet
  facet normal 6.644715e-01 0.000000e+00 -7.473136e-01
    outer loop
      vertex   1.048154e+01 4.666667e+01 -1.007302e+02
      vertex   1.048154e+01 2.333333e+01 -1.007302e+02
      vertex   9.430693e+00 4.666667e+01 -1.016646e+02
    endloop
  endfacet
  facet normal 6.644715e-01 0.000000e+00 -7.473136e-01
    outer loop
      vertex   9.430693e+00 4.666667e+01 -1.016646e+02
      vertex   1.048154e+01 2.333333e+01 -1.007302e+02
      vertex   9.430693e+00 2.333333e+01 -1.016646e+02
    endloop
  endfacet
  facet normal 5.915722e-01 0.000000e+00 -8.062520e-01
    outer loop
      vertex   9.430693e+00 4.666667e+01 -1.016646e+02
      vertex   9.430693e+00 2.333333e+01 -1.016646e+02
      vertex   8.296967e+00 4.666667e+01 -1.024964e+02
    endloop
  endfacet
  facet normal 5.915722e-01 -3.559286e-16 -8.062520e-01
    outer loop
      vertex   8.296967e+00 4.666667e+01 -1.024964e+02
      vertex   9.430693e+00 2.333333e+01 -1.016646e+02
      vertex   8.296967e+00 2.333333e+01 -1.024964e+02
    endloop
  endfacet
  facet normal 5.134742e-01 -4.053457e-16 -8.581050e-01
    outer loop
      vertex   8.296967e+00 4.666667e+01 -1.024964e+02
      vertex   8.296967e+00 2.333333e+01 -1.024964e+02
      vertex   7.090328e+00 4.666667e+01 -1.032184e+02
    endloop
  endfacet
  facet normal 5.134742e-01 0.000000e+00 -8.581050e-01
    outer loop
      vertex   7.090328e+00 4.666667e+01 -1.032184e+02
      vertex   8.296967e+00 2.333333e+01 -1.024964e+02
      vertex   7.090328e+00 2.333333e+01 -1.032184e+02
    endloop
  endfacet
  facet normal 4.308637e-01 0.000000e+00 -9.024170e-01
    outer loop
      vertex   7.090328e+00 4.666667e+01 -1.032184e+02
      vertex   7.090328e+00 2.333333e+01 -1.032184e+02
      vertex   5.821378e+00 4.666667e+01 -1.038243e+02
    endloop
  endfacet
  facet normal 4.308637e-01 0.000000e+00 -9.024170e-01
    outer loop
      vertex   5.821378e+00 4.666667e+01 -1.038243e+02
      vertex   7.090328e+00 2.333333e+01 -1.032184e+02
      vertex   5.821378e+00 2.333333e+01 -1.038243e+02
    endloop
  endfacet
  facet normal 3.444669e-01 0.000000e+00 -9.387985e-01
    outer loop
      vertex   5.821378e+00 4.666667e+01 -1.038243e+02
      vertex   5.821378e+00 2.333333e+01 -1.038243e+02
      vertex   4.501270e+00 4.666667e+01 -1.043087e+02
    endloop
  endfacet
  facet normal 3.444669e-01 3.933617e-17 -9.387985e-01
    outer loop
      vertex   4.501270e+00 4.666667e+01 -1.043087e+02
      vertex   5.821378e+00 2.333333e+01 -1.038243e+02
      vertex   4.501270e+00 2.333333e+01 -1.043087e+02
    endloop
  endfacet
  facet normal 2.550428e-01 2.912445e-17 -9.669298e-01
    outer loop
      vertex   4.501270e+00 4.666667e+01 -1.043087e+02
      vertex   4.501270e+00 2.333333e+01 -1.043087e+02
      vertex   3.141604e+00 4.666667e+01 -1.046673e+02
    endloop
  endfacet
  facet normal 2.550428e-01 0.000000e+00 -9.669298e-01
    outer loop
      vertex   3.141604e+00 4.666667e+01 -1.046673e+02
      vertex   4.501270e+00 2.333333e+01 -1.043087e+02
      vertex   3.141604e+00 2.333333e+01 -1.046673e+02
    endloop
  endfacet
  facet normal 1.633774e-01 0.000000e+00 -9.865637e-01
    outer loop
      vertex   3.141604e+00 4.666667e+01 -1.046673e+02
      vertex   3.141604e+00 2.333333e+01 -1.046673e+02
      vertex   1.754330e+00 4.666667e+01 -1.048971e+02
    endloop
  endfacet
  facet normal 1.633774e-01 0.000000e+00 -9.865637e-01
    outer loop
      vertex   1.754330e+00 4.666667e+01 -1.048971e+02
      vertex   3.141604e+00 2.333333e+01 -1.046673e+02
      vertex   1.754330e+00 2.333333e+01 -1.048971e+02
    endloop
  endfacet
  facet normal 7.027619e-02 0.000000e+00 -9.975276e-01
    outer loop
      vertex   1.754330e+00 4.666667e+01 -1.048971e+02
      vertex   1.754330e+00 2.333333e+01 -1.048971e+02
      vertex   3.516386e-01 4.666667e+01 -1.049959e+02
    endloop
  endfacet
  facet normal 7.027619e-02 0.000000e+00 -9.975276e-01
    outer loop
      vertex   3.516386e-01 4.666667e+01 -1.049959e+02
      vertex   1.754330e+00 2.333333e+01 -1.048971e+02
      vertex   3.516386e-01 2.333333e+01 -1.049959e+02
    endloop
  endfacet
  facet normal -2.344257e-02 -0.000000e+00 -9.997252e-01
    outer loop
      vertex   3.516386e-01 4.666667e+01 -1.049959e+02
      vertex   3.516386e-01 2.333333e+01 -1.049959e+02
      vertex   -1.054143e+00 4.666667e+01 -1.049629e+02
    endloop
  endfacet
  facet normal -2.344257e-02 -3.346262e-18 -9.997252e-01
    outer loop
      vertex   -1.054143e+00 4.666667e+01 -1.049629e+02
      vertex   3.516386e-01 2.333333e+01 -1.049959e+02
      vertex   -1.054143e+00 2.333333e+01 -1.049629e+02
    endloop
  endfacet
  facet normal -1.169553e-01 -1.669455e-17 -9.931372e-01
    outer loop
      vertex   -1.054143e+00 4.666667e+01 -1.049629e+02
      vertex   -1.054143e+00 2.333333e+01 -1.049629e+02
      vertex   -2.450660e+00 4.666667e+01 -1.047985e+02
    endloop
  endfacet
  facet normal -1.169553e-01 -0.000000e+00 -9.931372e-01
    outer loop
      vertex   -2.450660e+00 4.666667e+01 -1.047985e+02
      vertex   -1.054143e+00 2.333333e+01 -1.049629e+02
      vertex   -2.450660e+00 2.333333e+01 -1.047985e+02
    endloop
  endfacet
  facet normal -2.094403e-01 -0.000000e+00 -9.778214e-01
    outer loop
      vertex   -2.450660e+00 4.666667e+01 -1.047985e+02
      vertex   -2.450660e+00 2.333333e+01 -1.047985e+02
      vertex   -3.825642e+00 4.666667e+01 -1.045039e+02
    endloop
  endfacet
  facet normal -2.094403e-01 -0.000000e+00 -9.778214e-01
    outer loop
      vertex   -3.825642e+00 4.666667e+01 -1.045039e+02
      vertex   -2.450660e+00 2.333333e+01 -1.047985e+02
      vertex   -3.825642e+00 2.333333e+01 -1.045039e+02
    endloop
  endfacet
  facet normal -3.000846e-01 -0.000000e+00 -9.539126e-01
    outer loop
      vertex   -3.825642e+00 4.666667e+01 -1.045039e+02
      vertex   -3.825642e+00 2.333333e+01 -1.045039e+02
      vertex   -5.167003e+00 4.666667e+01 -1.040820e+02
    endloop
  endfacet
  facet normal -3.000846e-01 -0.000000e+00 -9.539126e-01
    outer loop
      vertex   -5.167003e+00 4.666667e+01 -1.040820e+02
      vertex   -3.825642e+00 2.333333e+01 -1.045039e+02
      vertex   -5.167003e+00 2.333333e+01 -1.040820e+02
    endloop
  endfacet
  facet normal -3.880919e-01 -0.000000e+00 -9.216207e-01
    outer loop
      vertex   -5.167003e+00 4.666667e+01 -1.040820e+02
      vertex   -5.167003e+00 2.333333e+01 -1.040820e+02
      vertex   -6.462956e+00 4.666667e+01 -1.035363e+02
    endloop
  endfacet
  facet normal -3.880919e-01 -1.181811e-16 -9.216207e-01
    outer loop
      vertex   -6.462956e+00 4.666667e+01 -1.035363e+02
      vertex   -5.167003e+00 2.333333e+01 -1.040820e+02
      vertex   -6.462956e+00 2.333333e+01 -1.035363e+02
    endloop
  endfacet
  facet normal -4.726885e-01 -1.439423e-16 -8.812296e-01
    outer loop
      vertex   -6.462956e+00 4.666667e+01 -1.035363e+02
      vertex   -6.462956e+00 2.333333e+01 -1.035363e+02
      vertex   -7.702113e+00 4.666667e+01 -1.028716e+02
    endloop
  endfacet
  facet normal -4.726885e-01 -0.000000e+00 -8.812296e-01
    outer loop
      vertex   -7.702113e+00 4.666667e+01 -1.028716e+02
      vertex   -6.462956e+00 2.333333e+01 -1.035363e+02
      vertex   -7.702113e+00 2.333333e+01 -1.028716e+02
    endloop
  endfacet
  facet normal -5.531312e-01 -0.000000e+00 -8.330942e-01
    outer loop
      vertex   -7.702113e+00 4.666667e+01 -1.028716e+02
      vertex   -7.702113e+00 2.333333e+01 -1.028716e+02
      vertex   -8.873583e+00 4.666667e+01 -1.020938e+02
    endloop
  endfacet
  facet normal -5.531312e-01 -0.000000e+00 -8.330942e-01
    outer loop
      vertex   -8.873583e+00 4.666667e+01 -1.020938e+02
      vertex   -7.702113e+00 2.333333e+01 -1.028716e+02
      vertex   -8.873583e+00 2.333333e+01 -1.020938e+02
    endloop
  endfacet
  facet normal -6.287129e-01 -0.000000e+00 -7.776375e-01
    outer loop
      vertex   -8.873583e+00 4.666667e+01 -1.020938e+02
      vertex   -8.873583e+00 2.333333e+01 -1.020938e+02
      vertex   -9.967072e+00 4.666667e+01 -1.012097e+02
    endloop
  endfacet
  facet normal -6.287129e-01 3.300188e-16 -7.776375e-01
    outer loop
      vertex   -9.967072e+00 4.666667e+01 -1.012097e+02
      vertex   -8.873583e+00 2.333333e+01 -1.020938e+02
      vertex   -9.967072e+00 2.333333e+01 -1.012097e+02
    endloop
  endfacet
  facet normal -6.987694e-01 2.760814e-16 -7.153470e-01
    outer loop
      vertex   -9.967072e+00 4.666667e+01 -1.012097e+02
      vertex   -9.967072e+00 2.333333e+01 -1.012097e+02
      vertex   -1.097297e+01 4.666667e+01 -1.002271e+02
    endloop
  endfacet
  facet normal -6.987694e-01 -0.000000e+00 -7.153470e-01
    outer loop
      vertex   -1.097297e+01 4.666667e+01 -1.002271e+02
      vertex   -9.967072e+00 2.333333e+01 -1.012097e+02
      vertex   -1.097297e+01 2.333333e+01 -1.002271e+02
    endloop
  endfacet
  facet normal -7.626852e-01 -0.000000e+00 -6.467699e-01
    outer loop
      vertex   -1.097297e+01 4.666667e+01 -1.002271e+02
      vertex   -1.097297e+01 2.333333e+01 -1.002271e+02
      vertex   -1.188244e+01 4.666667e+01 -9.915465e+01
    endloop
  endfacet
  facet normal -7.626852e-01 -0.000000e+00 -6.467699e-01
    outer loop
      vertex   -1.188244e+01 4.666667e+01 -9.915465e+01
      vertex   -1.097297e+01 2.333333e+01 -1.002271e+02
      vertex   -1.188244e+01 2.333333e+01 -9.915465e+01
    endloop
  endfacet
  facet normal -8.198984e-01 -0.000000e+00 -5.725090e-01
    outer loop
      vertex   -1.188244e+01 4.666667e+01 -9.915465e+01
      vertex   -1.188244e+01 2.333333e+01 -9.915465e+01
      vertex   -1.268748e+01 4.666667e+01 -9.800174e+01
    endloop
  endfacet
  facet normal -8.198984e-01 -0.000000e+00 -5.725090e-01
    outer loop
      vertex   -1.268748e+01 4.666667e+01 -9.800174e+01
      vertex   -1.188244e+01 2.333333e+01 -9.915465e+01
      vertex   -1.268748e+01 2.333333e+01 -9.800174e+01
    endloop
  endfacet
  facet normal -8.699064e-01 -0.000000e+00 -4.932169e-01
    outer loop
      vertex   -1.268748e+01 4.666667e+01 -9.800174e+01
      vertex   -1.268748e+01 2.333333e+01 -9.800174e+01
      vertex   -1.338103e+01 4.666667e+01 -9.677850e+01
    endloop
  endfacet
  facet normal -8.699064e-01 1.679359e-16 -4.932169e-01
    outer loop
      vertex   -1.338103e+01 4.666667e+01 -9.677850e+01
      vertex   -1.268748e+01 2.333333e+01 -9.800174e+01
      vertex   -1.338103e+01 2.333333e+01 -9.677850e+01
    endloop
  endfacet
  facet normal -9.122696e-01 1.105541e-16 -4.095904e-01
    outer loop
      vertex   -1.338103e+01 4.666667e+01 -9.677850e+01
      vertex   -1.338103e+01 2.333333e+01 -9.677850e+01
      vertex   -1.395698e+01 4.666667e+01 -9.549570e+01
    endloop
  endfacet
  facet normal -9.122696e-01 -0.000000e+00 -4.095904e-01
    outer loop
      vertex   -1.395698e+01 4.666667e+01 -9.549570e+01
      vertex   -1.338103e+01 2.333333e+01 -9.677850e+01
      vertex   -1.395698e+01 2.333333e+01 -9.549570e+01
    endloop
  endfacet
  facet normal -9.466157e-01 -0.000000e+00 -3.223643e-01
    outer loop
      vertex   -1.395698e+01 4.666667e+01 -9.549570e+01
      vertex   -1.395698e+01 2.333333e+01 -9.549570e+01
      vertex   -1.441028e+01 4.666667e+01 -9.416460e+01
    endloop
  endfacet
  facet normal -9.466157e-01 -0.000000e+00 -3.223643e-01
    outer loop
      vertex   -1.441028e+01 4.666667e+01 -9.416460e+01
      vertex   -1.395698e+01 2.333333e+01 -9.549570e+01
      vertex   -1.441028e+01 2.333333e+01 -9.416460e+01
    endloop
  endfacet
  facet normal -9.726429e-01 -0.000000e+00 -2.323054e-01
    outer loop
      vertex   -1.441028e+01 4.666667e+01 -9.416460e+01
      vertex   -1.441028e+01 2.333333e+01 -9.416460e+01
      vertex   -1.473694e+01 4.666667e+01 -9.279690e+01
    endloop
  endfacet
  facet normal -9.726429e-01 -0.000000e+00 -2.323054e-01
    outer loop
      vertex   -1.473694e+01 4.666667e+01 -9.279690e+01
      vertex   -1.441028e+01 2.333333e+01 -9.416460e+01
      vertex   -1.473694e+01 2.333333e+01 -9.279690e+01
    endloop
  endfacet
  facet normal -9.901225e-01 -0.000000e+00 -1.402049e-01
    outer loop
      vertex   -1.473694e+01 4.666667e+01 -9.279690e+01
      vertex   -1.473694e+01 2.333333e+01 -9.279690e+01
      vertex   -1.493409e+01 4.666667e+01 -9.140462e+01
    endloop
  endfacet
  facet normal -9.901225e-01 -0.000000e+00 -1.402049e-01
    outer loop
      vertex   -1.493409e+01 4.666667e+01 -9.140462e+01
      vertex   -1.473694e+01 2.333333e+01 -9.279690e+01
      vertex   -1.493409e+01 2.333333e+01 -9.140462e+01
    endloop
  endfacet
  facet normal -9.989009e-01 -0.000000e+00 -4.687226e-02
    outer loop
      vertex   -1.493409e+01 4.666667e+01 -9.140462e+01
      vertex   -1.493409e+01 2.333333e+01 -9.140462e+01
      vertex   -1.500000e+01 4.666667e+01 -9.000000e+01
    endloop
  endfacet
  facet normal -9.989009e-01 -0.000000e+00 -4.687226e-02
    outer loop
      vertex   -1.500000e+01 4.666667e+01 -9.000000e+01
      vertex   -1.493409e+01 2.333333e+01 -9.140462e+01
      vertex   -1.500000e+01 2.333333e+01 -9.000000e+01
    endloop
  endfacet
  facet normal 0.000000e+00 1.000000e+00 0.000000e+00
    outer loop
      vertex   6.433839e+00 7.000000e+01 -8.907495e+01
      vertex   1.498351e+01 7.000000e+01 -8.929692e+01
      vertex   6.500000e+00 7.000000e+01 -9.000000e+01
    endloop
  endfacet
  facet normal -0.000000e+00 1.000000e+00 0.000000e+00
    outer loop
      vertex   6.500000e+00 7.000000e+01 -9.000000e+01
      vertex   1.498351e+01 7.000000e+01 -8.929692e+01
      vertex   1.498351e+01 7.000000e+01 -9.070308e+01
    endloop
  endfacet
  facet normal 0.000000e+00 1.000000e+00 0.000000e+00
    outer loop
      vertex   6.500000e+00 7.000000e+01 -9.000000e+01
      vertex   1.498351e+01 7.000000e+01 -9.070308e+01
      vertex   6.433839e+00 7.000000e+01 -9.092505e+01
    endloop
  endfacet
  facet normal -0.000000e+00 1.000000e+00 0.000000e+00
    outer loop
      vertex   6.433839e+00 7.000000e+01 -9.092505e+01
      vertex   1.498351e+01 7.000000e+01 -9.070308e+01
      vertex   1.485184e+01 7.000000e+01 -9.210307e+01
    endloop
  endfacet
  facet normal 0.000000e+00 1.000000e+00 0.000000e+00
    outer loop
      vertex   6.433839e+00 7.000000e+01 -9.092505e+01
      vertex   1.485184e+01 7.000000e+01 -9.210307e+01
      vertex   1.458964e+01 7.000000e+01 -9.348458e+01
    endloop
  endfacet
  facet normal -0.000000e+00 1.000000e+00 0.000000e+00
    outer loop
      vertex   6.236704e+00 7.000000e+01 -8.816874e+01
      vertex   1.458964e+01 7.000000e+01 -8.651542e+01
      vertex   6.433839e+00 7.000000e+01 -8.907495e+01
    endloop
  endfacet
  facet normal 0.000000e+00 1.000000e+00 0.000000e+00
    outer loop
      vertex   6.433839e+00 7.000000e+01 -8.907495e+01
      vertex   1.458964e+01 7.000000e+01 -8.651542e+01
      vertex   1.485184e+01 7.000000e+01 -8.789693e+01
    endloop
  endfacet
  facet normal -0.000000e+00 1.000000e+00 0.000000e+00
    outer loop
      vertex   6.433839e+00 7.000000e+01 -8.907495e+01
      vertex   1.485184e+01 7.000000e+01 -8.789693e+01
      vertex   1.498351e+01 7.000000e+01 -8.929692e+01
    endloop
  endfacet
  facet normal 0.000000e+00 1.000000e+00 0.000000e+00
    outer loop
      vertex   1.458964e+01 7.000000e+01 -8.651542e+01
      vertex   6.236704e+00 7.000000e+01 -8.816874e+01
      vertex   1.419924e+01 7.000000e+01 -8.516454e+01
    endloop
  endfacet
  facet normal 0.000000e+00 1.000000e+00 0.000000e+00
    outer loop
      vertex   1.419924e+01 7.000000e+01 -8.516454e+01
      vertex   6.236704e+00 7.000000e+01 -8.816874e+01
      vertex   5.912608e+00 7.000000e+01 -8.729980e+01
    endloop
  endfacet
  facet normal 0.000000e+00 1.000000e+00 0.000000e+00
    outer loop
      vertex   1.419924e+01 7.000000e+01 -8.516454e+01
      vertex   5.912608e+00 7.000000e+01 -8.729980e+01
      vertex   1.368404e+01 7.000000e+01 -8.385614e+01
    endloop
  endfacet
  facet normal 0.000000e+00 1.000000e+00 0.000000e+00
    outer loop
      vertex   1.368404e+01 7.000000e+01 -8.385614e+01
      vertex   5.912608e+00 7.000000e+01 -8.729980e+01
      vertex   1.304860e+01 7.000000e+01 -8.260175e+01
    endloop
  endfacet
  facet normal 0.000000e+00 1.000000e+00 0.000000e+00
    outer loop
      vertex   1.304860e+01 7.000000e+01 -8.260175e+01
      vertex   5.912608e+00 7.000000e+01 -8.729980e+01
      vertex   5.468148e+00 7.000000e+01 -8.648583e+01
    endloop
  endfacet
  facet normal 0.000000e+00 1.000000e+00 0.000000e+00
    outer loop
      vertex   1.304860e+01 7.000000e+01 -8.260175e+01
      vertex   5.468148e+00 7.000000e+01 -8.648583e+01
      vertex   1.229848e+01 7.000000e+01 -8.141236e+01
    endloop
  endfacet
  facet normal 0.000000e+00 1.000000e+00 0.000000e+00
    outer loop
      vertex   1.229848e+01 7.000000e+01 -8.141236e+01
      vertex   5.468148e+00 7.000000e+01 -8.648583e+01
      vertex   4.912372e+00 7.000000e+01 -8.574341e+01
    endloop
  endfacet
  facet normal 0.000000e+00 1.000000e+00 0.000000e+00
    outer loop
      vertex   1.229848e+01 7.000000e+01 -8.141236e+01
      vertex   4.912372e+00 7.000000e+01 -8.574341e+01
      vertex   1.144028e+01 7.000000e+01 -8.029845e+01
    endloop
  endfacet
  facet normal 0.000000e+00 1.000000e+00 0.000000e+00
    outer loop
      vertex   1.144028e+01 7.000000e+01 -8.029845e+01
      vertex   4.912372e+00 7.000000e+01 -8.574341e+01
      vertex   1.048154e+01 7.000000e+01 -7.926980e+01
    endloop
  endfacet
  facet normal 0.000000e+00 1.000000e+00 0.000000e+00
    outer loop
      vertex   1.048154e+01 7.000000e+01 -7.926980e+01
      vertex   4.912372e+00 7.000000e+01 -8.574341e+01
      vertex   4.256595e+00 7.000000e+01 -8.508763e+01
    endloop
  endfacet
  facet normal 0.000000e+00 1.000000e+00 0.000000e+00
    outer loop
      vertex   1.048154e+01 7.000000e+01 -7.926980e+01
      vertex   4.256595e+00 7.000000e+01 -8.508763e+01
      vertex   9.430693e+00 7.000000e+01 -7.833544e+01
    endloop
  endfacet
  facet normal 0.000000e+00 1.000000e+00 0.000000e+00
    outer loop
      vertex   9.430693e+00 7.000000e+01 -7.833544e+01
      vertex   4.256595e+00 7.000000e+01 -8.508763e+01
      vertex   3.514165e+00 7.000000e+01 -8.453185e+01
    endloop
  endfacet
  facet normal 0.000000e+00 1.000000e+00 0.000000e+00
    outer loop
      vertex   9.430693e+00 7.000000e+01 -7.833544e+01
      vertex   3.514165e+00 7.000000e+01 -8.453185e+01
      vertex   8.296967e+00 7.000000e+01 -7.750359e+01
    endloop
  endfacet
  facet normal 0.000000e+00 1.000000e+00 0.000000e+00
    outer loop
      vertex   8.296967e+00 7.000000e+01 -7.750359e+01
      vertex   3.514165e+00 7.000000e+01 -8.453185e+01
      vertex   7.090328e+00 7.000000e+01 -7.678156e+01
    endloop
  endfacet
  facet normal 0.000000e+00 1.000000e+00 0.000000e+00
    outer loop
      vertex   7.090328e+00 7.000000e+01 -7.678156e+01
      vertex   3.514165e+00 7.000000e+01 -8.453185e+01
      vertex   2.700198e+00 7.000000e+01 -8.408739e+01
    endloop
  endfacet
  facet normal 0.000000e+00 1.000000e+00 0.000000e+00
    outer loop
      vertex   7.090328e+00 7.000000e+01 -7.678156e+01
      vertex   2.700198e+00 7.000000e+01 -8.408739e+01
      vertex   5.821378e+00 7.000000e+01 -7.617569e+01
    endloop
  endfacet
  facet normal 0.000000e+00 1.000000e+00 0.000000e+00
    outer loop
      vertex   5.821378e+00 7.000000e+01 -7.617569e+01
      vertex   2.700198e+00 7.000000e+01 -8.408739e+01
      vertex   1.831262e+00 7.000000e+01 -8.376330e+01
    endloop
  endfacet
  facet normal 0.000000e+00 1.000000e+00 0.000000e+00
    outer loop
      vertex   5.821378e+00 7.000000e+01 -7.617569e+01
      vertex   1.831262e+00 7.000000e+01 -8.376330e+01
      vertex   4.501270e+00 7.000000e+01 -7.569131e+01
    endloop
  endfacet
  facet normal 0.000000e+00 1.000000e+00 0.000000e+00
    outer loop
      vertex   4.501270e+00 7.000000e+01 -7.569131e+01
      vertex   1.831262e+00 7.000000e+01 -8.376330e+01
      vertex   3.141604e+00 7.000000e+01 -7.533268e+01
    endloop
  endfacet
  facet normal 0.000000e+00 1.000000e+00 0.000000e+00
    outer loop
      vertex   3.141604e+00 7.000000e+01 -7.533268e+01
      vertex   1.831262e+00 7.000000e+01 -8.376330e+01
      vertex   9.250464e-01 7.000000e+01 -8.356616e+01
    endloop
  endfacet
  facet normal 0.000000e+00 1.000000e+00 0.000000e+00
    outer loop
      vertex   3.141604e+00 7.000000e+01 -7.533268e+01
      vertex   9.250464e-01 7.000000e+01 -8.356616e+01
      vertex   1.754330e+00 7.000000e+01 -7.510294e+01
    endloop
  endfacet
  facet normal 0.000000e+00 1.000000e+00 0.000000e+00
    outer loop
      vertex   1.754330e+00 7.000000e+01 -7.510294e+01
      vertex   9.250464e-01 7.000000e+01 -8.356616e+01
      vertex   -3.980102e-16 7.000000e+01 -8.350000e+01
    endloop
  endfacet
  facet normal 0.000000e+00 1.000000e+00 0.000000e+00
    outer loop
      vertex   1.754330e+00 7.000000e+01 -7.510294e+01
      vertex   -3.980102e-16 7.000000e+01 -8.350000e+01
      vertex   3.516386e-01 7.000000e+01 -7.500412e+01
    endloop
  endfacet
  facet normal 0.000000e+00 1.000000e+00 0.000000e+00
    outer loop
      vertex   3.516386e-01 7.000000e+01 -7.500412e+01
      vertex   -3.980102e-16 7.000000e+01 -8.350000e+01
      vertex   -1.054143e+00 7.000000e+01 -7.503709e+01
    endloop
  endfacet
  facet normal 0.000000e+00 1.000000e+00 0.000000e+00
    outer loop
      vertex   -1.054143e+00 7.000000e+01 -7.503709e+01
      vertex   -3.980102e-16 7.000000e+01 -8.350000e+01
      vertex   -9.250464e-01 7.000000e+01 -8.356616e+01
    endloop
  endfacet
  facet normal 0.000000e+00 1.000000e+00 0.000000e+00
    outer loop
      vertex   -1.054143e+00 7.000000e+01 -7.503709e+01
      vertex   -9.250464e-01 7.000000e+01 -8.356616e+01
      vertex   -2.450660e+00 7.000000e+01 -7.520155e+01
    endloop
  endfacet
  facet normal 0.000000e+00 1.000000e+00 0.000000e+00
    outer loop
      vertex   -2.450660e+00 7.000000e+01 -7.520155e+01
      vertex   -9.250464e-01 7.000000e+01 -8.356616e+01
      vertex   -3.825642e+00 7.000000e+01 -7.549605e+01
    endloop
  endfacet
  facet normal 0.000000e+00 1.000000e+00 0.000000e+00
    outer loop
      vertex   -3.825642e+00 7.000000e+01 -7.549605e+01
      vertex   -9.250464e-01 7.000000e+01 -8.356616e+01
      vertex   -1.831262e+00 7.000000e+01 -8.376330e+01
    endloop
  endfacet
  facet normal 0.000000e+00 1.000000e+00 0.000000e+00
    outer loop
      vertex   -3.825642e+00 7.000000e+01 -7.549605e+01
      vertex   -1.831262e+00 7.000000e+01 -8.376330e+01
      vertex   -5.167003e+00 7.000000e+01 -7.591802e+01
    endloop
  endfacet
  facet normal 0.000000e+00 1.000000e+00 0.000000e+00
    outer loop
      vertex   -5.167003e+00 7.000000e+01 -7.591802e+01
      vertex   -1.831262e+00 7.000000e+01 -8.376330e+01
      vertex   -2.700198e+00 7.000000e+01 -8.408739e+01
    endloop
  endfacet
  facet normal 0.000000e+00 1.000000e+00 0.000000e+00
    outer loop
      vertex   -5.167003e+00 7.000000e+01 -7.591802e+01
      vertex   -2.700198e+00 7.000000e+01 -8.408739e+01
      vertex   -6.462956e+00 7.000000e+01 -7.646375e+01
    endloop
  endfacet
  facet normal 0.000000e+00 1.000000e+00 0.000000e+00
    outer loop
      vertex   -6.462956e+00 7.000000e+01 -7.646375e+01
      vertex   -2.700198e+00 7.000000e+01 -8.408739e+01
      vertex   -7.702113e+00 7.000000e+01 -7.712842e+01
    endloop
  endfacet
  facet normal 0.000000e+00 1.000000e+00 0.000000e+00
    outer loop
      vertex   -7.702113e+00 7.000000e+01 -7.712842e+01
      vertex   -2.700198e+00 7.000000e+01 -8.408739e+01
      vertex   -8.873583e+00 7.000000e+01 -7.790622e+01
    endloop
  endfacet
  facet normal 0.000000e+00 1.000000e+00 0.000000e+00
    outer loop
      vertex   -8.873583e+00 7.000000e+01 -7.790622e+01
      vertex   -2.700198e+00 7.000000e+01 -8.408739e+01
      vertex   -9.967072e+00 7.000000e+01 -7.879030e+01
    endloop
  endfacet
  facet normal 0.000000e+00 1.000000e+00 0.000000e+00
    outer loop
      vertex   -9.967072e+00 7.000000e+01 -7.879030e+01
      vertex   -2.700198e+00 7.000000e+01 -8.408739e+01
      vertex   -1.097297e+01 7.000000e+01 -7.977288e+01
    endloop
  endfacet
  facet normal 0.000000e+00 1.000000e+00 0.000000e+00
    outer loop
      vertex   -1.097297e+01 7.000000e+01 -7.977288e+01
      vertex   -2.700198e+00 7.000000e+01 -8.408739e+01
      vertex   -3.514165e+00 7.000000e+01 -8.453185e+01
    endloop
  endfacet
  facet normal 0.000000e+00 1.000000e+00 0.000000e+00
    outer loop
      vertex   -1.097297e+01 7.000000e+01 -7.977288e+01
      vertex   -3.514165e+00 7.000000e+01 -8.453185e+01
      vertex   -4.256595e+00 7.000000e+01 -8.508763e+01
    endloop
  endfacet
  facet normal 0.000000e+00 1.000000e+00 0.000000e+00
    outer loop
      vertex   -4.256595e+00 7.000000e+01 -8.508763e+01
      vertex   -4.912372e+00 7.000000e+01 -8.574341e+01
      vertex   -1.097297e+01 7.000000e+01 -7.977288e+01
    endloop
  endfacet
  facet normal 0.000000e+00 1.000000e+00 0.000000e+00
    outer loop
      vertex   -1.097297e+01 7.000000e+01 -7.977288e+01
      vertex   -4.912372e+00 7.000000e+01 -8.574341e+01
      vertex   -1.188244e+01 7.000000e+01 -8.084535e+01
    endloop
  endfacet
  facet normal 0.000000e+00 1.000000e+00 0.000000e+00
    outer loop
      vertex   -1.188244e+01 7.000000e+01 -8.084535e+01
      vertex   -4.912372e+00 7.000000e+01 -8.574341e+01
      vertex   -5.468148e+00 7.000000e+01 -8.648583e+01
    endloop
  endfacet
  facet normal 0.000000e+00 1.000000e+00 0.000000e+00
    outer loop
      vertex   -1.188244e+01 7.000000e+01 -8.084535e+01
      vertex   -5.468148e+00 7.000000e+01 -8.648583e+01
      vertex   -1.268748e+01 7.000000e+01 -8.199826e+01
    endloop
  endfacet
  facet normal 0.000000e+00 1.000000e+00 0.000000e+00
    outer loop
      vertex   -1.268748e+01 7.000000e+01 -8.199826e+01
      vertex   -5.468148e+00 7.000000e+01 -8.648583e+01
      vertex   -1.338103e+01 7.000000e+01 -8.322150e+01
    endloop
  endfacet
  facet normal 0.000000e+00 1.000000e+00 0.000000e+00
    outer loop
      vertex   -1.338103e+01 7.000000e+01 -8.322150e+01
      vertex   -5.468148e+00 7.000000e+01 -8.648583e+01
      vertex   -5.912608e+00 7.000000e+01 -8.729980e+01
    endloop
  endfacet
  facet normal 0.000000e+00 1.000000e+00 0.000000e+00
    outer loop
      vertex   -1.338103e+01 7.000000e+01 -8.322150e+01
      vertex   -5.912608e+00 7.000000e+01 -8.729980e+01
      vertex   -1.395698e+01 7.000000e+01 -8.450430e+01
    endloop
  endfacet
  facet normal 0.000000e+00 1.000000e+00 0.000000e+00
    outer loop
      vertex   -1.395698e+01 7.000000e+01 -8.450430e+01
      vertex   -5.912608e+00 7.000000e+01 -8.729980e+01
      vertex   -6.236704e+00 7.000000e+01 -8.816874e+01
    endloop
  endfacet
  facet normal 0.000000e+00 1.000000e+00 0.000000e+00
    outer loop
      vertex   -1.395698e+01 7.000000e+01 -8.450430e+01
      vertex   -6.236704e+00 7.000000e+01 -8.816874e+01
      vertex   -1.441028e+01 7.000000e+01 -8.583540e+01
    endloop
  endfacet
  facet normal 0.000000e+00 1.000000e+00 0.000000e+00
    outer loop
      vertex   -1.441028e+01 7.000000e+01 -8.583540e+01
      vertex   -6.236704e+00 7.000000e+01 -8.816874e+01
      vertex   -1.473694e+01 7.000000e+01 -8.720310e+01
    endloop
  endfacet
  facet normal 0.000000e+00 1.000000e+00 0.000000e+00
    outer loop
      vertex   -1.473694e+01 7.000000e+01 -8.720310e+01
      vertex   -6.236704e+00 7.000000e+01 -8.816874e+01
      vertex   -6.433839e+00 7.000000e+01 -8.907495e+01
    endloop
  endfacet
  facet normal 0.000000e+00 1.000000e+00 0.000000e+00
    outer loop
      vertex   -1.473694e+01 7.000000e+01 -8.720310e+01
      vertex   -6.433839e+00 7.000000e+01 -8.907495e+01
      vertex   -1.493409e+01 7.000000e+01 -8.859538e+01
    endloop
  endfacet
  facet normal 0.000000e+00 1.000000e+00 0.000000e+00
    outer loop
      vertex   -1.493409e+01 7.000000e+01 -8.859538e+01
      vertex   -6.433839e+00 7.000000e+01 -8.907495e+01
      vertex   -6.500000e+00 7.000000e+01 -9.000000e+01
    endloop
  endfacet
  facet normal 0.000000e+00 1.000000e+00 0.000000e+00
    outer loop
      vertex   -1.493409e+01 7.000000e+01 -8.859538e+01
      vertex   -6.500000e+00 7.000000e+01 -9.000000e+01
      vertex   -1.500000e+01 7.000000e+01 -9.000000e+01
    endloop
  endfacet
  facet normal -0.000000e+00 1.000000e+00 0.000000e+00
    outer loop
      vertex   -1.500000e+01 7.000000e+01 -9.000000e+01
      vertex   -6.500000e+00 7.000000e+01 -9.000000e+01
      vertex   -1.493409e+01 7.000000e+01 -9.140462e+01
    endloop
  endfacet
  facet normal 0.000000e+00 1.000000e+00 0.000000e+00
    outer loop
      vertex   -1.493409e+01 7.000000e+01 -9.140462e+01
      vertex   -6.500000e+00 7.000000e+01 -9.000000e+01
      vertex   -6.433839e+00 7.000000e+01 -9.092505e+01
    endloop
  endfacet
  facet normal -0.000000e+00 1.000000e+00 0.000000e+00
    outer loop
      vertex   -1.493409e+01 7.000000e+01 -9.140462e+01
      vertex   -6.433839e+00 7.000000e+01 -9.092505e+01
      vertex   -1.473694e+01 7.000000e+01 -9.279690e+01
    endloop
  endfacet
  facet normal 0.000000e+00 1.000000e+00 0.000000e+00
    outer loop
      vertex   -1.473694e+01 7.000000e+01 -9.279690e+01
      vertex   -6.433839e+00 7.000000e+01 -9.092505e+01
      vertex   -6.236704e+00 7.000000e+01 -9.183126e+01
    endloop
  endfacet
  facet normal -0.000000e+00 1.000000e+00 0.000000e+00
    outer loop
      vertex   -1.473694e+01 7.000000e+01 -9.279690e+01
      vertex   -6.236704e+00 7.000000e+01 -9.183126e+01
      vertex   -1.441028e+01 7.000000e+01 -9.416460e+01
    endloop
  endfacet
  facet normal -0.000000e+00 1.000000e+00 0.000000e+00
    outer loop
      vertex   -1.441028e+01 7.000000e+01 -9.416460e+01
      vertex   -6.236704e+00 7.000000e+01 -9.183126e+01
      vertex   -1.395698e+01 7.000000e+01 -9.549570e+01
    endloop
  endfacet
  facet normal 0.000000e+00 1.000000e+00 0.000000e+00
    outer loop
      vertex   -1.395698e+01 7.000000e+01 -9.549570e+01
      vertex   -6.236704e+00 7.000000e+01 -9.183126e+01
      vertex   -5.912608e+00 7.000000e+01 -9.270020e+01
    endloop
  endfacet
  facet normal -0.000000e+00 1.000000e+00 0.000000e+00
    outer loop
      vertex   -1.395698e+01 7.000000e+01 -9.549570e+01
      vertex   -5.912608e+00 7.000000e+01 -9.270020e+01
      vertex   -1.338103e+01 7.000000e+01 -9.677850e+01
    endloop
  endfacet
  facet normal 0.000000e+00 1.000000e+00 0.000000e+00
    outer loop
      vertex   -1.338103e+01 7.000000e+01 -9.677850e+01
      vertex   -5.912608e+00 7.000000e+01 -9.270020e+01
      vertex   -5.468148e+00 7.000000e+01 -9.351417e+01
    endloop
  endfacet
  facet normal -0.000000e+00 1.000000e+00 0.000000e+00
    outer loop
      vertex   -1.338103e+01 7.000000e+01 -9.677850e+01
      vertex   -5.468148e+00 7.000000e+01 -9.351417e+01
      vertex   -1.268748e+01 7.000000e+01 -9.800174e+01
    endloop
  endfacet
  facet normal -0.000000e+00 1.000000e+00 0.000000e+00
    outer loop
      vertex   -1.268748e+01 7.000000e+01 -9.800174e+01
      vertex   -5.468148e+00 7.000000e+01 -9.351417e+01
      vertex   -1.188244e+01 7.000000e+01 -9.915465e+01
    endloop
  endfacet
  facet normal 0.000000e+00 1.000000e+00 0.000000e+00
    outer loop
      vertex   -1.188244e+01 7.000000e+01 -9.915465e+01
      vertex   -5.468148e+00 7.000000e+01 -9.351417e+01
      vertex   -4.912372e+00 7.000000e+01 -9.425659e+01
    endloop
  endfacet
  facet normal -0.000000e+00 1.000000e+00 0.000000e+00
    outer loop
      vertex   -1.188244e+01 7.000000e+01 -9.915465e+01
      vertex   -4.912372e+00 7.000000e+01 -9.425659e+01
      vertex   -1.097297e+01 7.000000e+01 -1.002271e+02
    endloop
  endfacet
  facet normal 0.000000e+00 1.000000e+00 0.000000e+00
    outer loop
      vertex   -1.097297e+01 7.000000e+01 -1.002271e+02
      vertex   -4.912372e+00 7.000000e+01 -9.425659e+01
      vertex   -4.256595e+00 7.000000e+01 -9.491237e+01
    endloop
  endfacet
  facet normal -0.000000e+00 1.000000e+00 0.000000e+00
    outer loop
      vertex   -1.097297e+01 7.000000e+01 -1.002271e+02
      vertex   -4.256595e+00 7.000000e+01 -9.491237e+01
      vertex   -9.967072e+00 7.000000e+01 -1.012097e+02
    endloop
  endfacet
  facet normal -0.000000e+00 1.000000e+00 0.000000e+00
    outer loop
      vertex   -9.967072e+00 7.000000e+01 -1.012097e+02
      vertex   -4.256595e+00 7.000000e+01 -9.491237e+01
      vertex   -8.873583e+00 7.000000e+01 -1.020938e+02
    endloop
  endfacet
  facet normal 0.000000e+00 1.000000e+00 0.000000e+00
    outer loop
      vertex   -8.873583e+00 7.000000e+01 -1.020938e+02
      vertex   -4.256595e+00 7.000000e+01 -9.491237e+01
      vertex   -3.514165e+00 7.000000e+01 -9.546815e+01
    endloop
  endfacet
  facet normal -0.000000e+00 1.000000e+00 0.000000e+00
    outer loop
      vertex   -8.873583e+00 7.000000e+01 -1.020938e+02
      vertex   -3.514165e+00 7.000000e+01 -9.546815e+01
      vertex   -7.702113e+00 7.000000e+01 -1.028716e+02
    endloop
  endfacet
  facet normal 0.000000e+00 1.000000e+00 0.000000e+00
    outer loop
      vertex   -7.702113e+00 7.000000e+01 -1.028716e+02
      vertex   -3.514165e+00 7.000000e+01 -9.546815e+01
      vertex   -2.700198e+00 7.000000e+01 -9.591261e+01
    endloop
  endfacet
  facet normal -0.000000e+00 1.000000e+00 0.000000e+00
    outer loop
      vertex   -7.702113e+00 7.000000e+01 -1.028716e+02
      vertex   -2.700198e+00 7.000000e+01 -9.591261e+01
      vertex   -6.462956e+00 7.000000e+01 -1.035363e+02
    endloop
  endfacet
  facet normal -0.000000e+00 1.000000e+00 0.000000e+00
    outer loop
      vertex   -6.462956e+00 7.000000e+01 -1.035363e+02
      vertex   -2.700198e+00 7.000000e+01 -9.591261e+01
      vertex   -5.167003e+00 7.000000e+01 -1.040820e+02
    endloop
  endfacet
  facet normal 0.000000e+00 1.000000e+00 0.000000e+00
    outer loop
      vertex   -5.167003e+00 7.000000e+01 -1.040820e+02
      vertex   -2.700198e+00 7.000000e+01 -9.591261e+01
      vertex   -1.831262e+00 7.000000e+01 -9.623670e+01
    endloop
  endfacet
  facet normal -0.000000e+00 1.000000e+00 0.000000e+00
    outer loop
      vertex   -5.167003e+00 7.000000e+01 -1.040820e+02
      vertex   -1.831262e+00 7.000000e+01 -9.623670e+01
      vertex   -3.825642e+00 7.000000e+01 -1.045039e+02
    endloop
  endfacet
  facet normal 0.000000e+00 1.000000e+00 0.000000e+00
    outer loop
      vertex   -3.825642e+00 7.000000e+01 -1.045039e+02
      vertex   -1.831262e+00 7.000000e+01 -9.623670e+01
      vertex   -9.250464e-01 7.000000e+01 -9.643384e+01
    endloop
  endfacet
  facet normal -0.000000e+00 1.000000e+00 0.000000e+00
    outer loop
      vertex   -3.825642e+00 7.000000e+01 -1.045039e+02
      vertex   -9.250464e-01 7.000000e+01 -9.643384e+01
      vertex   -2.450660e+00 7.000000e+01 -1.047985e+02
    endloop
  endfacet
  facet normal -0.000000e+00 1.000000e+00 0.000000e+00
    outer loop
      vertex   -2.450660e+00 7.000000e+01 -1.047985e+02
      vertex   -9.250464e-01 7.000000e+01 -9.643384e+01
      vertex   -1.054143e+00 7.000000e+01 -1.049629e+02
    endloop
  endfacet
  facet normal 0.000000e+00 1.000000e+00 0.000000e+00
    outer loop
      vertex   -1.054143e+00 7.000000e+01 -1.049629e+02
      vertex   -9.250464e-01 7.000000e+01 -9.643384e+01
      vertex   -3.980102e-16 7.000000e+01 -9.650000e+01
    endloop
  endfacet
  facet normal -0.000000e+00 1.000000e+00 0.000000e+00
    outer loop
      vertex   -1.054143e+00 7.000000e+01 -1.049629e+02
      vertex   -3.980102e-16 7.000000e+01 -9.650000e+01
      vertex   3.516386e-01 7.000000e+01 -1.049959e+02
    endloop
  endfacet
  facet normal 0.000000e+00 1.000000e+00 -0.000000e+00
    outer loop
      vertex   3.516386e-01 7.000000e+01 -1.049959e+02
      vertex   -3.980102e-16 7.000000e+01 -9.650000e+01
      vertex   1.754330e+00 7.000000e+01 -1.048971e+02
    endloop
  endfacet
  facet normal 0.000000e+00 1.000000e+00 0.000000e+00
    outer loop
      vertex   1.754330e+00 7.000000e+01 -1.048971e+02
      vertex   -3.980102e-16 7.000000e+01 -9.650000e+01
      vertex   9.250464e-01 7.000000e+01 -9.643384e+01
    endloop
  endfacet
  facet normal 0.000000e+00 1.000000e+00 -0.000000e+00
    outer loop
      vertex   1.754330e+00 7.000000e+01 -1.048971e+02
      vertex   9.250464e-01 7.000000e+01 -9.643384e+01
      vertex   3.141604e+00 7.000000e+01 -1.046673e+02
    endloop
  endfacet
  facet normal 0.000000e+00 1.000000e+00 0.000000e+00
    outer loop
      vertex   3.141604e+00 7.000000e+01 -1.046673e+02
      vertex   9.250464e-01 7.000000e+01 -9.643384e+01
      vertex   1.831262e+00 7.000000e+01 -9.623670e+01
    endloop
  endfacet
  facet normal 0.000000e+00 1.000000e+00 -0.000000e+00
    outer loop
      vertex   3.141604e+00 7.000000e+01 -1.046673e+02
      vertex   1.831262e+00 7.000000e+01 -9.623670e+01
      vertex   4.501270e+00 7.000000e+01 -1.043087e+02
    endloop
  endfacet
  facet normal 0.000000e+00 1.000000e+00 -0.000000e+00
    outer loop
      vertex   4.501270e+00 7.000000e+01 -1.043087e+02
      vertex   1.831262e+00 7.000000e+01 -9.623670e+01
      vertex   5.821378e+00 7.000000e+01 -1.038243e+02
    endloop
  endfacet
  facet normal 0.000000e+00 1.000000e+00 0.000000e+00
    outer loop
      vertex   5.821378e+00 7.000000e+01 -1.038243e+02
      vertex   1.831262e+00 7.000000e+01 -9.623670e+01
      vertex   2.700198e+00 7.000000e+01 -9.591261e+01
    endloop
  endfacet
  facet normal 0.000000e+00 1.000000e+00 -0.000000e+00
    outer loop
      vertex   5.821378e+00 7.000000e+01 -1.038243e+02
      vertex   2.700198e+00 7.000000e+01 -9.591261e+01
      vertex   7.090328e+00 7.000000e+01 -1.032184e+02
    endloop
  endfacet
  facet normal 0.000000e+00 1.000000e+00 0.000000e+00
    outer loop
      vertex   7.090328e+00 7.000000e+01 -1.032184e+02
      vertex   2.700198e+00 7.000000e+01 -9.591261e+01
      vertex   3.514165e+00 7.000000e+01 -9.546815e+01
    endloop
  endfacet
  facet normal 0.000000e+00 1.000000e+00 -0.000000e+00
    outer loop
      vertex   7.090328e+00 7.000000e+01 -1.032184e+02
      vertex   3.514165e+00 7.000000e+01 -9.546815e+01
      vertex   8.296967e+00 7.000000e+01 -1.024964e+02
    endloop
  endfacet
  facet normal 0.000000e+00 1.000000e+00 -0.000000e+00
    outer loop
      vertex   8.296967e+00 7.000000e+01 -1.024964e+02
      vertex   3.514165e+00 7.000000e+01 -9.546815e+01
      vertex   9.430693e+00 7.000000e+01 -1.016646e+02
    endloop
  endfacet
  facet normal 0.000000e+00 1.000000e+00 0.000000e+00
    outer loop
      vertex   9.430693e+00 7.000000e+01 -1.016646e+02
      vertex   3.514165e+00 7.000000e+01 -9.546815e+01
      vertex   4.256595e+00 7.000000e+01 -9.491237e+01
    endloop
  endfacet
  facet normal 0.000000e+00 1.000000e+00 -0.000000e+00
    outer loop
      vertex   9.430693e+00 7.000000e+01 -1.016646e+02
      vertex   4.256595e+00 7.000000e+01 -9.491237e+01
      vertex   1.048154e+01 7.000000e+01 -1.007302e+02
    endloop
  endfacet
  facet normal 0.000000e+00 1.000000e+00 0.000000e+00
    outer loop
      vertex   1.048154e+01 7.000000e+01 -1.007302e+02
      vertex   4.256595e+00 7.000000e+01 -9.491237e+01
      vertex   4.912372e+00 7.000000e+01 -9.425659e+01
    endloop
  endfacet
  facet normal 0.000000e+00 1.000000e+00 -0.000000e+00
    outer loop
      vertex   1.048154e+01 7.000000e+01 -1.007302e+02
      vertex   4.912372e+00 7.000000e+01 -9.425659e+01
      vertex   1.144028e+01 7.000000e+01 -9.970155e+01
    endloop
  endfacet
  facet normal 0.000000e+00 1.000000e+00 -0.000000e+00
    outer loop
      vertex   1.144028e+01 7.000000e+01 -9.970155e+01
      vertex   4.912372e+00 7.000000e+01 -9.425659e+01
      vertex   1.229848e+01 7.000000e+01 -9.858764e+01
    endloop
  endfacet
  facet normal 0.000000e+00 1.000000e+00 0.000000e+00
    outer loop
      vertex   1.229848e+01 7.000000e+01 -9.858764e+01
      vertex   4.912372e+00 7.000000e+01 -9.425659e+01
      vertex   5.468148e+00 7.000000e+01 -9.351417e+01
    endloop
  endfacet
  facet normal 0.000000e+00 1.000000e+00 -0.000000e+00
    outer loop
      vertex   1.229848e+01 7.000000e+01 -9.858764e+01
      vertex   5.468148e+00 7.000000e+01 -9.351417e+01
      vertex   1.304860e+01 7.000000e+01 -9.739825e+01
    endloop
  endfacet
  facet normal 0.000000e+00 1.000000e+00 0.000000e+00
    outer loop
      vertex   1.304860e+01 7.000000e+01 -9.739825e+01
      vertex   5.468148e+00 7.000000e+01 -9.351417e+01
      vertex   5.912608e+00 7.000000e+01 -9.270020e+01
    endloop
  endfacet
  facet normal 0.000000e+00 1.000000e+00 -0.000000e+00
    outer loop
      vertex   1.304860e+01 7.000000e+01 -9.739825e+01
      vertex   5.912608e+00 7.000000e+01 -9.270020e+01
      vertex   1.368404e+01 7.000000e+01 -9.614386e+01
    endloop
  endfacet
  facet normal 0.000000e+00 1.000000e+00 -0.000000e+00
    outer loop
      vertex   1.368404e+01 7.000000e+01 -9.614386e+01
      vertex   5.912608e+00 7.000000e+01 -9.270020e+01
      vertex   1.419924e+01 7.000000e+01 -9.483546e+01
    endloop
  endfacet
  facet normal 0.000000e+00 1.000000e+00 0.000000e+00
    outer loop
      vertex   1.419924e+01 7.000000e+01 -9.483546e+01
      vertex   5.912608e+00 7.000000e+01 -9.270020e+01
      vertex   6.236704e+00 7.000000e+01 -9.183126e+01
    endloop
  endfacet
  facet normal 0.000000e+00 1.000000e+00 -0.000000e+00
    outer loop
      vertex   1.419924e+01 7.000000e+01 -9.483546e+01
      vertex   6.236704e+00 7.000000e+01 -9.183126e+01
      vertex   1.458964e+01 7.000000e+01 -9.348458e+01
    endloop
  endfacet
  facet normal 0.000000e+00 1.000000e+00 0.000000e+00
    outer loop
      vertex   1.458964e+01 7.000000e+01 -9.348458e+01
      vertex   6.236704e+00 7.000000e+01 -9.183126e+01
      vertex   6.433839e+00 7.000000e+01 -9.092505e+01
    endloop
  endfacet
  facet normal -9.998542e-01 8.643428e-17 1.707304e-02
    outer loop
      vertex   -1.149330e+02 -1.000000e+01 3.926228e+00
      vertex   -1.149330e+02 0.000000e+00 3.926228e+00
      vertex   -1.150000e+02 -1.000000e+01 1.408344e-14
    endloop
  endfacet
  facet normal -9.998542e-01 0.000000e+00 1.707304e-02
    outer loop
      vertex   -1.150000e+02 -1.000000e+01 1.408344e-14
      vertex   -1.149330e+02 0.000000e+00 3.926228e+00
      vertex   -1.150000e+02 0.000000e+00 1.408344e-14
    endloop
  endfacet
  facet normal -9.998542e-01 0.000000e+00 -1.707304e-02
    outer loop
      vertex   -1.150000e+02 -1.000000e+01 1.408344e-14
      vertex   -1.150000e+02 0.000000e+00 1.408344e-14
      vertex   -1.149330e+02 -1.000000e+01 -3.926228e+00
    endloop
  endfacet
  facet normal -9.998542e-01 -8.643428e-17 -1.707304e-02
    outer loop
      vertex   -1.149330e+02 -1.000000e+01 -3.926228e+00
      vertex   -1.150000e+02 0.000000e+00 1.408344e-14
      vertex   -1.149330e+02 0.000000e+00 -3.926228e+00
    endloop
  endfacet
  facet normal -9.986885e-01 -2.592021e-16 -5.119922e-02
    outer loop
      vertex   -1.149330e+02 -1.000000e+01 -3.926228e+00
      vertex   -1.149330e+02 0.000000e+00 -3.926228e+00
      vertex   -1.147319e+02 -1.000000e+01 -7.847878e+00
    endloop
  endfacet
  facet normal -9.986885e-01 0.000000e+00 -5.119922e-02
    outer loop
      vertex   -1.147319e+02 -1.000000e+01 -7.847878e+00
      vertex   -1.149330e+02 0.000000e+00 -3.926228e+00
      vertex   -1.147319e+02 0.000000e+00 -7.847878e+00
    endloop
  endfacet
  facet normal -9.963582e-01 0.000000e+00 -8.526571e-02
    outer loop
      vertex   -1.147319e+02 -1.000000e+01 -7.847878e+00
      vertex   -1.147319e+02 0.000000e+00 -7.847878e+00
      vertex   -1.143971e+02 -1.000000e+01 -1.176038e+01
    endloop
  endfacet
  facet normal -9.963582e-01 0.000000e+00 -8.526571e-02
    outer loop
      vertex   -1.143971e+02 -1.000000e+01 -1.176038e+01
      vertex   -1.147319e+02 0.000000e+00 -7.847878e+00
      vertex   -1.143971e+02 0.000000e+00 -1.176038e+01
    endloop
  endfacet
  facet normal -9.928663e-01 0.000000e+00 -1.192328e-01
    outer loop
      vertex   -1.143971e+02 -1.000000e+01 -1.176038e+01
      vertex   -1.143971e+02 0.000000e+00 -1.176038e+01
      vertex   -1.139289e+02 -1.000000e+01 -1.565916e+01
    endloop
  endfacet
  facet normal -9.928663e-01 -6.142199e-16 -1.192328e-01
    outer loop
      vertex   -1.139289e+02 -1.000000e+01 -1.565916e+01
      vertex   -1.143971e+02 0.000000e+00 -1.176038e+01
      vertex   -1.139289e+02 0.000000e+00 -1.565916e+01
    endloop
  endfacet
  facet normal -9.882168e-01 -7.884829e-16 -1.530608e-01
    outer loop
      vertex   -1.139289e+02 -1.000000e+01 -1.565916e+01
      vertex   -1.139289e+02 0.000000e+00 -1.565916e+01
      vertex   -1.133278e+02 -1.000000e+01 -1.953969e+01
    endloop
  endfacet
  facet normal -9.882168e-01 0.000000e+00 -1.530608e-01
    outer loop
      vertex   -1.133278e+02 -1.000000e+01 -1.953969e+01
      vertex   -1.139289e+02 0.000000e+00 -1.565916e+01
      vertex   -1.133278e+02 0.000000e+00 -1.953969e+01
    endloop
  endfacet
  facet normal -9.824150e-01 0.000000e+00 -1.867104e-01
    outer loop
      vertex   -1.133278e+02 -1.000000e+01 -1.953969e+01
      vertex   -1.133278e+02 0.000000e+00 -1.953969e+01
      vertex   -1.125947e+02 -1.000000e+01 -2.339744e+01
    endloop
  endfacet
  facet normal -9.824150e-01 -4.674356e-16 -1.867104e-01
    outer loop
      vertex   -1.125947e+02 -1.000000e+01 -2.339744e+01
      vertex   -1.133278e+02 0.000000e+00 -1.953969e+01
      vertex   -1.125947e+02 0.000000e+00 -2.339744e+01
    endloop
  endfacet
  facet normal -9.754678e-01 -2.912795e-16 -2.201423e-01
    outer loop
      vertex   -1.125947e+02 -1.000000e+01 -2.339744e+01
      vertex   -1.125947e+02 0.000000e+00 -2.339744e+01
      vertex   -1.117302e+02 -1.000000e+01 -2.722791e+01
    endloop
  endfacet
  facet normal -9.754678e-01 0.000000e+00 -2.201423e-01
    outer loop
      vertex   -1.117302e+02 -1.000000e+01 -2.722791e+01
      vertex   -1.125947e+02 0.000000e+00 -2.339744e+01
      vertex   -1.117302e+02 0.000000e+00 -2.722791e+01
    endloop
  endfacet
  facet normal -9.673832e-01 0.000000e+00 -2.533175e-01
    outer loop
      vertex   -1.117302e+02 -1.000000e+01 -2.722791e+01
      vertex   -1.117302e+02 0.000000e+00 -2.722791e+01
      vertex   -1.107355e+02 -1.000000e+01 -3.102663e+01
    endloop
  endfacet
  facet normal -9.673832e-01 0.000000e+00 -2.533175e-01
    outer loop
      vertex   -1.107355e+02 -1.000000e+01 -3.102663e+01
      vertex   -1.117302e+02 0.000000e+00 -2.722791e+01
      vertex   -1.107355e+02 0.000000e+00 -3.102663e+01
    endloop
  endfacet
  facet normal -9.581707e-01 0.000000e+00 -2.861974e-01
    outer loop
      vertex   -1.107355e+02 -1.000000e+01 -3.102663e+01
      vertex   -1.107355e+02 0.000000e+00 -3.102663e+01
      vertex   -1.096116e+02 -1.000000e+01 -3.478917e+01
    endloop
  endfacet
  facet normal -9.581707e-01 -6.184582e-17 -2.861974e-01
    outer loop
      vertex   -1.096116e+02 -1.000000e+01 -3.478917e+01
      vertex   -1.107355e+02 0.000000e+00 -3.102663e+01
      vertex   -1.096116e+02 0.000000e+00 -3.478917e+01
    endloop
  endfacet
  facet normal -9.478410e-01 -2.384033e-16 -3.187435e-01
    outer loop
      vertex   -1.096116e+02 -1.000000e+01 -3.478917e+01
      vertex   -1.096116e+02 0.000000e+00 -3.478917e+01
      vertex   -1.083600e+02 -1.000000e+01 -3.851116e+01
    endloop
  endfacet
  facet normal -9.478410e-01 0.000000e+00 -3.187435e-01
    outer loop
      vertex   -1.083600e+02 -1.000000e+01 -3.851116e+01
      vertex   -1.096116e+02 0.000000e+00 -3.478917e+01
      vertex   -1.083600e+02 0.000000e+00 -3.851116e+01
    endloop
  endfacet
  facet normal -9.364062e-01 0.000000e+00 -3.509181e-01
    outer loop
      vertex   -1.083600e+02 -1.000000e+01 -3.851116e+01
      vertex   -1.083600e+02 0.000000e+00 -3.851116e+01
      vertex   -1.069820e+02 -1.000000e+01 -4.218824e+01
    endloop
  endfacet
  facet normal -9.364062e-01 4.146828e-16 -3.509181e-01
    outer loop
      vertex   -1.069820e+02 -1.000000e+01 -4.218824e+01
      vertex   -1.083600e+02 0.000000e+00 -3.851116e+01
      vertex   -1.069820e+02 0.000000e+00 -4.218824e+01
    endloop
  endfacet
  facet normal -9.238795e-01 5.904787e-16 -3.826834e-01
    outer loop
      vertex   -1.069820e+02 -1.000000e+01 -4.218824e+01
      vertex   -1.069820e+02 0.000000e+00 -4.218824e+01
      vertex   -1.054793e+02 -1.000000e+01 -4.581613e+01
    endloop
  endfacet
  facet normal -9.238795e-01 9.943460e-16 -3.826834e-01
    outer loop
      vertex   -1.054793e+02 -1.000000e+01 -4.581613e+01
      vertex   -1.069820e+02 0.000000e+00 -4.218824e+01
      vertex   -1.054793e+02 0.000000e+00 -4.581613e+01
    endloop
  endfacet
  facet normal -9.102757e-01 8.221598e-16 -4.140026e-01
    outer loop
      vertex   -1.054793e+02 -1.000000e+01 -4.581613e+01
      vertex   -1.054793e+02 0.000000e+00 -4.581613e+01
      vertex   -1.038536e+02 -1.000000e+01 -4.939060e+01
    endloop
  endfacet
  facet normal -9.102757e-01 0.000000e+00 -4.140026e-01
    outer loop
      vertex   -1.038536e+02 -1.000000e+01 -4.939060e+01
      vertex   -1.054793e+02 0.000000e+00 -4.581613e+01
      vertex   -1.038536e+02 0.000000e+00 -4.939060e+01
    endloop
  endfacet
  facet normal -8.956105e-01 0.000000e+00 -4.448391e-01
    outer loop
      vertex   -1.038536e+02 -1.000000e+01 -4.939060e+01
      vertex   -1.038536e+02 0.000000e+00 -4.939060e+01
      vertex   -1.021068e+02 -1.000000e+01 -5.290748e+01
    endloop
  endfacet
  facet normal -8.956105e-01 1.921754e-15 -4.448391e-01
    outer loop
      vertex   -1.021068e+02 -1.000000e+01 -5.290748e+01
      vertex   -1.038536e+02 0.000000e+00 -4.939060e+01
      vertex   -1.021068e+02 0.000000e+00 -5.290748e+01
    endloop
  endfacet
  facet normal -8.799011e-01 1.725528e-15 -4.751569e-01
    outer loop
      vertex   -1.021068e+02 -1.000000e+01 -5.290748e+01
      vertex   -1.021068e+02 0.000000e+00 -5.290748e+01
      vertex   -1.002410e+02 -1.000000e+01 -5.636267e+01
    endloop
  endfacet
  facet normal -8.799011e-01 0.000000e+00 -4.751569e-01
    outer loop
      vertex   -1.002410e+02 -1.000000e+01 -5.636267e+01
      vertex   -1.021068e+02 0.000000e+00 -5.290748e+01
      vertex   -1.002410e+02 0.000000e+00 -5.636267e+01
    endloop
  endfacet
  facet normal -8.631657e-01 0.000000e+00 -5.049207e-01
    outer loop
      vertex   -1.002410e+02 -1.000000e+01 -5.636267e+01
      vertex   -1.002410e+02 0.000000e+00 -5.636267e+01
      vertex   -9.825823e+01 -1.000000e+01 -5.975215e+01
    endloop
  endfacet
  facet normal -8.631657e-01 0.000000e+00 -5.049207e-01
    outer loop
      vertex   -9.825823e+01 -1.000000e+01 -5.975215e+01
      vertex   -1.002410e+02 0.000000e+00 -5.636267e+01
      vertex   -9.825823e+01 0.000000e+00 -5.975215e+01
    endloop
  endfacet
  facet normal -8.454240e-01 0.000000e+00 -5.340958e-01
    outer loop
      vertex   -9.825823e+01 -1.000000e+01 -5.975215e+01
      vertex   -9.825823e+01 0.000000e+00 -5.975215e+01
      vertex   -9.616094e+01 -1.000000e+01 -6.307197e+01
    endloop
  endfacet
  facet normal -8.454240e-01 5.053502e-16 -5.340958e-01
    outer loop
      vertex   -9.616094e+01 -1.000000e+01 -6.307197e+01
      vertex   -9.825823e+01 0.000000e+00 -5.975215e+01
      vertex   -9.616094e+01 0.000000e+00 -6.307197e+01
    endloop
  endfacet
  facet normal -8.266965e-01 3.506852e-16 -5.626481e-01
    outer loop
      vertex   -9.616094e+01 -1.000000e+01 -6.307197e+01
      vertex   -9.616094e+01 0.000000e+00 -6.307197e+01
      vertex   -9.395154e+01 -1.000000e+01 -6.631824e+01
    endloop
  endfacet
  facet normal -8.266965e-01 0.000000e+00 -5.626481e-01
    outer loop
      vertex   -9.395154e+01 -1.000000e+01 -6.631824e+01
      vertex   -9.616094e+01 0.000000e+00 -6.307197e+01
      vertex   -9.395154e+01 0.000000e+00 -6.631824e+01
    endloop
  endfacet
  facet normal -8.070051e-01 0.000000e+00 -5.905444e-01
    outer loop
      vertex   -9.395154e+01 -1.000000e+01 -6.631824e+01
      vertex   -9.395154e+01 0.000000e+00 -6.631824e+01
      vertex   -9.163259e+01 -1.000000e+01 -6.948718e+01
    endloop
  endfacet
  facet normal -8.070051e-01 -1.063210e-15 -5.905444e-01
    outer loop
      vertex   -9.163259e+01 -1.000000e+01 -6.948718e+01
      vertex   -9.395154e+01 0.000000e+00 -6.631824e+01
      vertex   -9.163259e+01 0.000000e+00 -6.948718e+01
    endloop
  endfacet
  facet normal -7.863728e-01 -1.276509e-15 -6.177522e-01
    outer loop
      vertex   -9.163259e+01 -1.000000e+01 -6.948718e+01
      vertex   -9.163259e+01 0.000000e+00 -6.948718e+01
      vertex   -8.920680e+01 -1.000000e+01 -7.257511e+01
    endloop
  endfacet
  facet normal -7.863728e-01 0.000000e+00 -6.177522e-01
    outer loop
      vertex   -8.920680e+01 -1.000000e+01 -7.257511e+01
      vertex   -9.163259e+01 0.000000e+00 -6.948718e+01
      vertex   -8.920680e+01 0.000000e+00 -7.257511e+01
    endloop
  endfacet
  facet normal -7.648236e-01 0.000000e+00 -6.442397e-01
    outer loop
      vertex   -8.920680e+01 -1.000000e+01 -7.257511e+01
      vertex   -8.920680e+01 0.000000e+00 -7.257511e+01
      vertex   -8.667700e+01 -1.000000e+01 -7.557842e+01
    endloop
  endfacet
  facet normal -7.648236e-01 0.000000e+00 -6.442397e-01
    outer loop
      vertex   -8.667700e+01 -1.000000e+01 -7.557842e+01
      vertex   -8.920680e+01 0.000000e+00 -7.257511e+01
      vertex   -8.667700e+01 0.000000e+00 -7.557842e+01
    endloop
  endfacet
  facet normal -7.423827e-01 0.000000e+00 -6.699761e-01
    outer loop
      vertex   -8.667700e+01 -1.000000e+01 -7.557842e+01
      vertex   -8.667700e+01 0.000000e+00 -7.557842e+01
      vertex   -8.404614e+01 -1.000000e+01 -7.849361e+01
    endloop
  endfacet
  facet normal -7.423827e-01 3.086881e-16 -6.699761e-01
    outer loop
      vertex   -8.404614e+01 -1.000000e+01 -7.849361e+01
      vertex   -8.667700e+01 0.000000e+00 -7.557842e+01
      vertex   -8.404614e+01 0.000000e+00 -7.849361e+01
    endloop
  endfacet
  facet normal -7.190762e-01 1.029360e-16 -6.949313e-01
    outer loop
      vertex   -8.404614e+01 -1.000000e+01 -7.849361e+01
      vertex   -8.404614e+01 0.000000e+00 -7.849361e+01
      vertex   -8.131728e+01 -1.000000e+01 -8.131728e+01
    endloop
  endfacet
  facet normal -7.190762e-01 0.000000e+00 -6.949313e-01
    outer loop
      vertex   -8.131728e+01 -1.000000e+01 -8.131728e+01
      vertex   -8.404614e+01 0.000000e+00 -7.849361e+01
      vertex   -8.131728e+01 0.000000e+00 -8.131728e+01
    endloop
  endfacet
  facet normal -6.949313e-01 0.000000e+00 -7.190762e-01
    outer loop
      vertex   -8.131728e+01 -1.000000e+01 -8.131728e+01
      vertex   -8.131728e+01 0.000000e+00 -8.131728e+01
      vertex   -7.849361e+01 -1.000000e+01 -8.404614e+01
    endloop
  endfacet
  facet normal -6.949313e-01 -1.090493e-15 -7.190762e-01
    outer loop
      vertex   -7.849361e+01 -1.000000e+01 -8.404614e+01
      vertex   -8.131728e+01 0.000000e+00 -8.131728e+01
      vertex   -7.849361e+01 0.000000e+00 -8.404614e+01
    endloop
  endfacet
  facet normal -6.699761e-01 -1.260781e-15 -7.423827e-01
    outer loop
      vertex   -7.849361e+01 -1.000000e+01 -8.404614e+01
      vertex   -7.849361e+01 0.000000e+00 -8.404614e+01
      vertex   -7.557842e+01 -1.000000e+01 -8.667700e+01
    endloop
  endfacet
  facet normal -6.699761e-01 0.000000e+00 -7.423827e-01
    outer loop
      vertex   -7.557842e+01 -1.000000e+01 -8.667700e+01
      vertex   -7.849361e+01 0.000000e+00 -8.404614e+01
      vertex   -7.557842e+01 0.000000e+00 -8.667700e+01
    endloop
  endfacet
  facet normal -6.442397e-01 0.000000e+00 -7.648236e-01
    outer loop
      vertex   -7.557842e+01 -1.000000e+01 -8.667700e+01
      vertex   -7.557842e+01 0.000000e+00 -8.667700e+01
      vertex   -7.257511e+01 -1.000000e+01 -8.920680e+01
    endloop
  endfacet
  facet normal -6.442397e-01 0.000000e+00 -7.648236e-01
    outer loop
      vertex   -7.257511e+01 -1.000000e+01 -8.920680e+01
      vertex   -7.557842e+01 0.000000e+00 -8.667700e+01
      vertex   -7.257511e+01 0.000000e+00 -8.920680e+01
    endloop
  endfacet
  facet normal -6.177522e-01 0.000000e+00 -7.863728e-01
    outer loop
      vertex   -7.257511e+01 -1.000000e+01 -8.920680e+01
      vertex   -7.257511e+01 0.000000e+00 -8.920680e+01
      vertex   -6.948718e+01 -1.000000e+01 -9.163259e+01
    endloop
  endfacet
  facet normal -6.177522e-01 -4.792486e-16 -7.863728e-01
    outer loop
      vertex   -6.948718e+01 -1.000000e+01 -9.163259e+01
      vertex   -7.257511e+01 0.000000e+00 -8.920680e+01
      vertex   -6.948718e+01 0.000000e+00 -9.163259e+01
    endloop
  endfacet
  facet normal -5.905444e-01 -6.152183e-16 -8.070051e-01
    outer loop
      vertex   -6.948718e+01 -1.000000e+01 -9.163259e+01
      vertex   -6.948718e+01 0.000000e+00 -9.163259e+01
      vertex   -6.631824e+01 -1.000000e+01 -9.395154e+01
    endloop
  endfacet
  facet normal -5.905444e-01 0.000000e+00 -8.070051e-01
    outer loop
      vertex   -6.631824e+01 -1.000000e+01 -9.395154e+01
      vertex   -6.948718e+01 0.000000e+00 -9.163259e+01
      vertex   -6.631824e+01 0.000000e+00 -9.395154e+01
    endloop
  endfacet
  facet normal -5.626481e-01 0.000000e+00 -8.266965e-01
    outer loop
      vertex   -6.631824e+01 -1.000000e+01 -9.395154e+01
      vertex   -6.631824e+01 0.000000e+00 -9.395154e+01
      vertex   -6.307197e+01 -1.000000e+01 -9.616094e+01
    endloop
  endfacet
  facet normal -5.626481e-01 -4.488859e-16 -8.266965e-01
    outer loop
      vertex   -6.307197e+01 -1.000000e+01 -9.616094e+01
      vertex   -6.631824e+01 0.000000e+00 -9.395154e+01
      vertex   -6.307197e+01 0.000000e+00 -9.616094e+01
    endloop
  endfacet
  facet normal -5.340958e-01 -2.536455e-16 -8.454240e-01
    outer loop
      vertex   -6.307197e+01 -1.000000e+01 -9.616094e+01
      vertex   -6.307197e+01 0.000000e+00 -9.616094e+01
      vertex   -5.975215e+01 -1.000000e+01 -9.825823e+01
    endloop
  endfacet
  facet normal -5.340958e-01 0.000000e+00 -8.454240e-01
    outer loop
      vertex   -5.975215e+01 -1.000000e+01 -9.825823e+01
      vertex   -6.307197e+01 0.000000e+00 -9.616094e+01
      vertex   -5.975215e+01 0.000000e+00 -9.825823e+01
    endloop
  endfacet
  facet normal -5.049207e-01 0.000000e+00 -8.631657e-01
    outer loop
      vertex   -5.975215e+01 -1.000000e+01 -9.825823e+01
      vertex   -5.975215e+01 0.000000e+00 -9.825823e+01
      vertex   -5.636267e+01 -1.000000e+01 -1.002410e+02
    endloop
  endfacet
  facet normal -5.049207e-01 0.000000e+00 -8.631657e-01
    outer loop
      vertex   -5.636267e+01 -1.000000e+01 -1.002410e+02
      vertex   -5.975215e+01 0.000000e+00 -9.825823e+01
      vertex   -5.636267e+01 0.000000e+00 -1.002410e+02
    endloop
  endfacet
  facet normal -4.751569e-01 0.000000e+00 -8.799011e-01
    outer loop
      vertex   -5.636267e+01 -1.000000e+01 -1.002410e+02
      vertex   -5.636267e+01 0.000000e+00 -1.002410e+02
      vertex   -5.290748e+01 -1.000000e+01 -1.021068e+02
    endloop
  endfacet
  facet normal -4.751569e-01 1.450540e-15 -8.799011e-01
    outer loop
      vertex   -5.290748e+01 -1.000000e+01 -1.021068e+02
      vertex   -5.636267e+01 0.000000e+00 -1.002410e+02
      vertex   -5.290748e+01 0.000000e+00 -1.021068e+02
    endloop
  endfacet
  facet normal -4.448391e-01 1.255878e-15 -8.956105e-01
    outer loop
      vertex   -5.290748e+01 -1.000000e+01 -1.021068e+02
      vertex   -5.290748e+01 0.000000e+00 -1.021068e+02
      vertex   -4.939060e+01 -1.000000e+01 -1.038536e+02
    endloop
  endfacet
  facet normal -4.448391e-01 0.000000e+00 -8.956105e-01
    outer loop
      vertex   -4.939060e+01 -1.000000e+01 -1.038536e+02
      vertex   -5.290748e+01 0.000000e+00 -1.021068e+02
      vertex   -4.939060e+01 0.000000e+00 -1.038536e+02
    endloop
  endfacet
  facet normal -4.140026e-01 0.000000e+00 -9.102757e-01
    outer loop
      vertex   -4.939060e+01 -1.000000e+01 -1.038536e+02
      vertex   -4.939060e+01 0.000000e+00 -1.038536e+02
      vertex   -4.581613e+01 -1.000000e+01 -1.054793e+02
    endloop
  endfacet
  facet normal -4.140026e-01 1.998826e-15 -9.102757e-01
    outer loop
      vertex   -4.581613e+01 -1.000000e+01 -1.054793e+02
      vertex   -4.939060e+01 0.000000e+00 -1.038536e+02
      vertex   -4.581613e+01 0.000000e+00 -1.054793e+02
    endloop
  endfacet
  facet normal -3.826834e-01 2.081998e-15 -9.238795e-01
    outer loop
      vertex   -4.581613e+01 -1.000000e+01 -1.054793e+02
      vertex   -4.581613e+01 0.000000e+00 -1.054793e+02
      vertex   -4.218824e+01 -1.000000e+01 -1.069820e+02
    endloop
  endfacet
  facet normal -3.826834e-01 -2.252600e-16 -9.238795e-01
    outer loop
      vertex   -4.218824e+01 -1.000000e+01 -1.069820e+02
      vertex   -4.581613e+01 0.000000e+00 -1.054793e+02
      vertex   -4.218824e+01 0.000000e+00 -1.069820e+02
    endloop
  endfacet
  facet normal -3.509181e-01 -3.333441e-16 -9.364062e-01
    outer loop
      vertex   -4.218824e+01 -1.000000e+01 -1.069820e+02
      vertex   -4.218824e+01 0.000000e+00 -1.069820e+02
      vertex   -3.851116e+01 -1.000000e+01 -1.083600e+02
    endloop
  endfacet
  facet normal -3.509181e-01 0.000000e+00 -9.364062e-01
    outer loop
      vertex   -3.851116e+01 -1.000000e+01 -1.083600e+02
      vertex   -4.218824e+01 0.000000e+00 -1.069820e+02
      vertex   -3.851116e+01 0.000000e+00 -1.083600e+02
    endloop
  endfacet
  facet normal -3.187435e-01 0.000000e+00 -9.478410e-01
    outer loop
      vertex   -3.851116e+01 -1.000000e+01 -1.083600e+02
      vertex   -3.851116e+01 0.000000e+00 -1.083600e+02
      vertex   -3.478917e+01 -1.000000e+01 -1.096116e+02
    endloop
  endfacet
  facet normal -3.187435e-01 2.384033e-16 -9.478410e-01
    outer loop
      vertex   -3.478917e+01 -1.000000e+01 -1.096116e+02
      vertex   -3.851116e+01 0.000000e+00 -1.083600e+02
      vertex   -3.478917e+01 0.000000e+00 -1.096116e+02
    endloop
  endfacet
  facet normal -2.861974e-01 6.184582e-17 -9.581707e-01
    outer loop
      vertex   -3.478917e+01 -1.000000e+01 -1.096116e+02
      vertex   -3.478917e+01 0.000000e+00 -1.096116e+02
      vertex   -3.102663e+01 -1.000000e+01 -1.107355e+02
    endloop
  endfacet
  facet normal -2.861974e-01 -1.909863e-15 -9.581707e-01
    outer loop
      vertex   -3.102663e+01 -1.000000e+01 -1.107355e+02
      vertex   -3.478917e+01 0.000000e+00 -1.096116e+02
      vertex   -3.102663e+01 0.000000e+00 -1.107355e+02
    endloop
  endfacet
  facet normal -2.533175e-01 -2.029497e-15 -9.673832e-01
    outer loop
      vertex   -3.102663e+01 -1.000000e+01 -1.107355e+02
      vertex   -3.102663e+01 0.000000e+00 -1.107355e+02
      vertex   -2.722791e+01 -1.000000e+01 -1.117302e+02
    endloop
  endfacet
  facet normal -2.533175e-01 -5.399788e-16 -9.673832e-01
    outer loop
      vertex   -2.722791e+01 -1.000000e+01 -1.117302e+02
      vertex   -3.102663e+01 0.000000e+00 -1.107355e+02
      vertex   -2.722791e+01 0.000000e+00 -1.117302e+02
    endloop
  endfacet
  facet normal -2.201423e-01 -4.692615e-16 -9.754678e-01
    outer loop
      vertex   -2.722791e+01 -1.000000e+01 -1.117302e+02
      vertex   -2.722791e+01 0.000000e+00 -1.117302e+02
      vertex   -2.339744e+01 -1.000000e+01 -1.125947e+02
    endloop
  endfacet
  facet normal -2.201423e-01 1.173154e-15 -9.754678e-01
    outer loop
      vertex   -2.339744e+01 -1.000000e+01 -1.125947e+02
      vertex   -2.722791e+01 0.000000e+00 -1.117302e+02
      vertex   -2.339744e+01 0.000000e+00 -1.125947e+02
    endloop
  endfacet
  facet normal -1.867104e-01 9.949930e-16 -9.824150e-01
    outer loop
      vertex   -2.339744e+01 -1.000000e+01 -1.125947e+02
      vertex   -2.339744e+01 0.000000e+00 -1.125947e+02
      vertex   -1.953969e+01 -1.000000e+01 -1.133278e+02
    endloop
  endfacet
  facet normal -1.867104e-01 0.000000e+00 -9.824150e-01
    outer loop
      vertex   -1.953969e+01 -1.000000e+01 -1.133278e+02
      vertex   -2.339744e+01 0.000000e+00 -1.125947e+02
      vertex   -1.953969e+01 0.000000e+00 -1.133278e+02
    endloop
  endfacet
  facet normal -1.530608e-01 0.000000e+00 -9.882168e-01
    outer loop
      vertex   -1.953969e+01 -1.000000e+01 -1.133278e+02
      vertex   -1.953969e+01 0.000000e+00 -1.133278e+02
      vertex   -1.565916e+01 -1.000000e+01 -1.139289e+02
    endloop
  endfacet
  facet normal -1.530608e-01 -2.074576e-15 -9.882168e-01
    outer loop
      vertex   -1.565916e+01 -1.000000e+01 -1.139289e+02
      vertex   -1.953969e+01 0.000000e+00 -1.133278e+02
      vertex   -1.565916e+01 0.000000e+00 -1.139289e+02
    endloop
  endfacet
  facet normal -1.192328e-01 -2.250036e-15 -9.928663e-01
    outer loop
      vertex   -1.565916e+01 -1.000000e+01 -1.139289e+02
      vertex   -1.565916e+01 0.000000e+00 -1.139289e+02
      vertex   -1.176038e+01 -1.000000e+01 -1.143971e+02
    endloop
  endfacet
  facet normal -1.192328e-01 2.965199e-16 -9.928663e-01
    outer loop
      vertex   -1.176038e+01 -1.000000e+01 -1.143971e+02
      vertex   -1.565916e+01 0.000000e+00 -1.139289e+02
      vertex   -1.176038e+01 0.000000e+00 -1.143971e+02
    endloop
  endfacet
  facet normal -8.526571e-02 2.120473e-16 -9.963582e-01
    outer loop
      vertex   -1.176038e+01 -1.000000e+01 -1.143971e+02
      vertex   -1.176038e+01 0.000000e+00 -1.143971e+02
      vertex   -7.847878e+00 -1.000000e+01 -1.147319e+02
    endloop
  endfacet
  facet normal -8.526571e-02 -2.196204e-16 -9.963582e-01
    outer loop
      vertex   -7.847878e+00 -1.000000e+01 -1.147319e+02
      vertex   -1.176038e+01 0.000000e+00 -1.143971e+02
      vertex   -7.847878e+00 0.000000e+00 -1.147319e+02
    endloop
  endfacet
  facet normal -5.119922e-02 -1.318747e-16 -9.986885e-01
    outer loop
      vertex   -7.847878e+00 -1.000000e+01 -1.147319e+02
      vertex   -7.847878e+00 0.000000e+00 -1.147319e+02
      vertex   -3.926228e+00 -1.000000e+01 -1.149330e+02
    endloop
  endfacet
  facet normal -5.119922e-02 2.614758e-16 -9.986885e-01
    outer loop
      vertex   -3.926228e+00 -1.000000e+01 -1.149330e+02
      vertex   -7.847878e+00 0.000000e+00 -1.147319e+02
      vertex   -3.926228e+00 0.000000e+00 -1.149330e+02
    endloop
  endfacet
  facet normal -1.707304e-02 8.719248e-17 -9.998542e-01
    outer loop
      vertex   -3.926228e+00 -1.000000e+01 -1.149330e+02
      vertex   -3.926228e+00 0.000000e+00 -1.149330e+02
      vertex   7.041719e-15 -1.000000e+01 -1.150000e+02
    endloop
  endfacet
  facet normal -1.707304e-02 0.000000e+00 -9.998542e-01
    outer loop
      vertex   7.041719e-15 -1.000000e+01 -1.150000e+02
      vertex   -3.926228e+00 0.000000e+00 -1.149330e+02
      vertex   7.041719e-15 0.000000e+00 -1.150000e+02
    endloop
  endfacet
  facet normal 1.707304e-02 0.000000e+00 -9.998542e-01
    outer loop
      vertex   7.041719e-15 -1.000000e+01 -1.150000e+02
      vertex   7.041719e-15 0.000000e+00 -1.150000e+02
      vertex   3.926228e+00 -1.000000e+01 -1.149330e+02
    endloop
  endfacet
  facet normal 1.707304e-02 4.397534e-17 -9.998542e-01
    outer loop
      vertex   3.926228e+00 -1.000000e+01 -1.149330e+02
      vertex   7.041719e-15 0.000000e+00 -1.150000e+02
      vertex   3.926228e+00 0.000000e+00 -1.149330e+02
    endloop
  endfacet
  facet normal 5.119922e-02 1.318747e-16 -9.986885e-01
    outer loop
      vertex   3.926228e+00 -1.000000e+01 -1.149330e+02
      vertex   3.926228e+00 0.000000e+00 -1.149330e+02
      vertex   7.847878e+00 -1.000000e+01 -1.147319e+02
    endloop
  endfacet
  facet normal 5.119922e-02 -1.318747e-16 -9.986885e-01
    outer loop
      vertex   7.847878e+00 -1.000000e+01 -1.147319e+02
      vertex   3.926228e+00 0.000000e+00 -1.149330e+02
      vertex   7.847878e+00 0.000000e+00 -1.147319e+02
    endloop
  endfacet
  facet normal 8.526571e-02 -2.196204e-16 -9.963582e-01
    outer loop
      vertex   7.847878e+00 -1.000000e+01 -1.147319e+02
      vertex   7.847878e+00 0.000000e+00 -1.147319e+02
      vertex   1.176038e+01 -1.000000e+01 -1.143971e+02
    endloop
  endfacet
  facet normal 8.526571e-02 2.120473e-16 -9.963582e-01
    outer loop
      vertex   1.176038e+01 -1.000000e+01 -1.143971e+02
      vertex   7.847878e+00 0.000000e+00 -1.147319e+02
      vertex   1.176038e+01 0.000000e+00 -1.143971e+02
    endloop
  endfacet
  facet normal 1.192328e-01 2.965199e-16 -9.928663e-01
    outer loop
      vertex   1.176038e+01 -1.000000e+01 -1.143971e+02
      vertex   1.176038e+01 0.000000e+00 -1.143971e+02
      vertex   1.565916e+01 -1.000000e+01 -1.139289e+02
    endloop
  endfacet
  facet normal 1.192328e-01 -6.142199e-16 -9.928663e-01
    outer loop
      vertex   1.565916e+01 -1.000000e+01 -1.139289e+02
      vertex   1.176038e+01 0.000000e+00 -1.143971e+02
      vertex   1.565916e+01 0.000000e+00 -1.139289e+02
    endloop
  endfacet
  facet normal 1.530608e-01 -7.884829e-16 -9.882168e-01
    outer loop
      vertex   1.565916e+01 -1.000000e+01 -1.139289e+02
      vertex   1.565916e+01 0.000000e+00 -1.139289e+02
      vertex   1.953969e+01 -1.000000e+01 -1.133278e+02
    endloop
  endfacet
  facet normal 1.530608e-01 0.000000e+00 -9.882168e-01
    outer loop
      vertex   1.953969e+01 -1.000000e+01 -1.133278e+02
      vertex   1.565916e+01 0.000000e+00 -1.139289e+02
      vertex   1.953969e+01 0.000000e+00 -1.133278e+02
    endloop
  endfacet
  facet normal 1.867104e-01 0.000000e+00 -9.824150e-01
    outer loop
      vertex   1.953969e+01 -1.000000e+01 -1.133278e+02
      vertex   1.953969e+01 0.000000e+00 -1.133278e+02
      vertex   2.339744e+01 -1.000000e+01 -1.125947e+02
    endloop
  endfacet
  facet normal 1.867104e-01 4.643300e-16 -9.824150e-01
    outer loop
      vertex   2.339744e+01 -1.000000e+01 -1.125947e+02
      vertex   1.953969e+01 0.000000e+00 -1.133278e+02
      vertex   2.339744e+01 0.000000e+00 -1.125947e+02
    endloop
  endfacet
  facet normal 2.201423e-01 5.474718e-16 -9.754678e-01
    outer loop
      vertex   2.339744e+01 -1.000000e+01 -1.125947e+02
      vertex   2.339744e+01 0.000000e+00 -1.125947e+02
      vertex   2.722791e+01 -1.000000e+01 -1.117302e+02
    endloop
  endfacet
  facet normal 2.201423e-01 -6.256821e-16 -9.754678e-01
    outer loop
      vertex   2.722791e+01 -1.000000e+01 -1.117302e+02
      vertex   2.339744e+01 0.000000e+00 -1.125947e+02
      vertex   2.722791e+01 0.000000e+00 -1.117302e+02
    endloop
  endfacet
  facet normal 2.533175e-01 -7.199717e-16 -9.673832e-01
    outer loop
      vertex   2.722791e+01 -1.000000e+01 -1.117302e+02
      vertex   2.722791e+01 0.000000e+00 -1.117302e+02
      vertex   3.102663e+01 -1.000000e+01 -1.107355e+02
    endloop
  endfacet
  facet normal 2.533175e-01 0.000000e+00 -9.673832e-01
    outer loop
      vertex   3.102663e+01 -1.000000e+01 -1.107355e+02
      vertex   2.722791e+01 0.000000e+00 -1.117302e+02
      vertex   3.102663e+01 0.000000e+00 -1.107355e+02
    endloop
  endfacet
  facet normal 2.861974e-01 0.000000e+00 -9.581707e-01
    outer loop
      vertex   3.102663e+01 -1.000000e+01 -1.107355e+02
      vertex   3.102663e+01 0.000000e+00 -1.107355e+02
      vertex   3.478917e+01 -1.000000e+01 -1.096116e+02
    endloop
  endfacet
  facet normal 2.861974e-01 -2.652013e-16 -9.581707e-01
    outer loop
      vertex   3.478917e+01 -1.000000e+01 -1.096116e+02
      vertex   3.102663e+01 0.000000e+00 -1.107355e+02
      vertex   3.478917e+01 0.000000e+00 -1.096116e+02
    endloop
  endfacet
  facet normal 3.187435e-01 -4.648842e-16 -9.478410e-01
    outer loop
      vertex   3.478917e+01 -1.000000e+01 -1.096116e+02
      vertex   3.478917e+01 0.000000e+00 -1.096116e+02
      vertex   3.851116e+01 -1.000000e+01 -1.083600e+02
    endloop
  endfacet
  facet normal 3.187435e-01 0.000000e+00 -9.478410e-01
    outer loop
      vertex   3.851116e+01 -1.000000e+01 -1.083600e+02
      vertex   3.478917e+01 0.000000e+00 -1.096116e+02
      vertex   3.851116e+01 0.000000e+00 -1.083600e+02
    endloop
  endfacet
  facet normal 3.509181e-01 0.000000e+00 -9.364062e-01
    outer loop
      vertex   3.851116e+01 -1.000000e+01 -1.083600e+02
      vertex   3.851116e+01 0.000000e+00 -1.083600e+02
      vertex   4.218824e+01 -1.000000e+01 -1.069820e+02
    endloop
  endfacet
  facet normal 3.509181e-01 -5.826864e-16 -9.364062e-01
    outer loop
      vertex   4.218824e+01 -1.000000e+01 -1.069820e+02
      vertex   3.851116e+01 0.000000e+00 -1.083600e+02
      vertex   4.218824e+01 0.000000e+00 -1.069820e+02
    endloop
  endfacet
  facet normal 3.826834e-01 -4.971730e-16 -9.238795e-01
    outer loop
      vertex   4.218824e+01 -1.000000e+01 -1.069820e+02
      vertex   4.218824e+01 0.000000e+00 -1.069820e+02
      vertex   4.581613e+01 -1.000000e+01 -1.054793e+02
    endloop
  endfacet
  facet normal 3.826834e-01 -8.157388e-16 -9.238795e-01
    outer loop
      vertex   4.581613e+01 -1.000000e+01 -1.054793e+02
      vertex   4.218824e+01 0.000000e+00 -1.069820e+02
      vertex   4.581613e+01 0.000000e+00 -1.054793e+02
    endloop
  endfacet
  facet normal 4.140026e-01 -8.824996e-16 -9.102757e-01
    outer loop
      vertex   4.581613e+01 -1.000000e+01 -1.054793e+02
      vertex   4.581613e+01 0.000000e+00 -1.054793e+02
      vertex   4.939060e+01 -1.000000e+01 -1.038536e+02
    endloop
  endfacet
  facet normal 4.140026e-01 0.000000e+00 -9.102757e-01
    outer loop
      vertex   4.939060e+01 -1.000000e+01 -1.038536e+02
      vertex   4.581613e+01 0.000000e+00 -1.054793e+02
      vertex   4.939060e+01 0.000000e+00 -1.038536e+02
    endloop
  endfacet
  facet normal 4.448391e-01 0.000000e+00 -8.956105e-01
    outer loop
      vertex   4.939060e+01 -1.000000e+01 -1.038536e+02
      vertex   4.939060e+01 0.000000e+00 -1.038536e+02
      vertex   5.290748e+01 -1.000000e+01 -1.021068e+02
    endloop
  endfacet
  facet normal 4.448391e-01 1.921754e-15 -8.956105e-01
    outer loop
      vertex   5.290748e+01 -1.000000e+01 -1.021068e+02
      vertex   4.939060e+01 0.000000e+00 -1.038536e+02
      vertex   5.290748e+01 0.000000e+00 -1.021068e+02
    endloop
  endfacet
  facet normal 4.751569e-01 1.725528e-15 -8.799011e-01
    outer loop
      vertex   5.290748e+01 -1.000000e+01 -1.021068e+02
      vertex   5.290748e+01 0.000000e+00 -1.021068e+02
      vertex   5.636267e+01 -1.000000e+01 -1.002410e+02
    endloop
  endfacet
  facet normal 4.751569e-01 0.000000e+00 -8.799011e-01
    outer loop
      vertex   5.636267e+01 -1.000000e+01 -1.002410e+02
      vertex   5.290748e+01 0.000000e+00 -1.021068e+02
      vertex   5.636267e+01 0.000000e+00 -1.002410e+02
    endloop
  endfacet
  facet normal 5.049207e-01 0.000000e+00 -8.631657e-01
    outer loop
      vertex   5.636267e+01 -1.000000e+01 -1.002410e+02
      vertex   5.636267e+01 0.000000e+00 -1.002410e+02
      vertex   5.975215e+01 -1.000000e+01 -9.825823e+01
    endloop
  endfacet
  facet normal 5.049207e-01 0.000000e+00 -8.631657e-01
    outer loop
      vertex   5.975215e+01 -1.000000e+01 -9.825823e+01
      vertex   5.636267e+01 0.000000e+00 -1.002410e+02
      vertex   5.975215e+01 0.000000e+00 -9.825823e+01
    endloop
  endfacet
  facet normal 5.340958e-01 0.000000e+00 -8.454240e-01
    outer loop
      vertex   5.975215e+01 -1.000000e+01 -9.825823e+01
      vertex   5.975215e+01 0.000000e+00 -9.825823e+01
      vertex   6.307197e+01 -1.000000e+01 -9.616094e+01
    endloop
  endfacet
  facet normal 5.340958e-01 -2.536455e-16 -8.454240e-01
    outer loop
      vertex   6.307197e+01 -1.000000e+01 -9.616094e+01
      vertex   5.975215e+01 0.000000e+00 -9.825823e+01
      vertex   6.307197e+01 0.000000e+00 -9.616094e+01
    endloop
  endfacet
  facet normal 5.626481e-01 -4.488859e-16 -8.266965e-01
    outer loop
      vertex   6.307197e+01 -1.000000e+01 -9.616094e+01
      vertex   6.307197e+01 0.000000e+00 -9.616094e+01
      vertex   6.631824e+01 -1.000000e+01 -9.395154e+01
    endloop
  endfacet
  facet normal 5.626481e-01 0.000000e+00 -8.266965e-01
    outer loop
      vertex   6.631824e+01 -1.000000e+01 -9.395154e+01
      vertex   6.307197e+01 0.000000e+00 -9.616094e+01
      vertex   6.631824e+01 0.000000e+00 -9.395154e+01
    endloop
  endfacet
  facet normal 5.905444e-01 0.000000e+00 -8.070051e-01
    outer loop
      vertex   6.631824e+01 -1.000000e+01 -9.395154e+01
      vertex   6.631824e+01 0.000000e+00 -9.395154e+01
      vertex   6.948718e+01 -1.000000e+01 -9.163259e+01
    endloop
  endfacet
  facet normal 5.905444e-01 -2.239958e-16 -8.070051e-01
    outer loop
      vertex   6.948718e+01 -1.000000e+01 -9.163259e+01
      vertex   6.631824e+01 0.000000e+00 -9.395154e+01
      vertex   6.948718e+01 0.000000e+00 -9.163259e+01
    endloop
  endfacet
  facet normal 6.177522e-01 -3.986301e-16 -7.863728e-01
    outer loop
      vertex   6.948718e+01 -1.000000e+01 -9.163259e+01
      vertex   6.948718e+01 0.000000e+00 -9.163259e+01
      vertex   7.257511e+01 -1.000000e+01 -8.920680e+01
    endloop
  endfacet
  facet normal 6.177522e-01 0.000000e+00 -7.863728e-01
    outer loop
      vertex   7.257511e+01 -1.000000e+01 -8.920680e+01
      vertex   6.948718e+01 0.000000e+00 -9.163259e+01
      vertex   7.257511e+01 0.000000e+00 -8.920680e+01
    endloop
  endfacet
  facet normal 6.442397e-01 0.000000e+00 -7.648236e-01
    outer loop
      vertex   7.257511e+01 -1.000000e+01 -8.920680e+01
      vertex   7.257511e+01 0.000000e+00 -8.920680e+01
      vertex   7.557842e+01 -1.000000e+01 -8.667700e+01
    endloop
  endfacet
  facet normal 6.442397e-01 -5.727996e-16 -7.648236e-01
    outer loop
      vertex   7.557842e+01 -1.000000e+01 -8.667700e+01
      vertex   7.257511e+01 0.000000e+00 -8.920680e+01
      vertex   7.557842e+01 0.000000e+00 -8.667700e+01
    endloop
  endfacet
  facet normal 6.699761e-01 -7.463012e-16 -7.423827e-01
    outer loop
      vertex   7.557842e+01 -1.000000e+01 -8.667700e+01
      vertex   7.557842e+01 0.000000e+00 -8.667700e+01
      vertex   7.849361e+01 -1.000000e+01 -8.404614e+01
    endloop
  endfacet
  facet normal 6.699761e-01 0.000000e+00 -7.423827e-01
    outer loop
      vertex   7.849361e+01 -1.000000e+01 -8.404614e+01
      vertex   7.557842e+01 0.000000e+00 -8.667700e+01
      vertex   7.849361e+01 0.000000e+00 -8.404614e+01
    endloop
  endfacet
  facet normal 6.949313e-01 0.000000e+00 -7.190762e-01
    outer loop
      vertex   7.849361e+01 -1.000000e+01 -8.404614e+01
      vertex   7.849361e+01 0.000000e+00 -8.404614e+01
      vertex   8.131728e+01 -1.000000e+01 -8.131728e+01
    endloop
  endfacet
  facet normal 6.949313e-01 0.000000e+00 -7.190762e-01
    outer loop
      vertex   8.131728e+01 -1.000000e+01 -8.131728e+01
      vertex   7.849361e+01 0.000000e+00 -8.404614e+01
      vertex   8.131728e+01 0.000000e+00 -8.131728e+01
    endloop
  endfacet
  facet normal 7.190762e-01 0.000000e+00 -6.949313e-01
    outer loop
      vertex   8.131728e+01 -1.000000e+01 -8.131728e+01
      vertex   8.131728e+01 0.000000e+00 -8.131728e+01
      vertex   8.404614e+01 -1.000000e+01 -7.849361e+01
    endloop
  endfacet
  facet normal 7.190762e-01 0.000000e+00 -6.949313e-01
    outer loop
      vertex   8.404614e+01 -1.000000e+01 -7.849361e+01
      vertex   8.131728e+01 0.000000e+00 -8.131728e+01
      vertex   8.404614e+01 0.000000e+00 -7.849361e+01
    endloop
  endfacet
  facet normal 7.423827e-01 0.000000e+00 -6.699761e-01
    outer loop
      vertex   8.404614e+01 -1.000000e+01 -7.849361e+01
      vertex   8.404614e+01 0.000000e+00 -7.849361e+01
      vertex   8.667700e+01 -1.000000e+01 -7.557842e+01
    endloop
  endfacet
  facet normal 7.423827e-01 7.463012e-16 -6.699761e-01
    outer loop
      vertex   8.667700e+01 -1.000000e+01 -7.557842e+01
      vertex   8.404614e+01 0.000000e+00 -7.849361e+01
      vertex   8.667700e+01 0.000000e+00 -7.557842e+01
    endloop
  endfacet
  facet normal 7.648236e-01 5.727996e-16 -6.442397e-01
    outer loop
      vertex   8.667700e+01 -1.000000e+01 -7.557842e+01
      vertex   8.667700e+01 0.000000e+00 -7.557842e+01
      vertex   8.920680e+01 -1.000000e+01 -7.257511e+01
    endloop
  endfacet
  facet normal 7.648236e-01 0.000000e+00 -6.442397e-01
    outer loop
      vertex   8.920680e+01 -1.000000e+01 -7.257511e+01
      vertex   8.667700e+01 0.000000e+00 -7.557842e+01
      vertex   8.920680e+01 0.000000e+00 -7.257511e+01
    endloop
  endfacet
  facet normal 7.863728e-01 0.000000e+00 -6.177522e-01
    outer loop
      vertex   8.920680e+01 -1.000000e+01 -7.257511e+01
      vertex   8.920680e+01 0.000000e+00 -7.257511e+01
      vertex   9.163259e+01 -1.000000e+01 -6.948718e+01
    endloop
  endfacet
  facet normal 7.863728e-01 0.000000e+00 -6.177522e-01
    outer loop
      vertex   9.163259e+01 -1.000000e+01 -6.948718e+01
      vertex   8.920680e+01 0.000000e+00 -7.257511e+01
      vertex   9.163259e+01 0.000000e+00 -6.948718e+01
    endloop
  endfacet
  facet normal 8.070051e-01 0.000000e+00 -5.905444e-01
    outer loop
      vertex   9.163259e+01 -1.000000e+01 -6.948718e+01
      vertex   9.163259e+01 0.000000e+00 -6.948718e+01
      vertex   9.395154e+01 -1.000000e+01 -6.631824e+01
    endloop
  endfacet
  facet normal 8.070051e-01 0.000000e+00 -5.905444e-01
    outer loop
      vertex   9.395154e+01 -1.000000e+01 -6.631824e+01
      vertex   9.163259e+01 0.000000e+00 -6.948718e+01
      vertex   9.395154e+01 0.000000e+00 -6.631824e+01
    endloop
  endfacet
  facet normal 8.266965e-01 0.000000e+00 -5.626481e-01
    outer loop
      vertex   9.395154e+01 -1.000000e+01 -6.631824e+01
      vertex   9.395154e+01 0.000000e+00 -6.631824e+01
      vertex   9.616094e+01 -1.000000e+01 -6.307197e+01
    endloop
  endfacet
  facet normal 8.266965e-01 0.000000e+00 -5.626481e-01
    outer loop
      vertex   9.616094e+01 -1.000000e+01 -6.307197e+01
      vertex   9.395154e+01 0.000000e+00 -6.631824e+01
      vertex   9.616094e+01 0.000000e+00 -6.307197e+01
    endloop
  endfacet
  facet normal 8.454240e-01 0.000000e+00 -5.340958e-01
    outer loop
      vertex   9.616094e+01 -1.000000e+01 -6.307197e+01
      vertex   9.616094e+01 0.000000e+00 -6.307197e+01
      vertex   9.825823e+01 -1.000000e+01 -5.975215e+01
    endloop
  endfacet
  facet normal 8.454240e-01 -9.477742e-16 -5.340958e-01
    outer loop
      vertex   9.825823e+01 -1.000000e+01 -5.975215e+01
      vertex   9.616094e+01 0.000000e+00 -6.307197e+01
      vertex   9.825823e+01 0.000000e+00 -5.975215e+01
    endloop
  endfacet
  facet normal 8.631657e-01 -1.168523e-15 -5.049207e-01
    outer loop
      vertex   9.825823e+01 -1.000000e+01 -5.975215e+01
      vertex   9.825823e+01 0.000000e+00 -5.975215e+01
      vertex   1.002410e+02 -1.000000e+01 -5.636267e+01
    endloop
  endfacet
  facet normal 8.631657e-01 0.000000e+00 -5.049207e-01
    outer loop
      vertex   1.002410e+02 -1.000000e+01 -5.636267e+01
      vertex   9.825823e+01 0.000000e+00 -5.975215e+01
      vertex   1.002410e+02 0.000000e+00 -5.636267e+01
    endloop
  endfacet
  facet normal 8.799011e-01 0.000000e+00 -4.751569e-01
    outer loop
      vertex   1.002410e+02 -1.000000e+01 -5.636267e+01
      vertex   1.002410e+02 0.000000e+00 -5.636267e+01
      vertex   1.021068e+02 -1.000000e+01 -5.290748e+01
    endloop
  endfacet
  facet normal 8.799011e-01 0.000000e+00 -4.751569e-01
    outer loop
      vertex   1.021068e+02 -1.000000e+01 -5.290748e+01
      vertex   1.002410e+02 0.000000e+00 -5.636267e+01
      vertex   1.021068e+02 0.000000e+00 -5.290748e+01
    endloop
  endfacet
  facet normal 8.956105e-01 0.000000e+00 -4.448391e-01
    outer loop
      vertex   1.021068e+02 -1.000000e+01 -5.290748e+01
      vertex   1.021068e+02 0.000000e+00 -5.290748e+01
      vertex   1.038536e+02 -1.000000e+01 -4.939060e+01
    endloop
  endfacet
  facet normal 8.956105e-01 0.000000e+00 -4.448391e-01
    outer loop
      vertex   1.038536e+02 -1.000000e+01 -4.939060e+01
      vertex   1.021068e+02 0.000000e+00 -5.290748e+01
      vertex   1.038536e+02 0.000000e+00 -4.939060e+01
    endloop
  endfacet
  facet normal 9.102757e-01 0.000000e+00 -4.140026e-01
    outer loop
      vertex   1.038536e+02 -1.000000e+01 -4.939060e+01
      vertex   1.038536e+02 0.000000e+00 -4.939060e+01
      vertex   1.054793e+02 -1.000000e+01 -4.581613e+01
    endloop
  endfacet
  facet normal 9.102757e-01 -8.221598e-16 -4.140026e-01
    outer loop
      vertex   1.054793e+02 -1.000000e+01 -4.581613e+01
      vertex   1.038536e+02 0.000000e+00 -4.939060e+01
      vertex   1.054793e+02 0.000000e+00 -4.581613e+01
    endloop
  endfacet
  facet normal 9.238795e-01 -9.943460e-16 -3.826834e-01
    outer loop
      vertex   1.054793e+02 -1.000000e+01 -4.581613e+01
      vertex   1.054793e+02 0.000000e+00 -4.581613e+01
      vertex   1.069820e+02 -1.000000e+01 -4.218824e+01
    endloop
  endfacet
  facet normal 9.238795e-01 -4.505201e-16 -3.826834e-01
    outer loop
      vertex   1.069820e+02 -1.000000e+01 -4.218824e+01
      vertex   1.054793e+02 0.000000e+00 -4.581613e+01
      vertex   1.069820e+02 0.000000e+00 -4.218824e+01
    endloop
  endfacet
  facet normal 9.364062e-01 -6.666882e-16 -3.509181e-01
    outer loop
      vertex   1.069820e+02 -1.000000e+01 -4.218824e+01
      vertex   1.069820e+02 0.000000e+00 -4.218824e+01
      vertex   1.083600e+02 -1.000000e+01 -3.851116e+01
    endloop
  endfacet
  facet normal 9.364062e-01 0.000000e+00 -3.509181e-01
    outer loop
      vertex   1.083600e+02 -1.000000e+01 -3.851116e+01
      vertex   1.069820e+02 0.000000e+00 -4.218824e+01
      vertex   1.083600e+02 0.000000e+00 -3.851116e+01
    endloop
  endfacet
  facet normal 9.478410e-01 0.000000e+00 -3.187435e-01
    outer loop
      vertex   1.083600e+02 -1.000000e+01 -3.851116e+01
      vertex   1.083600e+02 0.000000e+00 -3.851116e+01
      vertex   1.096116e+02 -1.000000e+01 -3.478917e+01
    endloop
  endfacet
  facet normal 9.478410e-01 0.000000e+00 -3.187435e-01
    outer loop
      vertex   1.096116e+02 -1.000000e+01 -3.478917e+01
      vertex   1.083600e+02 0.000000e+00 -3.851116e+01
      vertex   1.096116e+02 0.000000e+00 -3.478917e+01
    endloop
  endfacet
  facet normal 9.581707e-01 0.000000e+00 -2.861974e-01
    outer loop
      vertex   1.096116e+02 -1.000000e+01 -3.478917e+01
      vertex   1.096116e+02 0.000000e+00 -3.478917e+01
      vertex   1.107355e+02 -1.000000e+01 -3.102663e+01
    endloop
  endfacet
  facet normal 9.581707e-01 0.000000e+00 -2.861974e-01
    outer loop
      vertex   1.107355e+02 -1.000000e+01 -3.102663e+01
      vertex   1.096116e+02 0.000000e+00 -3.478917e+01
      vertex   1.107355e+02 0.000000e+00 -3.102663e+01
    endloop
  endfacet
  facet normal 9.673832e-01 0.000000e+00 -2.533175e-01
    outer loop
      vertex   1.107355e+02 -1.000000e+01 -3.102663e+01
      vertex   1.107355e+02 0.000000e+00 -3.102663e+01
      vertex   1.117302e+02 -1.000000e+01 -2.722791e+01
    endloop
  endfacet
  facet normal 9.673832e-01 -1.147837e-16 -2.533175e-01
    outer loop
      vertex   1.117302e+02 -1.000000e+01 -2.722791e+01
      vertex   1.107355e+02 0.000000e+00 -3.102663e+01
      vertex   1.117302e+02 0.000000e+00 -2.722791e+01
    endloop
  endfacet
  facet normal 9.754678e-01 -2.912795e-16 -2.201423e-01
    outer loop
      vertex   1.117302e+02 -1.000000e+01 -2.722791e+01
      vertex   1.117302e+02 0.000000e+00 -2.722791e+01
      vertex   1.125947e+02 -1.000000e+01 -2.339744e+01
    endloop
  endfacet
  facet normal 9.754678e-01 0.000000e+00 -2.201423e-01
    outer loop
      vertex   1.125947e+02 -1.000000e+01 -2.339744e+01
      vertex   1.117302e+02 0.000000e+00 -2.722791e+01
      vertex   1.125947e+02 0.000000e+00 -2.339744e+01
    endloop
  endfacet
  facet normal 9.824150e-01 0.000000e+00 -1.867104e-01
    outer loop
      vertex   1.125947e+02 -1.000000e+01 -2.339744e+01
      vertex   1.125947e+02 0.000000e+00 -2.339744e+01
      vertex   1.133278e+02 -1.000000e+01 -1.953969e+01
    endloop
  endfacet
  facet normal 9.824150e-01 0.000000e+00 -1.867104e-01
    outer loop
      vertex   1.133278e+02 -1.000000e+01 -1.953969e+01
      vertex   1.125947e+02 0.000000e+00 -2.339744e+01
      vertex   1.133278e+02 0.000000e+00 -1.953969e+01
    endloop
  endfacet
  facet normal 9.882168e-01 0.000000e+00 -1.530608e-01
    outer loop
      vertex   1.133278e+02 -1.000000e+01 -1.953969e+01
      vertex   1.133278e+02 0.000000e+00 -1.953969e+01
      vertex   1.139289e+02 -1.000000e+01 -1.565916e+01
    endloop
  endfacet
  facet normal 9.882168e-01 0.000000e+00 -1.530608e-01
    outer loop
      vertex   1.139289e+02 -1.000000e+01 -1.565916e+01
      vertex   1.133278e+02 0.000000e+00 -1.953969e+01
      vertex   1.139289e+02 0.000000e+00 -1.565916e+01
    endloop
  endfacet
  facet normal 9.928663e-01 0.000000e+00 -1.192328e-01
    outer loop
      vertex   1.139289e+02 -1.000000e+01 -1.565916e+01
      vertex   1.139289e+02 0.000000e+00 -1.565916e+01
      vertex   1.143971e+02 -1.000000e+01 -1.176038e+01
    endloop
  endfacet
  facet normal 9.928663e-01 0.000000e+00 -1.192328e-01
    outer loop
      vertex   1.143971e+02 -1.000000e+01 -1.176038e+01
      vertex   1.139289e+02 0.000000e+00 -1.565916e+01
      vertex   1.143971e+02 0.000000e+00 -1.176038e+01
    endloop
  endfacet
  facet normal 9.963582e-01 0.000000e+00 -8.526571e-02
    outer loop
      vertex   1.143971e+02 -1.000000e+01 -1.176038e+01
      vertex   1.143971e+02 0.000000e+00 -1.176038e+01
      vertex   1.147319e+02 -1.000000e+01 -7.847878e+00
    endloop
  endfacet
  facet normal 9.963582e-01 -9.842426e-16 -8.526571e-02
    outer loop
      vertex   1.147319e+02 -1.000000e+01 -7.847878e+00
      vertex   1.143971e+02 0.000000e+00 -1.176038e+01
      vertex   1.147319e+02 0.000000e+00 -7.847878e+00
    endloop
  endfacet
  facet normal 9.986885e-01 -1.160020e-15 -5.119922e-02
    outer loop
      vertex   1.147319e+02 -1.000000e+01 -7.847878e+00
      vertex   1.147319e+02 0.000000e+00 -7.847878e+00
      vertex   1.149330e+02 -1.000000e+01 -3.926228e+00
    endloop
  endfacet
  facet normal 9.986885e-01 0.000000e+00 -5.119922e-02
    outer loop
      vertex   1.149330e+02 -1.000000e+01 -3.926228e+00
      vertex   1.147319e+02 0.000000e+00 -7.847878e+00
      vertex   1.149330e+02 0.000000e+00 -3.926228e+00
    endloop
  endfacet
  facet normal 9.998542e-01 0.000000e+00 -1.707304e-02
    outer loop
      vertex   1.149330e+02 -1.000000e+01 -3.926228e+00
      vertex   1.149330e+02 0.000000e+00 -3.926228e+00
      vertex   1.150000e+02 -1.000000e+01 0.000000e+00
    endloop
  endfacet
  facet normal 9.998542e-01 0.000000e+00 -1.707304e-02
    outer loop
      vertex   1.150000e+02 -1.000000e+01 0.000000e+00
      vertex   1.149330e+02 0.000000e+00 -3.926228e+00
      vertex   1.150000e+02 0.000000e+00 0.000000e+00
    endloop
  endfacet
  facet normal 9.998542e-01 -0.000000e+00 1.707304e-02
    outer loop
      vertex   1.150000e+02 -1.000000e+01 0.000000e+00
      vertex   1.150000e+02 0.000000e+00 0.000000e+00
      vertex   1.149330e+02 -1.000000e+01 3.926228e+00
    endloop
  endfacet
  facet normal 9.998542e-01 -0.000000e+00 1.707304e-02
    outer loop
      vertex   1.149330e+02 -1.000000e+01 3.926228e+00
      vertex   1.150000e+02 0.000000e+00 0.000000e+00
      vertex   1.149330e+02 0.000000e+00 3.926228e+00
    endloop
  endfacet
  facet normal 9.986885e-01 -0.000000e+00 5.119922e-02
    outer loop
      vertex   1.149330e+02 -1.000000e+01 3.926228e+00
      vertex   1.149330e+02 0.000000e+00 3.926228e+00
      vertex   1.147319e+02 -1.000000e+01 7.847878e+00
    endloop
  endfacet
  facet normal 9.986885e-01 1.160020e-15 5.119922e-02
    outer loop
      vertex   1.147319e+02 -1.000000e+01 7.847878e+00
      vertex   1.149330e+02 0.000000e+00 3.926228e+00
      vertex   1.147319e+02 0.000000e+00 7.847878e+00
    endloop
  endfacet
  facet normal 9.963582e-01 9.842426e-16 8.526571e-02
    outer loop
      vertex   1.147319e+02 -1.000000e+01 7.847878e+00
      vertex   1.147319e+02 0.000000e+00 7.847878e+00
      vertex   1.143971e+02 -1.000000e+01 1.176038e+01
    endloop
  endfacet
  facet normal 9.963582e-01 -0.000000e+00 8.526571e-02
    outer loop
      vertex   1.143971e+02 -1.000000e+01 1.176038e+01
      vertex   1.147319e+02 0.000000e+00 7.847878e+00
      vertex   1.143971e+02 0.000000e+00 1.176038e+01
    endloop
  endfacet
  facet normal 9.928663e-01 -0.000000e+00 1.192328e-01
    outer loop
      vertex   1.143971e+02 -1.000000e+01 1.176038e+01
      vertex   1.143971e+02 0.000000e+00 1.176038e+01
      vertex   1.139289e+02 -1.000000e+01 1.565916e+01
    endloop
  endfacet
  facet normal 9.928663e-01 -0.000000e+00 1.192328e-01
    outer loop
      vertex   1.139289e+02 -1.000000e+01 1.565916e+01
      vertex   1.143971e+02 0.000000e+00 1.176038e+01
      vertex   1.139289e+02 0.000000e+00 1.565916e+01
    endloop
  endfacet
  facet normal 9.882168e-01 -0.000000e+00 1.530608e-01
    outer loop
      vertex   1.139289e+02 -1.000000e+01 1.565916e+01
      vertex   1.139289e+02 0.000000e+00 1.565916e+01
      vertex   1.133278e+02 -1.000000e+01 1.953969e+01
    endloop
  endfacet
  facet normal 9.882168e-01 -0.000000e+00 1.530608e-01
    outer loop
      vertex   1.133278e+02 -1.000000e+01 1.953969e+01
      vertex   1.139289e+02 0.000000e+00 1.565916e+01
      vertex   1.133278e+02 0.000000e+00 1.953969e+01
    endloop
  endfacet
  facet normal 9.824150e-01 -0.000000e+00 1.867104e-01
    outer loop
      vertex   1.133278e+02 -1.000000e+01 1.953969e+01
      vertex   1.133278e+02 0.000000e+00 1.953969e+01
      vertex   1.125947e+02 -1.000000e+01 2.339744e+01
    endloop
  endfacet
  facet normal 9.824150e-01 -0.000000e+00 1.867104e-01
    outer loop
      vertex   1.125947e+02 -1.000000e+01 2.339744e+01
      vertex   1.133278e+02 0.000000e+00 1.953969e+01
      vertex   1.125947e+02 0.000000e+00 2.339744e+01
    endloop
  endfacet
  facet normal 9.754678e-01 -0.000000e+00 2.201423e-01
    outer loop
      vertex   1.125947e+02 -1.000000e+01 2.339744e+01
      vertex   1.125947e+02 0.000000e+00 2.339744e+01
      vertex   1.117302e+02 -1.000000e+01 2.722791e+01
    endloop
  endfacet
  facet normal 9.754678e-01 2.912795e-16 2.201423e-01
    outer loop
      vertex   1.117302e+02 -1.000000e+01 2.722791e+01
      vertex   1.125947e+02 0.000000e+00 2.339744e+01
      vertex   1.117302e+02 0.000000e+00 2.722791e+01
    endloop
  endfacet
  facet normal 9.673832e-01 1.147837e-16 2.533175e-01
    outer loop
      vertex   1.117302e+02 -1.000000e+01 2.722791e+01
      vertex   1.117302e+02 0.000000e+00 2.722791e+01
      vertex   1.107355e+02 -1.000000e+01 3.102663e+01
    endloop
  endfacet
  facet normal 9.673832e-01 -0.000000e+00 2.533175e-01
    outer loop
      vertex   1.107355e+02 -1.000000e+01 3.102663e+01
      vertex   1.117302e+02 0.000000e+00 2.722791e+01
      vertex   1.107355e+02 0.000000e+00 3.102663e+01
    endloop
  endfacet
  facet normal 9.581707e-01 -0.000000e+00 2.861974e-01
    outer loop
      vertex   1.107355e+02 -1.000000e+01 3.102663e+01
      vertex   1.107355e+02 0.000000e+00 3.102663e+01
      vertex   1.096116e+02 -1.000000e+01 3.478917e+01
    endloop
  endfacet
  facet normal 9.581707e-01 -0.000000e+00 2.861974e-01
    outer loop
      vertex   1.096116e+02 -1.000000e+01 3.478917e+01
      vertex   1.107355e+02 0.000000e+00 3.102663e+01
      vertex   1.096116e+02 0.000000e+00 3.478917e+01
    endloop
  endfacet
  facet normal 9.478410e-01 -0.000000e+00 3.187435e-01
    outer loop
      vertex   1.096116e+02 -1.000000e+01 3.478917e+01
      vertex   1.096116e+02 0.000000e+00 3.478917e+01
      vertex   1.083600e+02 -1.000000e+01 3.851116e+01
    endloop
  endfacet
  facet normal 9.478410e-01 -0.000000e+00 3.187435e-01
    outer loop
      vertex   1.083600e+02 -1.000000e+01 3.851116e+01
      vertex   1.096116e+02 0.000000e+00 3.478917e+01
      vertex   1.083600e+02 0.000000e+00 3.851116e+01
    endloop
  endfacet
  facet normal 9.364062e-01 -0.000000e+00 3.509181e-01
    outer loop
      vertex   1.083600e+02 -1.000000e+01 3.851116e+01
      vertex   1.083600e+02 0.000000e+00 3.851116e+01
      vertex   1.069820e+02 -1.000000e+01 4.218824e+01
    endloop
  endfacet
  facet normal 9.364062e-01 6.666882e-16 3.509181e-01
    outer loop
      vertex   1.069820e+02 -1.000000e+01 4.218824e+01
      vertex   1.083600e+02 0.000000e+00 3.851116e+01
      vertex   1.069820e+02 0.000000e+00 4.218824e+01
    endloop
  endfacet
  facet normal 9.238795e-01 4.505201e-16 3.826834e-01
    outer loop
      vertex   1.069820e+02 -1.000000e+01 4.218824e+01
      vertex   1.069820e+02 0.000000e+00 4.218824e+01
      vertex   1.054793e+02 -1.000000e+01 4.581613e+01
    endloop
  endfacet
  facet normal 9.238795e-01 9.943460e-16 3.826834e-01
    outer loop
      vertex   1.054793e+02 -1.000000e+01 4.581613e+01
      vertex   1.069820e+02 0.000000e+00 4.218824e+01
      vertex   1.054793e+02 0.000000e+00 4.581613e+01
    endloop
  endfacet
  facet normal 9.102757e-01 8.221598e-16 4.140026e-01
    outer loop
      vertex   1.054793e+02 -1.000000e+01 4.581613e+01
      vertex   1.054793e+02 0.000000e+00 4.581613e+01
      vertex   1.038536e+02 -1.000000e+01 4.939060e+01
    endloop
  endfacet
  facet normal 9.102757e-01 -0.000000e+00 4.140026e-01
    outer loop
      vertex   1.038536e+02 -1.000000e+01 4.939060e+01
      vertex   1.054793e+02 0.000000e+00 4.581613e+01
      vertex   1.038536e+02 0.000000e+00 4.939060e+01
    endloop
  endfacet
  facet normal 8.956105e-01 -0.000000e+00 4.448391e-01
    outer loop
      vertex   1.038536e+02 -1.000000e+01 4.939060e+01
      vertex   1.038536e+02 0.000000e+00 4.939060e+01
      vertex   1.021068e+02 -1.000000e+01 5.290748e+01
    endloop
  endfacet
  facet normal 8.956105e-01 -0.000000e+00 4.448391e-01
    outer loop
      vertex   1.021068e+02 -1.000000e+01 5.290748e+01
      vertex   1.038536e+02 0.000000e+00 4.939060e+01
      vertex   1.021068e+02 0.000000e+00 5.290748e+01
    endloop
  endfacet
  facet normal 8.799011e-01 -0.000000e+00 4.751569e-01
    outer loop
      vertex   1.021068e+02 -1.000000e+01 5.290748e+01
      vertex   1.021068e+02 0.000000e+00 5.290748e+01
      vertex   1.002410e+02 -1.000000e+01 5.636267e+01
    endloop
  endfacet
  facet normal 8.799011e-01 -0.000000e+00 4.751569e-01
    outer loop
      vertex   1.002410e+02 -1.000000e+01 5.636267e+01
      vertex   1.021068e+02 0.000000e+00 5.290748e+01
      vertex   1.002410e+02 0.000000e+00 5.636267e+01
    endloop
  endfacet
  facet normal 8.631657e-01 -0.000000e+00 5.049207e-01
    outer loop
      vertex   1.002410e+02 -1.000000e+01 5.636267e+01
      vertex   1.002410e+02 0.000000e+00 5.636267e+01
      vertex   9.825823e+01 -1.000000e+01 5.975215e+01
    endloop
  endfacet
  facet normal 8.631657e-01 1.168523e-15 5.049207e-01
    outer loop
      vertex   9.825823e+01 -1.000000e+01 5.975215e+01
      vertex   1.002410e+02 0.000000e+00 5.636267e+01
      vertex   9.825823e+01 0.000000e+00 5.975215e+01
    endloop
  endfacet
  facet normal 8.454240e-01 9.477742e-16 5.340958e-01
    outer loop
      vertex   9.825823e+01 -1.000000e+01 5.975215e+01
      vertex   9.825823e+01 0.000000e+00 5.975215e+01
      vertex   9.616094e+01 -1.000000e+01 6.307197e+01
    endloop
  endfacet
  facet normal 8.454240e-01 -0.000000e+00 5.340958e-01
    outer loop
      vertex   9.616094e+01 -1.000000e+01 6.307197e+01
      vertex   9.825823e+01 0.000000e+00 5.975215e+01
      vertex   9.616094e+01 0.000000e+00 6.307197e+01
    endloop
  endfacet
  facet normal 8.266965e-01 -0.000000e+00 5.626481e-01
    outer loop
      vertex   9.616094e+01 -1.000000e+01 6.307197e+01
      vertex   9.616094e+01 0.000000e+00 6.307197e+01
      vertex   9.395154e+01 -1.000000e+01 6.631824e+01
    endloop
  endfacet
  facet normal 8.266965e-01 -0.000000e+00 5.626481e-01
    outer loop
      vertex   9.395154e+01 -1.000000e+01 6.631824e+01
      vertex   9.616094e+01 0.000000e+00 6.307197e+01
      vertex   9.395154e+01 0.000000e+00 6.631824e+01
    endloop
  endfacet
  facet normal 8.070051e-01 -0.000000e+00 5.905444e-01
    outer loop
      vertex   9.395154e+01 -1.000000e+01 6.631824e+01
      vertex   9.395154e+01 0.000000e+00 6.631824e+01
      vertex   9.163259e+01 -1.000000e+01 6.948718e+01
    endloop
  endfacet
  facet normal 8.070051e-01 -0.000000e+00 5.905444e-01
    outer loop
      vertex   9.163259e+01 -1.000000e+01 6.948718e+01
      vertex   9.395154e+01 0.000000e+00 6.631824e+01
      vertex   9.163259e+01 0.000000e+00 6.948718e+01
    endloop
  endfacet
  facet normal 7.863728e-01 -0.000000e+00 6.177522e-01
    outer loop
      vertex   9.163259e+01 -1.000000e+01 6.948718e+01
      vertex   9.163259e+01 0.000000e+00 6.948718e+01
      vertex   8.920680e+01 -1.000000e+01 7.257511e+01
    endloop
  endfacet
  facet normal 7.863728e-01 -0.000000e+00 6.177522e-01
    outer loop
      vertex   8.920680e+01 -1.000000e+01 7.257511e+01
      vertex   9.163259e+01 0.000000e+00 6.948718e+01
      vertex   8.920680e+01 0.000000e+00 7.257511e+01
    endloop
  endfacet
  facet normal 7.648236e-01 -0.000000e+00 6.442397e-01
    outer loop
      vertex   8.920680e+01 -1.000000e+01 7.257511e+01
      vertex   8.920680e+01 0.000000e+00 7.257511e+01
      vertex   8.667700e+01 -1.000000e+01 7.557842e+01
    endloop
  endfacet
  facet normal 7.648236e-01 -5.727996e-16 6.442397e-01
    outer loop
      vertex   8.667700e+01 -1.000000e+01 7.557842e+01
      vertex   8.920680e+01 0.000000e+00 7.257511e+01
      vertex   8.667700e+01 0.000000e+00 7.557842e+01
    endloop
  endfacet
  facet normal 7.423827e-01 -7.463012e-16 6.699761e-01
    outer loop
      vertex   8.667700e+01 -1.000000e+01 7.557842e+01
      vertex   8.667700e+01 0.000000e+00 7.557842e+01
      vertex   8.404614e+01 -1.000000e+01 7.849361e+01
    endloop
  endfacet
  facet normal 7.423827e-01 -0.000000e+00 6.699761e-01
    outer loop
      vertex   8.404614e+01 -1.000000e+01 7.849361e+01
      vertex   8.667700e+01 0.000000e+00 7.557842e+01
      vertex   8.404614e+01 0.000000e+00 7.849361e+01
    endloop
  endfacet
  facet normal 7.190762e-01 -0.000000e+00 6.949313e-01
    outer loop
      vertex   8.404614e+01 -1.000000e+01 7.849361e+01
      vertex   8.404614e+01 0.000000e+00 7.849361e+01
      vertex   8.131728e+01 -1.000000e+01 8.131728e+01
    endloop
  endfacet
  facet normal 7.190762e-01 -0.000000e+00 6.949313e-01
    outer loop
      vertex   8.131728e+01 -1.000000e+01 8.131728e+01
      vertex   8.404614e+01 0.000000e+00 7.849361e+01
      vertex   8.131728e+01 0.000000e+00 8.131728e+01
    endloop
  endfacet
  facet normal 6.949313e-01 -0.000000e+00 7.190762e-01
    outer loop
      vertex   8.131728e+01 -1.000000e+01 8.131728e+01
      vertex   8.131728e+01 0.000000e+00 8.131728e+01
      vertex   7.849361e+01 -1.000000e+01 8.404614e+01
    endloop
  endfacet
  facet normal 6.949313e-01 -0.000000e+00 7.190762e-01
    outer loop
      vertex   7.849361e+01 -1.000000e+01 8.404614e+01
      vertex   8.131728e+01 0.000000e+00 8.131728e+01
      vertex   7.849361e+01 0.000000e+00 8.404614e+01
    endloop
  endfacet
  facet normal 6.699761e-01 -0.000000e+00 7.423827e-01
    outer loop
      vertex   7.849361e+01 -1.000000e+01 8.404614e+01
      vertex   7.849361e+01 0.000000e+00 8.404614e+01
      vertex   7.557842e+01 -1.000000e+01 8.667700e+01
    endloop
  endfacet
  facet normal 6.699761e-01 7.463012e-16 7.423827e-01
    outer loop
      vertex   7.557842e+01 -1.000000e+01 8.667700e+01
      vertex   7.849361e+01 0.000000e+00 8.404614e+01
      vertex   7.557842e+01 0.000000e+00 8.667700e+01
    endloop
  endfacet
  facet normal 6.442397e-01 5.727996e-16 7.648236e-01
    outer loop
      vertex   7.557842e+01 -1.000000e+01 8.667700e+01
      vertex   7.557842e+01 0.000000e+00 8.667700e+01
      vertex   7.257511e+01 -1.000000e+01 8.920680e+01
    endloop
  endfacet
  facet normal 6.442397e-01 -0.000000e+00 7.648236e-01
    outer loop
      vertex   7.257511e+01 -1.000000e+01 8.920680e+01
      vertex   7.557842e+01 0.000000e+00 8.667700e+01
      vertex   7.257511e+01 0.000000e+00 8.920680e+01
    endloop
  endfacet
  facet normal 6.177522e-01 -0.000000e+00 7.863728e-01
    outer loop
      vertex   7.257511e+01 -1.000000e+01 8.920680e+01
      vertex   7.257511e+01 0.000000e+00 8.920680e+01
      vertex   6.948718e+01 -1.000000e+01 9.163259e+01
    endloop
  endfacet
  facet normal 6.177522e-01 3.986301e-16 7.863728e-01
    outer loop
      vertex   6.948718e+01 -1.000000e+01 9.163259e+01
      vertex   7.257511e+01 0.000000e+00 8.920680e+01
      vertex   6.948718e+01 0.000000e+00 9.163259e+01
    endloop
  endfacet
  facet normal 5.905444e-01 2.239958e-16 8.070051e-01
    outer loop
      vertex   6.948718e+01 -1.000000e+01 9.163259e+01
      vertex   6.948718e+01 0.000000e+00 9.163259e+01
      vertex   6.631824e+01 -1.000000e+01 9.395154e+01
    endloop
  endfacet
  facet normal 5.905444e-01 -0.000000e+00 8.070051e-01
    outer loop
      vertex   6.631824e+01 -1.000000e+01 9.395154e+01
      vertex   6.948718e+01 0.000000e+00 9.163259e+01
      vertex   6.631824e+01 0.000000e+00 9.395154e+01
    endloop
  endfacet
  facet normal 5.626481e-01 -0.000000e+00 8.266965e-01
    outer loop
      vertex   6.631824e+01 -1.000000e+01 9.395154e+01
      vertex   6.631824e+01 0.000000e+00 9.395154e+01
      vertex   6.307197e+01 -1.000000e+01 9.616094e+01
    endloop
  endfacet
  facet normal 5.626481e-01 4.488859e-16 8.266965e-01
    outer loop
      vertex   6.307197e+01 -1.000000e+01 9.616094e+01
      vertex   6.631824e+01 0.000000e+00 9.395154e+01
      vertex   6.307197e+01 0.000000e+00 9.616094e+01
    endloop
  endfacet
  facet normal 5.340958e-01 2.536455e-16 8.454240e-01
    outer loop
      vertex   6.307197e+01 -1.000000e+01 9.616094e+01
      vertex   6.307197e+01 0.000000e+00 9.616094e+01
      vertex   5.975215e+01 -1.000000e+01 9.825823e+01
    endloop
  endfacet
  facet normal 5.340958e-01 -0.000000e+00 8.454240e-01
    outer loop
      vertex   5.975215e+01 -1.000000e+01 9.825823e+01
      vertex   6.307197e+01 0.000000e+00 9.616094e+01
      vertex   5.975215e+01 0.000000e+00 9.825823e+01
    endloop
  endfacet
  facet normal 5.049207e-01 -0.000000e+00 8.631657e-01
    outer loop
      vertex   5.975215e+01 -1.000000e+01 9.825823e+01
      vertex   5.975215e+01 0.000000e+00 9.825823e+01
      vertex   5.636267e+01 -1.000000e+01 1.002410e+02
    endloop
  endfacet
  facet normal 5.049207e-01 -0.000000e+00 8.631657e-01
    outer loop
      vertex   5.636267e+01 -1.000000e+01 1.002410e+02
      vertex   5.975215e+01 0.000000e+00 9.825823e+01
      vertex   5.636267e+01 0.000000e+00 1.002410e+02
    endloop
  endfacet
  facet normal 4.751569e-01 -0.000000e+00 8.799011e-01
    outer loop
      vertex   5.636267e+01 -1.000000e+01 1.002410e+02
      vertex   5.636267e+01 0.000000e+00 1.002410e+02
      vertex   5.290748e+01 -1.000000e+01 1.021068e+02
    endloop
  endfacet
  facet normal 4.751569e-01 -1.725528e-15 8.799011e-01
    outer loop
      vertex   5.290748e+01 -1.000000e+01 1.021068e+02
      vertex   5.636267e+01 0.000000e+00 1.002410e+02
      vertex   5.290748e+01 0.000000e+00 1.021068e+02
    endloop
  endfacet
  facet normal 4.448391e-01 -1.921754e-15 8.956105e-01
    outer loop
      vertex   5.290748e+01 -1.000000e+01 1.021068e+02
      vertex   5.290748e+01 0.000000e+00 1.021068e+02
      vertex   4.939060e+01 -1.000000e+01 1.038536e+02
    endloop
  endfacet
  facet normal 4.448391e-01 -0.000000e+00 8.956105e-01
    outer loop
      vertex   4.939060e+01 -1.000000e+01 1.038536e+02
      vertex   5.290748e+01 0.000000e+00 1.021068e+02
      vertex   4.939060e+01 0.000000e+00 1.038536e+02
    endloop
  endfacet
  facet normal 4.140026e-01 -0.000000e+00 9.102757e-01
    outer loop
      vertex   4.939060e+01 -1.000000e+01 1.038536e+02
      vertex   4.939060e+01 0.000000e+00 1.038536e+02
      vertex   4.581613e+01 -1.000000e+01 1.054793e+02
    endloop
  endfacet
  facet normal 4.140026e-01 8.824996e-16 9.102757e-01
    outer loop
      vertex   4.581613e+01 -1.000000e+01 1.054793e+02
      vertex   4.939060e+01 0.000000e+00 1.038536e+02
      vertex   4.581613e+01 0.000000e+00 1.054793e+02
    endloop
  endfacet
  facet normal 3.826834e-01 8.157388e-16 9.238795e-01
    outer loop
      vertex   4.581613e+01 -1.000000e+01 1.054793e+02
      vertex   4.581613e+01 0.000000e+00 1.054793e+02
      vertex   4.218824e+01 -1.000000e+01 1.069820e+02
    endloop
  endfacet
  facet normal 3.826834e-01 4.971730e-16 9.238795e-01
    outer loop
      vertex   4.218824e+01 -1.000000e+01 1.069820e+02
      vertex   4.581613e+01 0.000000e+00 1.054793e+02
      vertex   4.218824e+01 0.000000e+00 1.069820e+02
    endloop
  endfacet
  facet normal 3.509181e-01 5.826864e-16 9.364062e-01
    outer loop
      vertex   4.218824e+01 -1.000000e+01 1.069820e+02
      vertex   4.218824e+01 0.000000e+00 1.069820e+02
      vertex   3.851116e+01 -1.000000e+01 1.083600e+02
    endloop
  endfacet
  facet normal 3.509181e-01 -0.000000e+00 9.364062e-01
    outer loop
      vertex   3.851116e+01 -1.000000e+01 1.083600e+02
      vertex   4.218824e+01 0.000000e+00 1.069820e+02
      vertex   3.851116e+01 0.000000e+00 1.083600e+02
    endloop
  endfacet
  facet normal 3.187435e-01 -0.000000e+00 9.478410e-01
    outer loop
      vertex   3.851116e+01 -1.000000e+01 1.083600e+02
      vertex   3.851116e+01 0.000000e+00 1.083600e+02
      vertex   3.478917e+01 -1.000000e+01 1.096116e+02
    endloop
  endfacet
  facet normal 3.187435e-01 4.648842e-16 9.478410e-01
    outer loop
      vertex   3.478917e+01 -1.000000e+01 1.096116e+02
      vertex   3.851116e+01 0.000000e+00 1.083600e+02
      vertex   3.478917e+01 0.000000e+00 1.096116e+02
    endloop
  endfacet
  facet normal 2.861974e-01 2.652013e-16 9.581707e-01
    outer loop
      vertex   3.478917e+01 -1.000000e+01 1.096116e+02
      vertex   3.478917e+01 0.000000e+00 1.096116e+02
      vertex   3.102663e+01 -1.000000e+01 1.107355e+02
    endloop
  endfacet
  facet normal 2.861974e-01 -0.000000e+00 9.581707e-01
    outer loop
      vertex   3.102663e+01 -1.000000e+01 1.107355e+02
      vertex   3.478917e+01 0.000000e+00 1.096116e+02
      vertex   3.102663e+01 0.000000e+00 1.107355e+02
    endloop
  endfacet
  facet normal 2.533175e-01 -0.000000e+00 9.673832e-01
    outer loop
      vertex   3.102663e+01 -1.000000e+01 1.107355e+02
      vertex   3.102663e+01 0.000000e+00 1.107355e+02
      vertex   2.722791e+01 -1.000000e+01 1.117302e+02
    endloop
  endfacet
  facet normal 2.533175e-01 7.199717e-16 9.673832e-01
    outer loop
      vertex   2.722791e+01 -1.000000e+01 1.117302e+02
      vertex   3.102663e+01 0.000000e+00 1.107355e+02
      vertex   2.722791e+01 0.000000e+00 1.117302e+02
    endloop
  endfacet
  facet normal 2.201423e-01 6.256821e-16 9.754678e-01
    outer loop
      vertex   2.722791e+01 -1.000000e+01 1.117302e+02
      vertex   2.722791e+01 0.000000e+00 1.117302e+02
      vertex   2.339744e+01 -1.000000e+01 1.125947e+02
    endloop
  endfacet
  facet normal 2.201423e-01 -5.474718e-16 9.754678e-01
    outer loop
      vertex   2.339744e+01 -1.000000e+01 1.125947e+02
      vertex   2.722791e+01 0.000000e+00 1.117302e+02
      vertex   2.339744e+01 0.000000e+00 1.125947e+02
    endloop
  endfacet
  facet normal 1.867104e-01 -4.643300e-16 9.824150e-01
    outer loop
      vertex   2.339744e+01 -1.000000e+01 1.125947e+02
      vertex   2.339744e+01 0.000000e+00 1.125947e+02
      vertex   1.953969e+01 -1.000000e+01 1.133278e+02
    endloop
  endfacet
  facet normal 1.867104e-01 -0.000000e+00 9.824150e-01
    outer loop
      vertex   1.953969e+01 -1.000000e+01 1.133278e+02
      vertex   2.339744e+01 0.000000e+00 1.125947e+02
      vertex   1.953969e+01 0.000000e+00 1.133278e+02
    endloop
  endfacet
  facet normal 1.530608e-01 -0.000000e+00 9.882168e-01
    outer loop
      vertex   1.953969e+01 -1.000000e+01 1.133278e+02
      vertex   1.953969e+01 0.000000e+00 1.133278e+02
      vertex   1.565916e+01 -1.000000e+01 1.139289e+02
    endloop
  endfacet
  facet normal 1.530608e-01 7.884829e-16 9.882168e-01
    outer loop
      vertex   1.565916e+01 -1.000000e+01 1.139289e+02
      vertex   1.953969e+01 0.000000e+00 1.133278e+02
      vertex   1.565916e+01 0.000000e+00 1.139289e+02
    endloop
  endfacet
  facet normal 1.192328e-01 6.142199e-16 9.928663e-01
    outer loop
      vertex   1.565916e+01 -1.000000e+01 1.139289e+02
      vertex   1.565916e+01 0.000000e+00 1.139289e+02
      vertex   1.176038e+01 -1.000000e+01 1.143971e+02
    endloop
  endfacet
  facet normal 1.192328e-01 -2.965199e-16 9.928663e-01
    outer loop
      vertex   1.176038e+01 -1.000000e+01 1.143971e+02
      vertex   1.565916e+01 0.000000e+00 1.139289e+02
      vertex   1.176038e+01 0.000000e+00 1.143971e+02
    endloop
  endfacet
  facet normal 8.526571e-02 -2.120473e-16 9.963582e-01
    outer loop
      vertex   1.176038e+01 -1.000000e+01 1.143971e+02
      vertex   1.176038e+01 0.000000e+00 1.143971e+02
      vertex   7.847878e+00 -1.000000e+01 1.147319e+02
    endloop
  endfacet
  facet normal 8.526571e-02 2.196204e-16 9.963582e-01
    outer loop
      vertex   7.847878e+00 -1.000000e+01 1.147319e+02
      vertex   1.176038e+01 0.000000e+00 1.143971e+02
      vertex   7.847878e+00 0.000000e+00 1.147319e+02
    endloop
  endfacet
  facet normal 5.119922e-02 1.318747e-16 9.986885e-01
    outer loop
      vertex   7.847878e+00 -1.000000e+01 1.147319e+02
      vertex   7.847878e+00 0.000000e+00 1.147319e+02
      vertex   3.926228e+00 -1.000000e+01 1.149330e+02
    endloop
  endfacet
  facet normal 5.119922e-02 -1.318747e-16 9.986885e-01
    outer loop
      vertex   3.926228e+00 -1.000000e+01 1.149330e+02
      vertex   7.847878e+00 0.000000e+00 1.147319e+02
      vertex   3.926228e+00 0.000000e+00 1.149330e+02
    endloop
  endfacet
  facet normal 1.707304e-02 -4.397534e-17 9.998542e-01
    outer loop
      vertex   3.926228e+00 -1.000000e+01 1.149330e+02
      vertex   3.926228e+00 0.000000e+00 1.149330e+02
      vertex   7.041719e-15 -1.000000e+01 1.150000e+02
    endloop
  endfacet
  facet normal 1.707304e-02 -0.000000e+00 9.998542e-01
    outer loop
      vertex   7.041719e-15 -1.000000e+01 1.150000e+02
      vertex   3.926228e+00 0.000000e+00 1.149330e+02
      vertex   7.041719e-15 0.000000e+00 1.150000e+02
    endloop
  endfacet
  facet normal -1.707304e-02 0.000000e+00 9.998542e-01
    outer loop
      vertex   7.041719e-15 -1.000000e+01 1.150000e+02
      vertex   7.041719e-15 0.000000e+00 1.150000e+02
      vertex   -3.926228e+00 -1.000000e+01 1.149330e+02
    endloop
  endfacet
  facet normal -1.707304e-02 -8.719248e-17 9.998542e-01
    outer loop
      vertex   -3.926228e+00 -1.000000e+01 1.149330e+02
      vertex   7.041719e-15 0.000000e+00 1.150000e+02
      vertex   -3.926228e+00 0.000000e+00 1.149330e+02
    endloop
  endfacet
  facet normal -5.119922e-02 -2.614758e-16 9.986885e-01
    outer loop
      vertex   -3.926228e+00 -1.000000e+01 1.149330e+02
      vertex   -3.926228e+00 0.000000e+00 1.149330e+02
      vertex   -7.847878e+00 -1.000000e+01 1.147319e+02
    endloop
  endfacet
  facet normal -5.119922e-02 1.318747e-16 9.986885e-01
    outer loop
      vertex   -7.847878e+00 -1.000000e+01 1.147319e+02
      vertex   -3.926228e+00 0.000000e+00 1.149330e+02
      vertex   -7.847878e+00 0.000000e+00 1.147319e+02
    endloop
  endfacet
  facet normal -8.526571e-02 2.196204e-16 9.963582e-01
    outer loop
      vertex   -7.847878e+00 -1.000000e+01 1.147319e+02
      vertex   -7.847878e+00 0.000000e+00 1.147319e+02
      vertex   -1.176038e+01 -1.000000e+01 1.143971e+02
    endloop
  endfacet
  facet normal -8.526571e-02 -2.120473e-16 9.963582e-01
    outer loop
      vertex   -1.176038e+01 -1.000000e+01 1.143971e+02
      vertex   -7.847878e+00 0.000000e+00 1.147319e+02
      vertex   -1.176038e+01 0.000000e+00 1.143971e+02
    endloop
  endfacet
  facet normal -1.192328e-01 -2.965199e-16 9.928663e-01
    outer loop
      vertex   -1.176038e+01 -1.000000e+01 1.143971e+02
      vertex   -1.176038e+01 0.000000e+00 1.143971e+02
      vertex   -1.565916e+01 -1.000000e+01 1.139289e+02
    endloop
  endfacet
  facet normal -1.192328e-01 2.250036e-15 9.928663e-01
    outer loop
      vertex   -1.565916e+01 -1.000000e+01 1.139289e+02
      vertex   -1.176038e+01 0.000000e+00 1.143971e+02
      vertex   -1.565916e+01 0.000000e+00 1.139289e+02
    endloop
  endfacet
  facet normal -1.530608e-01 2.074576e-15 9.882168e-01
    outer loop
      vertex   -1.565916e+01 -1.000000e+01 1.139289e+02
      vertex   -1.565916e+01 0.000000e+00 1.139289e+02
      vertex   -1.953969e+01 -1.000000e+01 1.133278e+02
    endloop
  endfacet
  facet normal -1.530608e-01 0.000000e+00 9.882168e-01
    outer loop
      vertex   -1.953969e+01 -1.000000e+01 1.133278e+02
      vertex   -1.565916e+01 0.000000e+00 1.139289e+02
      vertex   -1.953969e+01 0.000000e+00 1.133278e+02
    endloop
  endfacet
  facet normal -1.867104e-01 0.000000e+00 9.824150e-01
    outer loop
      vertex   -1.953969e+01 -1.000000e+01 1.133278e+02
      vertex   -1.953969e+01 0.000000e+00 1.133278e+02
      vertex   -2.339744e+01 -1.000000e+01 1.125947e+02
    endloop
  endfacet
  facet normal -1.867104e-01 -9.949930e-16 9.824150e-01
    outer loop
      vertex   -2.339744e+01 -1.000000e+01 1.125947e+02
      vertex   -1.953969e+01 0.000000e+00 1.133278e+02
      vertex   -2.339744e+01 0.000000e+00 1.125947e+02
    endloop
  endfacet
  facet normal -2.201423e-01 -1.173154e-15 9.754678e-01
    outer loop
      vertex   -2.339744e+01 -1.000000e+01 1.125947e+02
      vertex   -2.339744e+01 0.000000e+00 1.125947e+02
      vertex   -2.722791e+01 -1.000000e+01 1.117302e+02
    endloop
  endfacet
  facet normal -2.201423e-01 4.692615e-16 9.754678e-01
    outer loop
      vertex   -2.722791e+01 -1.000000e+01 1.117302e+02
      vertex   -2.339744e+01 0.000000e+00 1.125947e+02
      vertex   -2.722791e+01 0.000000e+00 1.117302e+02
    endloop
  endfacet
  facet normal -2.533175e-01 5.399788e-16 9.673832e-01
    outer loop
      vertex   -2.722791e+01 -1.000000e+01 1.117302e+02
      vertex   -2.722791e+01 0.000000e+00 1.117302e+02
      vertex   -3.102663e+01 -1.000000e+01 1.107355e+02
    endloop
  endfacet
  facet normal -2.533175e-01 2.029497e-15 9.673832e-01
    outer loop
      vertex   -3.102663e+01 -1.000000e+01 1.107355e+02
      vertex   -2.722791e+01 0.000000e+00 1.117302e+02
      vertex   -3.102663e+01 0.000000e+00 1.107355e+02
    endloop
  endfacet
  facet normal -2.861974e-01 1.909863e-15 9.581707e-01
    outer loop
      vertex   -3.102663e+01 -1.000000e+01 1.107355e+02
      vertex   -3.102663e+01 0.000000e+00 1.107355e+02
      vertex   -3.478917e+01 -1.000000e+01 1.096116e+02
    endloop
  endfacet
  facet normal -2.861974e-01 -6.184582e-17 9.581707e-01
    outer loop
      vertex   -3.478917e+01 -1.000000e+01 1.096116e+02
      vertex   -3.102663e+01 0.000000e+00 1.107355e+02
      vertex   -3.478917e+01 0.000000e+00 1.096116e+02
    endloop
  endfacet
  facet normal -3.187435e-01 -2.384033e-16 9.478410e-01
    outer loop
      vertex   -3.478917e+01 -1.000000e+01 1.096116e+02
      vertex   -3.478917e+01 0.000000e+00 1.096116e+02
      vertex   -3.851116e+01 -1.000000e+01 1.083600e+02
    endloop
  endfacet
  facet normal -3.187435e-01 0.000000e+00 9.478410e-01
    outer loop
      vertex   -3.851116e+01 -1.000000e+01 1.083600e+02
      vertex   -3.478917e+01 0.000000e+00 1.096116e+02
      vertex   -3.851116e+01 0.000000e+00 1.083600e+02
    endloop
  endfacet
  facet normal -3.509181e-01 0.000000e+00 9.364062e-01
    outer loop
      vertex   -3.851116e+01 -1.000000e+01 1.083600e+02
      vertex   -3.851116e+01 0.000000e+00 1.083600e+02
      vertex   -4.218824e+01 -1.000000e+01 1.069820e+02
    endloop
  endfacet
  facet normal -3.509181e-01 3.333441e-16 9.364062e-01
    outer loop
      vertex   -4.218824e+01 -1.000000e+01 1.069820e+02
      vertex   -3.851116e+01 0.000000e+00 1.083600e+02
      vertex   -4.218824e+01 0.000000e+00 1.069820e+02
    endloop
  endfacet
  facet normal -3.826834e-01 2.252600e-16 9.238795e-01
    outer loop
      vertex   -4.218824e+01 -1.000000e+01 1.069820e+02
      vertex   -4.218824e+01 0.000000e+00 1.069820e+02
      vertex   -4.581613e+01 -1.000000e+01 1.054793e+02
    endloop
  endfacet
  facet normal -3.826834e-01 -2.081998e-15 9.238795e-01
    outer loop
      vertex   -4.581613e+01 -1.000000e+01 1.054793e+02
      vertex   -4.218824e+01 0.000000e+00 1.069820e+02
      vertex   -4.581613e+01 0.000000e+00 1.054793e+02
    endloop
  endfacet
  facet normal -4.140026e-01 -1.998826e-15 9.102757e-01
    outer loop
      vertex   -4.581613e+01 -1.000000e+01 1.054793e+02
      vertex   -4.581613e+01 0.000000e+00 1.054793e+02
      vertex   -4.939060e+01 -1.000000e+01 1.038536e+02
    endloop
  endfacet
  facet normal -4.140026e-01 0.000000e+00 9.102757e-01
    outer loop
      vertex   -4.939060e+01 -1.000000e+01 1.038536e+02
      vertex   -4.581613e+01 0.000000e+00 1.054793e+02
      vertex   -4.939060e+01 0.000000e+00 1.038536e+02
    endloop
  endfacet
  facet normal -4.448391e-01 0.000000e+00 8.956105e-01
    outer loop
      vertex   -4.939060e+01 -1.000000e+01 1.038536e+02
      vertex   -4.939060e+01 0.000000e+00 1.038536e+02
      vertex   -5.290748e+01 -1.000000e+01 1.021068e+02
    endloop
  endfacet
  facet normal -4.448391e-01 -1.255878e-15 8.956105e-01
    outer loop
      vertex   -5.290748e+01 -1.000000e+01 1.021068e+02
      vertex   -4.939060e+01 0.000000e+00 1.038536e+02
      vertex   -5.290748e+01 0.000000e+00 1.021068e+02
    endloop
  endfacet
  facet normal -4.751569e-01 -1.450540e-15 8.799011e-01
    outer loop
      vertex   -5.290748e+01 -1.000000e+01 1.021068e+02
      vertex   -5.290748e+01 0.000000e+00 1.021068e+02
      vertex   -5.636267e+01 -1.000000e+01 1.002410e+02
    endloop
  endfacet
  facet normal -4.751569e-01 0.000000e+00 8.799011e-01
    outer loop
      vertex   -5.636267e+01 -1.000000e+01 1.002410e+02
      vertex   -5.290748e+01 0.000000e+00 1.021068e+02
      vertex   -5.636267e+01 0.000000e+00 1.002410e+02
    endloop
  endfacet
  facet normal -5.049207e-01 0.000000e+00 8.631657e-01
    outer loop
      vertex   -5.636267e+01 -1.000000e+01 1.002410e+02
      vertex   -5.636267e+01 0.000000e+00 1.002410e+02
      vertex   -5.975215e+01 -1.000000e+01 9.825823e+01
    endloop
  endfacet
  facet normal -5.049207e-01 0.000000e+00 8.631657e-01
    outer loop
      vertex   -5.975215e+01 -1.000000e+01 9.825823e+01
      vertex   -5.636267e+01 0.000000e+00 1.002410e+02
      vertex   -5.975215e+01 0.000000e+00 9.825823e+01
    endloop
  endfacet
  facet normal -5.340958e-01 0.000000e+00 8.454240e-01
    outer loop
      vertex   -5.975215e+01 -1.000000e+01 9.825823e+01
      vertex   -5.975215e+01 0.000000e+00 9.825823e+01
      vertex   -6.307197e+01 -1.000000e+01 9.616094e+01
    endloop
  endfacet
  facet normal -5.340958e-01 2.536455e-16 8.454240e-01
    outer loop
      vertex   -6.307197e+01 -1.000000e+01 9.616094e+01
      vertex   -5.975215e+01 0.000000e+00 9.825823e+01
      vertex   -6.307197e+01 0.000000e+00 9.616094e+01
    endloop
  endfacet
  facet normal -5.626481e-01 4.488859e-16 8.266965e-01
    outer loop
      vertex   -6.307197e+01 -1.000000e+01 9.616094e+01
      vertex   -6.307197e+01 0.000000e+00 9.616094e+01
      vertex   -6.631824e+01 -1.000000e+01 9.395154e+01
    endloop
  endfacet
  facet normal -5.626481e-01 0.000000e+00 8.266965e-01
    outer loop
      vertex   -6.631824e+01 -1.000000e+01 9.395154e+01
      vertex   -6.307197e+01 0.000000e+00 9.616094e+01
      vertex   -6.631824e+01 0.000000e+00 9.395154e+01
    endloop
  endfacet
  facet normal -5.905444e-01 0.000000e+00 8.070051e-01
    outer loop
      vertex   -6.631824e+01 -1.000000e+01 9.395154e+01
      vertex   -6.631824e+01 0.000000e+00 9.395154e+01
      vertex   -6.948718e+01 -1.000000e+01 9.163259e+01
    endloop
  endfacet
  facet normal -5.905444e-01 6.152183e-16 8.070051e-01
    outer loop
      vertex   -6.948718e+01 -1.000000e+01 9.163259e+01
      vertex   -6.631824e+01 0.000000e+00 9.395154e+01
      vertex   -6.948718e+01 0.000000e+00 9.163259e+01
    endloop
  endfacet
  facet normal -6.177522e-01 4.792486e-16 7.863728e-01
    outer loop
      vertex   -6.948718e+01 -1.000000e+01 9.163259e+01
      vertex   -6.948718e+01 0.000000e+00 9.163259e+01
      vertex   -7.257511e+01 -1.000000e+01 8.920680e+01
    endloop
  endfacet
  facet normal -6.177522e-01 0.000000e+00 7.863728e-01
    outer loop
      vertex   -7.257511e+01 -1.000000e+01 8.920680e+01
      vertex   -6.948718e+01 0.000000e+00 9.163259e+01
      vertex   -7.257511e+01 0.000000e+00 8.920680e+01
    endloop
  endfacet
  facet normal -6.442397e-01 0.000000e+00 7.648236e-01
    outer loop
      vertex   -7.257511e+01 -1.000000e+01 8.920680e+01
      vertex   -7.257511e+01 0.000000e+00 8.920680e+01
      vertex   -7.557842e+01 -1.000000e+01 8.667700e+01
    endloop
  endfacet
  facet normal -6.442397e-01 0.000000e+00 7.648236e-01
    outer loop
      vertex   -7.557842e+01 -1.000000e+01 8.667700e+01
      vertex   -7.257511e+01 0.000000e+00 8.920680e+01
      vertex   -7.557842e+01 0.000000e+00 8.667700e+01
    endloop
  endfacet
  facet normal -6.699761e-01 0.000000e+00 7.423827e-01
    outer loop
      vertex   -7.557842e+01 -1.000000e+01 8.667700e+01
      vertex   -7.557842e+01 0.000000e+00 8.667700e+01
      vertex   -7.849361e+01 -1.000000e+01 8.404614e+01
    endloop
  endfacet
  facet normal -6.699761e-01 1.260781e-15 7.423827e-01
    outer loop
      vertex   -7.849361e+01 -1.000000e+01 8.404614e+01
      vertex   -7.557842e+01 0.000000e+00 8.667700e+01
      vertex   -7.849361e+01 0.000000e+00 8.404614e+01
    endloop
  endfacet
  facet normal -6.949313e-01 1.090493e-15 7.190762e-01
    outer loop
      vertex   -7.849361e+01 -1.000000e+01 8.404614e+01
      vertex   -7.849361e+01 0.000000e+00 8.404614e+01
      vertex   -8.131728e+01 -1.000000e+01 8.131728e+01
    endloop
  endfacet
  facet normal -6.949313e-01 0.000000e+00 7.190762e-01
    outer loop
      vertex   -8.131728e+01 -1.000000e+01 8.131728e+01
      vertex   -7.849361e+01 0.000000e+00 8.404614e+01
      vertex   -8.131728e+01 0.000000e+00 8.131728e+01
    endloop
  endfacet
  facet normal -7.190762e-01 0.000000e+00 6.949313e-01
    outer loop
      vertex   -8.131728e+01 -1.000000e+01 8.131728e+01
      vertex   -8.131728e+01 0.000000e+00 8.131728e+01
      vertex   -8.404614e+01 -1.000000e+01 7.849361e+01
    endloop
  endfacet
  facet normal -7.190762e-01 -1.029360e-16 6.949313e-01
    outer loop
      vertex   -8.404614e+01 -1.000000e+01 7.849361e+01
      vertex   -8.131728e+01 0.000000e+00 8.131728e+01
      vertex   -8.404614e+01 0.000000e+00 7.849361e+01
    endloop
  endfacet
  facet normal -7.423827e-01 -3.086881e-16 6.699761e-01
    outer loop
      vertex   -8.404614e+01 -1.000000e+01 7.849361e+01
      vertex   -8.404614e+01 0.000000e+00 7.849361e+01
      vertex   -8.667700e+01 -1.000000e+01 7.557842e+01
    endloop
  endfacet
  facet normal -7.423827e-01 0.000000e+00 6.699761e-01
    outer loop
      vertex   -8.667700e+01 -1.000000e+01 7.557842e+01
      vertex   -8.404614e+01 0.000000e+00 7.849361e+01
      vertex   -8.667700e+01 0.000000e+00 7.557842e+01
    endloop
  endfacet
  facet normal -7.648236e-01 0.000000e+00 6.442397e-01
    outer loop
      vertex   -8.667700e+01 -1.000000e+01 7.557842e+01
      vertex   -8.667700e+01 0.000000e+00 7.557842e+01
      vertex   -8.920680e+01 -1.000000e+01 7.257511e+01
    endloop
  endfacet
  facet normal -7.648236e-01 0.000000e+00 6.442397e-01
    outer loop
      vertex   -8.920680e+01 -1.000000e+01 7.257511e+01
      vertex   -8.667700e+01 0.000000e+00 7.557842e+01
      vertex   -8.920680e+01 0.000000e+00 7.257511e+01
    endloop
  endfacet
  facet normal -7.863728e-01 0.000000e+00 6.177522e-01
    outer loop
      vertex   -8.920680e+01 -1.000000e+01 7.257511e+01
      vertex   -8.920680e+01 0.000000e+00 7.257511e+01
      vertex   -9.163259e+01 -1.000000e+01 6.948718e+01
    endloop
  endfacet
  facet normal -7.863728e-01 1.276509e-15 6.177522e-01
    outer loop
      vertex   -9.163259e+01 -1.000000e+01 6.948718e+01
      vertex   -8.920680e+01 0.000000e+00 7.257511e+01
      vertex   -9.163259e+01 0.000000e+00 6.948718e+01
    endloop
  endfacet
  facet normal -8.070051e-01 1.063210e-15 5.905444e-01
    outer loop
      vertex   -9.163259e+01 -1.000000e+01 6.948718e+01
      vertex   -9.163259e+01 0.000000e+00 6.948718e+01
      vertex   -9.395154e+01 -1.000000e+01 6.631824e+01
    endloop
  endfacet
  facet normal -8.070051e-01 0.000000e+00 5.905444e-01
    outer loop
      vertex   -9.395154e+01 -1.000000e+01 6.631824e+01
      vertex   -9.163259e+01 0.000000e+00 6.948718e+01
      vertex   -9.395154e+01 0.000000e+00 6.631824e+01
    endloop
  endfacet
  facet normal -8.266965e-01 0.000000e+00 5.626481e-01
    outer loop
      vertex   -9.395154e+01 -1.000000e+01 6.631824e+01
      vertex   -9.395154e+01 0.000000e+00 6.631824e+01
      vertex   -9.616094e+01 -1.000000e+01 6.307197e+01
    endloop
  endfacet
  facet normal -8.266965e-01 -3.506852e-16 5.626481e-01
    outer loop
      vertex   -9.616094e+01 -1.000000e+01 6.307197e+01
      vertex   -9.395154e+01 0.000000e+00 6.631824e+01
      vertex   -9.616094e+01 0.000000e+00 6.307197e+01
    endloop
  endfacet
  facet normal -8.454240e-01 -5.053502e-16 5.340958e-01
    outer loop
      vertex   -9.616094e+01 -1.000000e+01 6.307197e+01
      vertex   -9.616094e+01 0.000000e+00 6.307197e+01
      vertex   -9.825823e+01 -1.000000e+01 5.975215e+01
    endloop
  endfacet
  facet normal -8.454240e-01 0.000000e+00 5.340958e-01
    outer loop
      vertex   -9.825823e+01 -1.000000e+01 5.975215e+01
      vertex   -9.616094e+01 0.000000e+00 6.307197e+01
      vertex   -9.825823e+01 0.000000e+00 5.975215e+01
    endloop
  endfacet
  facet normal -8.631657e-01 0.000000e+00 5.049207e-01
    outer loop
      vertex   -9.825823e+01 -1.000000e+01 5.975215e+01
      vertex   -9.825823e+01 0.000000e+00 5.975215e+01
      vertex   -1.002410e+02 -1.000000e+01 5.636267e+01
    endloop
  endfacet
  facet normal -8.631657e-01 0.000000e+00 5.049207e-01
    outer loop
      vertex   -1.002410e+02 -1.000000e+01 5.636267e+01
      vertex   -9.825823e+01 0.000000e+00 5.975215e+01
      vertex   -1.002410e+02 0.000000e+00 5.636267e+01
    endloop
  endfacet
  facet normal -8.799011e-01 0.000000e+00 4.751569e-01
    outer loop
      vertex   -1.002410e+02 -1.000000e+01 5.636267e+01
      vertex   -1.002410e+02 0.000000e+00 5.636267e+01
      vertex   -1.021068e+02 -1.000000e+01 5.290748e+01
    endloop
  endfacet
  facet normal -8.799011e-01 -1.725528e-15 4.751569e-01
    outer loop
      vertex   -1.021068e+02 -1.000000e+01 5.290748e+01
      vertex   -1.002410e+02 0.000000e+00 5.636267e+01
      vertex   -1.021068e+02 0.000000e+00 5.290748e+01
    endloop
  endfacet
  facet normal -8.956105e-01 -1.921754e-15 4.448391e-01
    outer loop
      vertex   -1.021068e+02 -1.000000e+01 5.290748e+01
      vertex   -1.021068e+02 0.000000e+00 5.290748e+01
      vertex   -1.038536e+02 -1.000000e+01 4.939060e+01
    endloop
  endfacet
  facet normal -8.956105e-01 0.000000e+00 4.448391e-01
    outer loop
      vertex   -1.038536e+02 -1.000000e+01 4.939060e+01
      vertex   -1.021068e+02 0.000000e+00 5.290748e+01
      vertex   -1.038536e+02 0.000000e+00 4.939060e+01
    endloop
  endfacet
  facet normal -9.102757e-01 0.000000e+00 4.140026e-01
    outer loop
      vertex   -1.038536e+02 -1.000000e+01 4.939060e+01
      vertex   -1.038536e+02 0.000000e+00 4.939060e+01
      vertex   -1.054793e+02 -1.000000e+01 4.581613e+01
    endloop
  endfacet
  facet normal -9.102757e-01 -8.221598e-16 4.140026e-01
    outer loop
      vertex   -1.054793e+02 -1.000000e+01 4.581613e+01
      vertex   -1.038536e+02 0.000000e+00 4.939060e+01
      vertex   -1.054793e+02 0.000000e+00 4.581613e+01
    endloop
  endfacet
  facet normal -9.238795e-01 -9.943460e-16 3.826834e-01
    outer loop
      vertex   -1.054793e+02 -1.000000e+01 4.581613e+01
      vertex   -1.054793e+02 0.000000e+00 4.581613e+01
      vertex   -1.069820e+02 -1.000000e+01 4.218824e+01
    endloop
  endfacet
  facet normal -9.238795e-01 -5.904787e-16 3.826834e-01
    outer loop
      vertex   -1.069820e+02 -1.000000e+01 4.218824e+01
      vertex   -1.054793e+02 0.000000e+00 4.581613e+01
      vertex   -1.069820e+02 0.000000e+00 4.218824e+01
    endloop
  endfacet
  facet normal -9.364062e-01 -4.146828e-16 3.509181e-01
    outer loop
      vertex   -1.069820e+02 -1.000000e+01 4.218824e+01
      vertex   -1.069820e+02 0.000000e+00 4.218824e+01
      vertex   -1.083600e+02 -1.000000e+01 3.851116e+01
    endloop
  endfacet
  facet normal -9.364062e-01 0.000000e+00 3.509181e-01
    outer loop
      vertex   -1.083600e+02 -1.000000e+01 3.851116e+01
      vertex   -1.069820e+02 0.000000e+00 4.218824e+01
      vertex   -1.083600e+02 0.000000e+00 3.851116e+01
    endloop
  endfacet
  facet normal -9.478410e-01 0.000000e+00 3.187435e-01
    outer loop
      vertex   -1.083600e+02 -1.000000e+01 3.851116e+01
      vertex   -1.083600e+02 0.000000e+00 3.851116e+01
      vertex   -1.096116e+02 -1.000000e+01 3.478917e+01
    endloop
  endfacet
  facet normal -9.478410e-01 2.384033e-16 3.187435e-01
    outer loop
      vertex   -1.096116e+02 -1.000000e+01 3.478917e+01
      vertex   -1.083600e+02 0.000000e+00 3.851116e+01
      vertex   -1.096116e+02 0.000000e+00 3.478917e+01
    endloop
  endfacet
  facet normal -9.581707e-01 6.184582e-17 2.861974e-01
    outer loop
      vertex   -1.096116e+02 -1.000000e+01 3.478917e+01
      vertex   -1.096116e+02 0.000000e+00 3.478917e+01
      vertex   -1.107355e+02 -1.000000e+01 3.102663e+01
    endloop
  endfacet
  facet normal -9.581707e-01 0.000000e+00 2.861974e-01
    outer loop
      vertex   -1.107355e+02 -1.000000e+01 3.102663e+01
      vertex   -1.096116e+02 0.000000e+00 3.478917e+01
      vertex   -1.107355e+02 0.000000e+00 3.102663e+01
    endloop
  endfacet
  facet normal -9.673832e-01 0.000000e+00 2.533175e-01
    outer loop
      vertex   -1.107355e+02 -1.000000e+01 3.102663e+01
      vertex   -1.107355e+02 0.000000e+00 3.102663e+01
      vertex   -1.117302e+02 -1.000000e+01 2.722791e+01
    endloop
  endfacet
  facet normal -9.673832e-01 0.000000e+00 2.533175e-01
    outer loop
      vertex   -1.117302e+02 -1.000000e+01 2.722791e+01
      vertex   -1.107355e+02 0.000000e+00 3.102663e+01
      vertex   -1.117302e+02 0.000000e+00 2.722791e+01
    endloop
  endfacet
  facet normal -9.754678e-01 0.000000e+00 2.201423e-01
    outer loop
      vertex   -1.117302e+02 -1.000000e+01 2.722791e+01
      vertex   -1.117302e+02 0.000000e+00 2.722791e+01
      vertex   -1.125947e+02 -1.000000e+01 2.339744e+01
    endloop
  endfacet
  facet normal -9.754678e-01 2.912795e-16 2.201423e-01
    outer loop
      vertex   -1.125947e+02 -1.000000e+01 2.339744e+01
      vertex   -1.117302e+02 0.000000e+00 2.722791e+01
      vertex   -1.125947e+02 0.000000e+00 2.339744e+01
    endloop
  endfacet
  facet normal -9.824150e-01 4.674356e-16 1.867104e-01
    outer loop
      vertex   -1.125947e+02 -1.000000e+01 2.339744e+01
      vertex   -1.125947e+02 0.000000e+00 2.339744e+01
      vertex   -1.133278e+02 -1.000000e+01 1.953969e+01
    endloop
  endfacet
  facet normal -9.824150e-01 0.000000e+00 1.867104e-01
    outer loop
      vertex   -1.133278e+02 -1.000000e+01 1.953969e+01
      vertex   -1.125947e+02 0.000000e+00 2.339744e+01
      vertex   -1.133278e+02 0.000000e+00 1.953969e+01
    endloop
  endfacet
  facet normal -9.882168e-01 0.000000e+00 1.530608e-01
    outer loop
      vertex   -1.133278e+02 -1.000000e+01 1.953969e+01
      vertex   -1.133278e+02 0.000000e+00 1.953969e+01
      vertex   -1.139289e+02 -1.000000e+01 1.565916e+01
    endloop
  endfacet
  facet normal -9.882168e-01 7.884829e-16 1.530608e-01
    outer loop
      vertex   -1.139289e+02 -1.000000e+01 1.565916e+01
      vertex   -1.133278e+02 0.000000e+00 1.953969e+01
      vertex   -1.139289e+02 0.000000e+00 1.565916e+01
    endloop
  endfacet
  facet normal -9.928663e-01 6.142199e-16 1.192328e-01
    outer loop
      vertex   -1.139289e+02 -1.000000e+01 1.565916e+01
      vertex   -1.139289e+02 0.000000e+00 1.565916e+01
      vertex   -1.143971e+02 -1.000000e+01 1.176038e+01
    endloop
  endfacet
  facet normal -9.928663e-01 0.000000e+00 1.192328e-01
    outer loop
      vertex   -1.143971e+02 -1.000000e+01 1.176038e+01
      vertex   -1.139289e+02 0.000000e+00 1.565916e+01
      vertex   -1.143971e+02 0.000000e+00 1.176038e+01
    endloop
  endfacet
  facet normal -9.963582e-01 0.000000e+00 8.526571e-02
    outer loop
      vertex   -1.143971e+02 -1.000000e+01 1.176038e+01
      vertex   -1.143971e+02 0.000000e+00 1.176038e+01
      vertex   -1.147319e+02 -1.000000e+01 7.847878e+00
    endloop
  endfacet
  facet normal -9.963582e-01 0.000000e+00 8.526571e-02
    outer loop
      vertex   -1.147319e+02 -1.000000e+01 7.847878e+00
      vertex   -1.143971e+02 0.000000e+00 1.176038e+01
      vertex   -1.147319e+02 0.000000e+00 7.847878e+00
    endloop
  endfacet
  facet normal -9.986885e-01 0.000000e+00 5.119922e-02
    outer loop
      vertex   -1.147319e+02 -1.000000e+01 7.847878e+00
      vertex   -1.147319e+02 0.000000e+00 7.847878e+00
      vertex   -1.149330e+02 -1.000000e+01 3.926228e+00
    endloop
  endfacet
  facet normal -9.986885e-01 2.592021e-16 5.119922e-02
    outer loop
      vertex   -1.149330e+02 -1.000000e+01 3.926228e+00
      vertex   -1.147319e+02 0.000000e+00 7.847878e+00
      vertex   -1.149330e+02 0.000000e+00 3.926228e+00
    endloop
  endfacet
  facet normal 0.000000e+00 1.000000e+00 0.000000e+00
    outer loop
      vertex   9.140462e+01 0.000000e+00 -1.493409e+01
      vertex   1.083600e+02 0.000000e+00 -3.851116e+01
      vertex   9.000000e+01 0.000000e+00 -1.500000e+01
    endloop
  endfacet
  facet normal 0.000000e+00 1.000000e+00 0.000000e+00
    outer loop
      vertex   9.000000e+01 0.000000e+00 -1.500000e+01
      vertex   1.083600e+02 0.000000e+00 -3.851116e+01
      vertex   1.069820e+02 0.000000e+00 -4.218824e+01
    endloop
  endfacet
  facet normal 0.000000e+00 1.000000e+00 0.000000e+00
    outer loop
      vertex   9.000000e+01 0.000000e+00 -1.500000e+01
      vertex   1.069820e+02 0.000000e+00 -4.218824e+01
      vertex   8.859538e+01 0.000000e+00 -1.493409e+01
    endloop
  endfacet
  facet normal 0.000000e+00 1.000000e+00 0.000000e+00
    outer loop
      vertex   8.859538e+01 0.000000e+00 -1.493409e+01
      vertex   1.069820e+02 0.000000e+00 -4.218824e+01
      vertex   1.054793e+02 0.000000e+00 -4.581613e+01
    endloop
  endfacet
  facet normal 0.000000e+00 1.000000e+00 0.000000e+00
    outer loop
      vertex   8.859538e+01 0.000000e+00 -1.493409e+01
      vertex   1.054793e+02 0.000000e+00 -4.581613e+01
      vertex   8.720310e+01 0.000000e+00 -1.473694e+01
    endloop
  endfacet
  facet normal 0.000000e+00 1.000000e+00 0.000000e+00
    outer loop
      vertex   8.720310e+01 0.000000e+00 -1.473694e+01
      vertex   1.054793e+02 0.000000e+00 -4.581613e+01
      vertex   1.038536e+02 0.000000e+00 -4.939060e+01
    endloop
  endfacet
  facet normal 0.000000e+00 1.000000e+00 0.000000e+00
    outer loop
      vertex   8.720310e+01 0.000000e+00 -1.473694e+01
      vertex   1.038536e+02 0.000000e+00 -4.939060e+01
      vertex   8.583540e+01 0.000000e+00 -1.441028e+01
    endloop
  endfacet
  facet normal 0.000000e+00 1.000000e+00 0.000000e+00
    outer loop
      vertex   8.583540e+01 0.000000e+00 -1.441028e+01
      vertex   1.038536e+02 0.000000e+00 -4.939060e+01
      vertex   1.021068e+02 0.000000e+00 -5.290748e+01
    endloop
  endfacet
  facet normal 0.000000e+00 1.000000e+00 0.000000e+00
    outer loop
      vertex   8.583540e+01 0.000000e+00 -1.441028e+01
      vertex   1.021068e+02 0.000000e+00 -5.290748e+01
      vertex   1.002410e+02 0.000000e+00 -5.636267e+01
    endloop
  endfacet
  facet normal 0.000000e+00 1.000000e+00 -0.000000e+00
    outer loop
      vertex   1.083600e+02 0.000000e+00 -3.851116e+01
      vertex   9.140462e+01 0.000000e+00 -1.493409e+01
      vertex   1.096116e+02 0.000000e+00 -3.478917e+01
    endloop
  endfacet
  facet normal 0.000000e+00 1.000000e+00 0.000000e+00
    outer loop
      vertex   1.096116e+02 0.000000e+00 -3.478917e+01
      vertex   9.140462e+01 0.000000e+00 -1.493409e+01
      vertex   9.279690e+01 0.000000e+00 -1.473694e+01
    endloop
  endfacet
  facet normal 0.000000e+00 1.000000e+00 -0.000000e+00
    outer loop
      vertex   1.096116e+02 0.000000e+00 -3.478917e+01
      vertex   9.279690e+01 0.000000e+00 -1.473694e+01
      vertex   1.107355e+02 0.000000e+00 -3.102663e+01
    endloop
  endfacet
  facet normal 0.000000e+00 1.000000e+00 0.000000e+00
    outer loop
      vertex   1.107355e+02 0.000000e+00 -3.102663e+01
      vertex   9.279690e+01 0.000000e+00 -1.473694e+01
      vertex   9.416460e+01 0.000000e+00 -1.441028e+01
    endloop
  endfacet
  facet normal 0.000000e+00 1.000000e+00 0.000000e+00
    outer loop
      vertex   1.107355e+02 0.000000e+00 -3.102663e+01
      vertex   9.416460e+01 0.000000e+00 -1.441028e+01
      vertex   9.549570e+01 0.000000e+00 -1.395698e+01
    endloop
  endfacet
  facet normal 0.000000e+00 1.000000e+00 -0.000000e+00
    outer loop
      vertex   1.107355e+02 0.000000e+00 -3.102663e+01
      vertex   9.549570e+01 0.000000e+00 -1.395698e+01
      vertex   1.117302e+02 0.000000e+00 -2.722791e+01
    endloop
  endfacet
  facet normal 0.000000e+00 1.000000e+00 0.000000e+00
    outer loop
      vertex   1.117302e+02 0.000000e+00 -2.722791e+01
      vertex   9.549570e+01 0.000000e+00 -1.395698e+01
      vertex   9.677850e+01 0.000000e+00 -1.338103e+01
    endloop
  endfacet
  facet normal 0.000000e+00 1.000000e+00 -0.000000e+00
    outer loop
      vertex   1.117302e+02 0.000000e+00 -2.722791e+01
      vertex   9.677850e+01 0.000000e+00 -1.338103e+01
      vertex   1.125947e+02 0.000000e+00 -2.339744e+01
    endloop
  endfacet
  facet normal 0.000000e+00 1.000000e+00 0.000000e+00
    outer loop
      vertex   1.125947e+02 0.000000e+00 -2.339744e+01
      vertex   9.677850e+01 0.000000e+00 -1.338103e+01
      vertex   9.800174e+01 0.000000e+00 -1.268748e+01
    endloop
  endfacet
  facet normal 0.000000e+00 1.000000e+00 0.000000e+00
    outer loop
      vertex   1.125947e+02 0.000000e+00 -2.339744e+01
      vertex   9.800174e+01 0.000000e+00 -1.268748e+01
      vertex   9.915465e+01 0.000000e+00 -1.188244e+01
    endloop
  endfacet
  facet normal 0.000000e+00 1.000000e+00 -0.000000e+00
    outer loop
      vertex   1.125947e+02 0.000000e+00 -2.339744e+01
      vertex   9.915465e+01 0.000000e+00 -1.188244e+01
      vertex   1.133278e+02 0.000000e+00 -1.953969e+01
    endloop
  endfacet
  facet normal 0.000000e+00 1.000000e+00 0.000000e+00
    outer loop
      vertex   1.133278e+02 0.000000e+00 -1.953969e+01
      vertex   9.915465e+01 0.000000e+00 -1.188244e+01
      vertex   1.002271e+02 0.000000e+00 -1.097297e+01
    endloop
  endfacet
  facet normal 0.000000e+00 1.000000e+00 -0.000000e+00
    outer loop
      vertex   1.133278e+02 0.000000e+00 -1.953969e+01
      vertex   1.002271e+02 0.000000e+00 -1.097297e+01
      vertex   1.139289e+02 0.000000e+00 -1.565916e+01
    endloop
  endfacet
  facet normal 0.000000e+00 1.000000e+00 0.000000e+00
    outer loop
      vertex   1.139289e+02 0.000000e+00 -1.565916e+01
      vertex   1.002271e+02 0.000000e+00 -1.097297e+01
      vertex   1.012097e+02 0.000000e+00 -9.967072e+00
    endloop
  endfacet
  facet normal 0.000000e+00 1.000000e+00 0.000000e+00
    outer loop
      vertex   1.139289e+02 0.000000e+00 -1.565916e+01
      vertex   1.012097e+02 0.000000e+00 -9.967072e+00
      vertex   1.020938e+02 0.000000e+00 -8.873583e+00
    endloop
  endfacet
  facet normal 0.000000e+00 1.000000e+00 -0.000000e+00
    outer loop
      vertex   1.139289e+02 0.000000e+00 -1.565916e+01
      vertex   1.020938e+02 0.000000e+00 -8.873583e+00
      vertex   1.143971e+02 0.000000e+00 -1.176038e+01
    endloop
  endfacet
  facet normal 0.000000e+00 1.000000e+00 0.000000e+00
    outer loop
      vertex   1.143971e+02 0.000000e+00 -1.176038e+01
      vertex   1.020938e+02 0.000000e+00 -8.873583e+00
      vertex   1.028716e+02 0.000000e+00 -7.702113e+00
    endloop
  endfacet
  facet normal 0.000000e+00 1.000000e+00 0.000000e+00
    outer loop
      vertex   1.143971e+02 0.000000e+00 -1.176038e+01
      vertex   1.028716e+02 0.000000e+00 -7.702113e+00
      vertex   1.035363e+02 0.000000e+00 -6.462956e+00
    endloop
  endfacet
  facet normal 0.000000e+00 1.000000e+00 -0.000000e+00
    outer loop
      vertex   1.143971e+02 0.000000e+00 -1.176038e+01
      vertex   1.035363e+02 0.000000e+00 -6.462956e+00
      vertex   1.147319e+02 0.000000e+00 -7.847878e+00
    endloop
  endfacet
  facet normal 0.000000e+00 1.000000e+00 0.000000e+00
    outer loop
      vertex   1.147319e+02 0.000000e+00 -7.847878e+00
      vertex   1.035363e+02 0.000000e+00 -6.462956e+00
      vertex   1.040820e+02 0.000000e+00 -5.167003e+00
    endloop
  endfacet
  facet normal 0.000000e+00 1.000000e+00 0.000000e+00
    outer loop
      vertex   1.147319e+02 0.000000e+00 -7.847878e+00
      vertex   1.040820e+02 0.000000e+00 -5.167003e+00
      vertex   1.045039e+02 0.000000e+00 -3.825642e+00
    endloop
  endfacet
  facet normal 0.000000e+00 1.000000e+00 -0.000000e+00
    outer loop
      vertex   1.147319e+02 0.000000e+00 -7.847878e+00
      vertex   1.045039e+02 0.000000e+00 -3.825642e+00
      vertex   1.149330e+02 0.000000e+00 -3.926228e+00
    endloop
  endfacet
  facet normal 0.000000e+00 1.000000e+00 0.000000e+00
    outer loop
      vertex   1.149330e+02 0.000000e+00 -3.926228e+00
      vertex   1.045039e+02 0.000000e+00 -3.825642e+00
      vertex   1.047985e+02 0.000000e+00 -2.450660e+00
    endloop
  endfacet
  facet normal 0.000000e+00 1.000000e+00 0.000000e+00
    outer loop
      vertex   1.149330e+02 0.000000e+00 -3.926228e+00
      vertex   1.047985e+02 0.000000e+00 -2.450660e+00
      vertex   1.049629e+02 0.000000e+00 -1.054143e+00
    endloop
  endfacet
  facet normal 0.000000e+00 1.000000e+00 -0.000000e+00
    outer loop
      vertex   1.149330e+02 0.000000e+00 -3.926228e+00
      vertex   1.049629e+02 0.000000e+00 -1.054143e+00
      vertex   1.150000e+02 0.000000e+00 0.000000e+00
    endloop
  endfacet
  facet normal 0.000000e+00 1.000000e+00 0.000000e+00
    outer loop
      vertex   1.150000e+02 0.000000e+00 0.000000e+00
      vertex   1.049629e+02 0.000000e+00 -1.054143e+00
      vertex   1.049959e+02 0.000000e+00 3.516386e-01
    endloop
  endfacet
  facet normal 0.000000e+00 1.000000e+00 0.000000e+00
    outer loop
      vertex   1.150000e+02 0.000000e+00 0.000000e+00
      vertex   1.049959e+02 0.000000e+00 3.516386e-01
      vertex   1.048971e+02 0.000000e+00 1.754330e+00
    endloop
  endfacet
  facet normal 0.000000e+00 1.000000e+00 0.000000e+00
    outer loop
      vertex   1.150000e+02 0.000000e+00 0.000000e+00
      vertex   1.048971e+02 0.000000e+00 1.754330e+00
      vertex   1.149330e+02 0.000000e+00 3.926228e+00
    endloop
  endfacet
  facet normal 0.000000e+00 1.000000e+00 0.000000e+00
    outer loop
      vertex   1.149330e+02 0.000000e+00 3.926228e+00
      vertex   1.048971e+02 0.000000e+00 1.754330e+00
      vertex   1.046673e+02 0.000000e+00 3.141604e+00
    endloop
  endfacet
  facet normal 0.000000e+00 1.000000e+00 0.000000e+00
    outer loop
      vertex   1.149330e+02 0.000000e+00 3.926228e+00
      vertex   1.046673e+02 0.000000e+00 3.141604e+00
      vertex   1.043087e+02 0.000000e+00 4.501270e+00
    endloop
  endfacet
  facet normal 0.000000e+00 1.000000e+00 0.000000e+00
    outer loop
      vertex   1.149330e+02 0.000000e+00 3.926228e+00
      vertex   1.043087e+02 0.000000e+00 4.501270e+00
      vertex   1.147319e+02 0.000000e+00 7.847878e+00
    endloop
  endfacet
  facet normal 0.000000e+00 1.000000e+00 0.000000e+00
    outer loop
      vertex   1.147319e+02 0.000000e+00 7.847878e+00
      vertex   1.043087e+02 0.000000e+00 4.501270e+00
      vertex   1.038243e+02 0.000000e+00 5.821378e+00
    endloop
  endfacet
  facet normal 0.000000e+00 1.000000e+00 0.000000e+00
    outer loop
      vertex   1.147319e+02 0.000000e+00 7.847878e+00
      vertex   1.038243e+02 0.000000e+00 5.821378e+00
      vertex   1.032184e+02 0.000000e+00 7.090328e+00
    endloop
  endfacet
  facet normal 0.000000e+00 1.000000e+00 0.000000e+00
    outer loop
      vertex   1.147319e+02 0.000000e+00 7.847878e+00
      vertex   1.032184e+02 0.000000e+00 7.090328e+00
      vertex   1.143971e+02 0.000000e+00 1.176038e+01
    endloop
  endfacet
  facet normal 0.000000e+00 1.000000e+00 0.000000e+00
    outer loop
      vertex   1.143971e+02 0.000000e+00 1.176038e+01
      vertex   1.032184e+02 0.000000e+00 7.090328e+00
      vertex   1.024964e+02 0.000000e+00 8.296967e+00
    endloop
  endfacet
  facet normal 0.000000e+00 1.000000e+00 0.000000e+00
    outer loop
      vertex   1.143971e+02 0.000000e+00 1.176038e+01
      vertex   1.024964e+02 0.000000e+00 8.296967e+00
      vertex   1.139289e+02 0.000000e+00 1.565916e+01
    endloop
  endfacet
  facet normal 0.000000e+00 1.000000e+00 0.000000e+00
    outer loop
      vertex   1.139289e+02 0.000000e+00 1.565916e+01
      vertex   1.024964e+02 0.000000e+00 8.296967e+00
      vertex   1.016646e+02 0.000000e+00 9.430693e+00
    endloop
  endfacet
  facet normal 0.000000e+00 1.000000e+00 0.000000e+00
    outer loop
      vertex   1.139289e+02 0.000000e+00 1.565916e+01
      vertex   1.016646e+02 0.000000e+00 9.430693e+00
      vertex   1.007302e+02 0.000000e+00 1.048154e+01
    endloop
  endfacet
  facet normal 0.000000e+00 1.000000e+00 0.000000e+00
    outer loop
      vertex   1.139289e+02 0.000000e+00 1.565916e+01
      vertex   1.007302e+02 0.000000e+00 1.048154e+01
      vertex   1.133278e+02 0.000000e+00 1.953969e+01
    endloop
  endfacet
  facet normal 0.000000e+00 1.000000e+00 0.000000e+00
    outer loop
      vertex   1.133278e+02 0.000000e+00 1.953969e+01
      vertex   1.007302e+02 0.000000e+00 1.048154e+01
      vertex   9.970155e+01 0.000000e+00 1.144028e+01
    endloop
  endfacet
  facet normal 0.000000e+00 1.000000e+00 0.000000e+00
    outer loop
      vertex   1.133278e+02 0.000000e+00 1.953969e+01
      vertex   9.970155e+01 0.000000e+00 1.144028e+01
      vertex   9.858764e+01 0.000000e+00 1.229848e+01
    endloop
  endfacet
  facet normal 0.000000e+00 1.000000e+00 0.000000e+00
    outer loop
      vertex   1.133278e+02 0.000000e+00 1.953969e+01
      vertex   9.858764e+01 0.000000e+00 1.229848e+01
      vertex   1.125947e+02 0.000000e+00 2.339744e+01
    endloop
  endfacet
  facet normal 0.000000e+00 1.000000e+00 0.000000e+00
    outer loop
      vertex   1.125947e+02 0.000000e+00 2.339744e+01
      vertex   9.858764e+01 0.000000e+00 1.229848e+01
      vertex   9.739825e+01 0.000000e+00 1.304860e+01
    endloop
  endfacet
  facet normal 0.000000e+00 1.000000e+00 0.000000e+00
    outer loop
      vertex   1.125947e+02 0.000000e+00 2.339744e+01
      vertex   9.739825e+01 0.000000e+00 1.304860e+01
      vertex   1.117302e+02 0.000000e+00 2.722791e+01
    endloop
  endfacet
  facet normal 0.000000e+00 1.000000e+00 0.000000e+00
    outer loop
      vertex   1.117302e+02 0.000000e+00 2.722791e+01
      vertex   9.739825e+01 0.000000e+00 1.304860e+01
      vertex   9.614386e+01 0.000000e+00 1.368404e+01
    endloop
  endfacet
  facet normal 0.000000e+00 1.000000e+00 0.000000e+00
    outer loop
      vertex   1.117302e+02 0.000000e+00 2.722791e+01
      vertex   9.614386e+01 0.000000e+00 1.368404e+01
      vertex   9.483546e+01 0.000000e+00 1.419924e+01
    endloop
  endfacet
  facet normal 0.000000e+00 1.000000e+00 0.000000e+00
    outer loop
      vertex   1.117302e+02 0.000000e+00 2.722791e+01
      vertex   9.483546e+01 0.000000e+00 1.419924e+01
      vertex   1.107355e+02 0.000000e+00 3.102663e+01
    endloop
  endfacet
  facet normal 0.000000e+00 1.000000e+00 0.000000e+00
    outer loop
      vertex   1.107355e+02 0.000000e+00 3.102663e+01
      vertex   9.483546e+01 0.000000e+00 1.419924e+01
      vertex   9.348458e+01 0.000000e+00 1.458964e+01
    endloop
  endfacet
  facet normal 0.000000e+00 1.000000e+00 0.000000e+00
    outer loop
      vertex   1.107355e+02 0.000000e+00 3.102663e+01
      vertex   9.348458e+01 0.000000e+00 1.458964e+01
      vertex   1.096116e+02 0.000000e+00 3.478917e+01
    endloop
  endfacet
  facet normal 0.000000e+00 1.000000e+00 0.000000e+00
    outer loop
      vertex   1.096116e+02 0.000000e+00 3.478917e+01
      vertex   9.348458e+01 0.000000e+00 1.458964e+01
      vertex   9.210307e+01 0.000000e+00 1.485184e+01
    endloop
  endfacet
  facet normal 0.000000e+00 1.000000e+00 0.000000e+00
    outer loop
      vertex   1.096116e+02 0.000000e+00 3.478917e+01
      vertex   9.210307e+01 0.000000e+00 1.485184e+01
      vertex   1.083600e+02 0.000000e+00 3.851116e+01
    endloop
  endfacet
  facet normal 0.000000e+00 1.000000e+00 0.000000e+00
    outer loop
      vertex   1.083600e+02 0.000000e+00 3.851116e+01
      vertex   9.210307e+01 0.000000e+00 1.485184e+01
      vertex   9.070308e+01 0.000000e+00 1.498351e+01
    endloop
  endfacet
  facet normal 0.000000e+00 1.000000e+00 0.000000e+00
    outer loop
      vertex   1.083600e+02 0.000000e+00 3.851116e+01
      vertex   9.070308e+01 0.000000e+00 1.498351e+01
      vertex   1.069820e+02 0.000000e+00 4.218824e+01
    endloop
  endfacet
  facet normal 0.000000e+00 1.000000e+00 0.000000e+00
    outer loop
      vertex   1.069820e+02 0.000000e+00 4.218824e+01
      vertex   9.070308e+01 0.000000e+00 1.498351e+01
      vertex   8.929692e+01 0.000000e+00 1.498351e+01
    endloop
  endfacet
  facet normal 0.000000e+00 1.000000e+00 0.000000e+00
    outer loop
      vertex   1.069820e+02 0.000000e+00 4.218824e+01
      vertex   8.929692e+01 0.000000e+00 1.498351e+01
      vertex   1.054793e+02 0.000000e+00 4.581613e+01
    endloop
  endfacet
  facet normal 0.000000e+00 1.000000e+00 0.000000e+00
    outer loop
      vertex   1.054793e+02 0.000000e+00 4.581613e+01
      vertex   8.929692e+01 0.000000e+00 1.498351e+01
      vertex   1.038536e+02 0.000000e+00 4.939060e+01
    endloop
  endfacet
  facet normal 0.000000e+00 1.000000e+00 0.000000e+00
    outer loop
      vertex   1.038536e+02 0.000000e+00 4.939060e+01
      vertex   8.929692e+01 0.000000e+00 1.498351e+01
      vertex   1.021068e+02 0.000000e+00 5.290748e+01
    endloop
  endfacet
  facet normal 0.000000e+00 1.000000e+00 0.000000e+00
    outer loop
      vertex   1.021068e+02 0.000000e+00 5.290748e+01
      vertex   8.929692e+01 0.000000e+00 1.498351e+01
      vertex   1.002410e+02 0.000000e+00 5.636267e+01
    endloop
  endfacet
  facet normal 0.000000e+00 1.000000e+00 0.000000e+00
    outer loop
      vertex   1.002410e+02 0.000000e+00 5.636267e+01
      vertex   8.929692e+01 0.000000e+00 1.498351e+01
      vertex   9.825823e+01 0.000000e+00 5.975215e+01
    endloop
  endfacet
  facet normal 0.000000e+00 1.000000e+00 0.000000e+00
    outer loop
      vertex   9.825823e+01 0.000000e+00 5.975215e+01
      vertex   8.929692e+01 0.000000e+00 1.498351e+01
      vertex   9.616094e+01 0.000000e+00 6.307197e+01
    endloop
  endfacet
  facet normal 0.000000e+00 1.000000e+00 0.000000e+00
    outer loop
      vertex   9.616094e+01 0.000000e+00 6.307197e+01
      vertex   8.929692e+01 0.000000e+00 1.498351e+01
      vertex   9.395154e+01 0.000000e+00 6.631824e+01
    endloop
  endfacet
  facet normal 0.000000e+00 1.000000e+00 0.000000e+00
    outer loop
      vertex   9.395154e+01 0.000000e+00 6.631824e+01
      vertex   8.929692e+01 0.000000e+00 1.498351e+01
      vertex   9.163259e+01 0.000000e+00 6.948718e+01
    endloop
  endfacet
  facet normal 0.000000e+00 1.000000e+00 0.000000e+00
    outer loop
      vertex   9.163259e+01 0.000000e+00 6.948718e+01
      vertex   8.929692e+01 0.000000e+00 1.498351e+01
      vertex   8.920680e+01 0.000000e+00 7.257511e+01
    endloop
  endfacet
  facet normal 0.000000e+00 1.000000e+00 0.000000e+00
    outer loop
      vertex   8.920680e+01 0.000000e+00 7.257511e+01
      vertex   8.929692e+01 0.000000e+00 1.498351e+01
      vertex   8.667700e+01 0.000000e+00 7.557842e+01
    endloop
  endfacet
  facet normal 0.000000e+00 1.000000e+00 0.000000e+00
    outer loop
      vertex   8.667700e+01 0.000000e+00 7.557842e+01
      vertex   8.929692e+01 0.000000e+00 1.498351e+01
      vertex   8.404614e+01 0.000000e+00 7.849361e+01
    endloop
  endfacet
  facet normal 0.000000e+00 1.000000e+00 0.000000e+00
    outer loop
      vertex   8.404614e+01 0.000000e+00 7.849361e+01
      vertex   8.929692e+01 0.000000e+00 1.498351e+01
      vertex   1.097297e+01 0.000000e+00 7.977288e+01
    endloop
  endfacet
  facet normal 0.000000e+00 1.000000e+00 0.000000e+00
    outer loop
      vertex   8.404614e+01 0.000000e+00 7.849361e+01
      vertex   1.097297e+01 0.000000e+00 7.977288e+01
      vertex   8.131728e+01 0.000000e+00 8.131728e+01
    endloop
  endfacet
  facet normal 0.000000e+00 1.000000e+00 0.000000e+00
    outer loop
      vertex   8.131728e+01 0.000000e+00 8.131728e+01
      vertex   1.097297e+01 0.000000e+00 7.977288e+01
      vertex   7.849361e+01 0.000000e+00 8.404614e+01
    endloop
  endfacet
  facet normal 0.000000e+00 1.000000e+00 0.000000e+00
    outer loop
      vertex   7.849361e+01 0.000000e+00 8.404614e+01
      vertex   1.097297e+01 0.000000e+00 7.977288e+01
      vertex   1.188244e+01 0.000000e+00 8.084535e+01
    endloop
  endfacet
  facet normal 0.000000e+00 1.000000e+00 0.000000e+00
    outer loop
      vertex   7.849361e+01 0.000000e+00 8.404614e+01
      vertex   1.188244e+01 0.000000e+00 8.084535e+01
      vertex   7.557842e+01 0.000000e+00 8.667700e+01
    endloop
  endfacet
  facet normal 0.000000e+00 1.000000e+00 0.000000e+00
    outer loop
      vertex   7.557842e+01 0.000000e+00 8.667700e+01
      vertex   1.188244e+01 0.000000e+00 8.084535e+01
      vertex   7.257511e+01 0.000000e+00 8.920680e+01
    endloop
  endfacet
  facet normal 0.000000e+00 1.000000e+00 0.000000e+00
    outer loop
      vertex   7.257511e+01 0.000000e+00 8.920680e+01
      vertex   1.188244e+01 0.000000e+00 8.084535e+01
      vertex   1.268748e+01 0.000000e+00 8.199826e+01
    endloop
  endfacet
  facet normal 0.000000e+00 1.000000e+00 0.000000e+00
    outer loop
      vertex   7.257511e+01 0.000000e+00 8.920680e+01
      vertex   1.268748e+01 0.000000e+00 8.199826e+01
      vertex   6.948718e+01 0.000000e+00 9.163259e+01
    endloop
  endfacet
  facet normal 0.000000e+00 1.000000e+00 0.000000e+00
    outer loop
      vertex   6.948718e+01 0.000000e+00 9.163259e+01
      vertex   1.268748e+01 0.000000e+00 8.199826e+01
      vertex   6.631824e+01 0.000000e+00 9.395154e+01
    endloop
  endfacet
  facet normal 0.000000e+00 1.000000e+00 0.000000e+00
    outer loop
      vertex   6.631824e+01 0.000000e+00 9.395154e+01
      vertex   1.268748e+01 0.000000e+00 8.199826e+01
      vertex   1.338103e+01 0.000000e+00 8.322150e+01
    endloop
  endfacet
  facet normal 0.000000e+00 1.000000e+00 0.000000e+00
    outer loop
      vertex   6.631824e+01 0.000000e+00 9.395154e+01
      vertex   1.338103e+01 0.000000e+00 8.322150e+01
      vertex   6.307197e+01 0.000000e+00 9.616094e+01
    endloop
  endfacet
  facet normal 0.000000e+00 1.000000e+00 0.000000e+00
    outer loop
      vertex   6.307197e+01 0.000000e+00 9.616094e+01
      vertex   1.338103e+01 0.000000e+00 8.322150e+01
      vertex   5.975215e+01 0.000000e+00 9.825823e+01
    endloop
  endfacet
  facet normal 0.000000e+00 1.000000e+00 0.000000e+00
    outer loop
      vertex   5.975215e+01 0.000000e+00 9.825823e+01
      vertex   1.338103e+01 0.000000e+00 8.322150e+01
      vertex   1.395698e+01 0.000000e+00 8.450430e+01
    endloop
  endfacet
  facet normal 0.000000e+00 1.000000e+00 0.000000e+00
    outer loop
      vertex   5.975215e+01 0.000000e+00 9.825823e+01
      vertex   1.395698e+01 0.000000e+00 8.450430e+01
      vertex   5.636267e+01 0.000000e+00 1.002410e+02
    endloop
  endfacet
  facet normal 0.000000e+00 1.000000e+00 0.000000e+00
    outer loop
      vertex   5.636267e+01 0.000000e+00 1.002410e+02
      vertex   1.395698e+01 0.000000e+00 8.450430e+01
      vertex   1.441028e+01 0.000000e+00 8.583540e+01
    endloop
  endfacet
  facet normal 0.000000e+00 1.000000e+00 0.000000e+00
    outer loop
      vertex   5.636267e+01 0.000000e+00 1.002410e+02
      vertex   1.441028e+01 0.000000e+00 8.583540e+01
      vertex   5.290748e+01 0.000000e+00 1.021068e+02
    endloop
  endfacet
  facet normal 0.000000e+00 1.000000e+00 0.000000e+00
    outer loop
      vertex   5.290748e+01 0.000000e+00 1.021068e+02
      vertex   1.441028e+01 0.000000e+00 8.583540e+01
      vertex   4.939060e+01 0.000000e+00 1.038536e+02
    endloop
  endfacet
  facet normal 0.000000e+00 1.000000e+00 0.000000e+00
    outer loop
      vertex   4.939060e+01 0.000000e+00 1.038536e+02
      vertex   1.441028e+01 0.000000e+00 8.583540e+01
      vertex   1.473694e+01 0.000000e+00 8.720310e+01
    endloop
  endfacet
  facet normal 0.000000e+00 1.000000e+00 0.000000e+00
    outer loop
      vertex   4.939060e+01 0.000000e+00 1.038536e+02
      vertex   1.473694e+01 0.000000e+00 8.720310e+01
      vertex   4.581613e+01 0.000000e+00 1.054793e+02
    endloop
  endfacet
  facet normal 0.000000e+00 1.000000e+00 0.000000e+00
    outer loop
      vertex   4.581613e+01 0.000000e+00 1.054793e+02
      vertex   1.473694e+01 0.000000e+00 8.720310e+01
      vertex   1.493409e+01 0.000000e+00 8.859538e+01
    endloop
  endfacet
  facet normal 0.000000e+00 1.000000e+00 0.000000e+00
    outer loop
      vertex   4.581613e+01 0.000000e+00 1.054793e+02
      vertex   1.493409e+01 0.000000e+00 8.859538e+01
      vertex   4.218824e+01 0.000000e+00 1.069820e+02
    endloop
  endfacet
  facet normal 0.000000e+00 1.000000e+00 0.000000e+00
    outer loop
      vertex   4.218824e+01 0.000000e+00 1.069820e+02
      vertex   1.493409e+01 0.000000e+00 8.859538e+01
      vertex   1.500000e+01 0.000000e+00 9.000000e+01
    endloop
  endfacet
  facet normal 0.000000e+00 1.000000e+00 0.000000e+00
    outer loop
      vertex   4.218824e+01 0.000000e+00 1.069820e+02
      vertex   1.500000e+01 0.000000e+00 9.000000e+01
      vertex   3.851116e+01 0.000000e+00 1.083600e+02
    endloop
  endfacet
  facet normal 0.000000e+00 1.000000e+00 0.000000e+00
    outer loop
      vertex   3.851116e+01 0.000000e+00 1.083600e+02
      vertex   1.500000e+01 0.000000e+00 9.000000e+01
      vertex   1.493409e+01 0.000000e+00 9.140462e+01
    endloop
  endfacet
  facet normal 0.000000e+00 1.000000e+00 0.000000e+00
    outer loop
      vertex   3.851116e+01 0.000000e+00 1.083600e+02
      vertex   1.493409e+01 0.000000e+00 9.140462e+01
      vertex   3.478917e+01 0.000000e+00 1.096116e+02
    endloop
  endfacet
  facet normal 0.000000e+00 1.000000e+00 0.000000e+00
    outer loop
      vertex   3.478917e+01 0.000000e+00 1.096116e+02
      vertex   1.493409e+01 0.000000e+00 9.140462e+01
      vertex   1.473694e+01 0.000000e+00 9.279690e+01
    endloop
  endfacet
  facet normal 0.000000e+00 1.000000e+00 0.000000e+00
    outer loop
      vertex   3.478917e+01 0.000000e+00 1.096116e+02
      vertex   1.473694e+01 0.000000e+00 9.279690e+01
      vertex   3.102663e+01 0.000000e+00 1.107355e+02
    endloop
  endfacet
  facet normal 0.000000e+00 1.000000e+00 0.000000e+00
    outer loop
      vertex   3.102663e+01 0.000000e+00 1.107355e+02
      vertex   1.473694e+01 0.000000e+00 9.279690e+01
      vertex   1.441028e+01 0.000000e+00 9.416460e+01
    endloop
  endfacet
  facet normal 0.000000e+00 1.000000e+00 0.000000e+00
    outer loop
      vertex   3.102663e+01 0.000000e+00 1.107355e+02
      vertex   1.441028e+01 0.000000e+00 9.416460e+01
      vertex   1.395698e+01 0.000000e+00 9.549570e+01
    endloop
  endfacet
  facet normal 0.000000e+00 1.000000e+00 -0.000000e+00
    outer loop
      vertex   8.789693e+01 0.000000e+00 1.485184e+01
      vertex   -8.859538e+01 0.000000e+00 1.493409e+01
      vertex   8.929692e+01 0.000000e+00 1.498351e+01
    endloop
  endfacet
  facet normal 0.000000e+00 1.000000e+00 0.000000e+00
    outer loop
      vertex   8.929692e+01 0.000000e+00 1.498351e+01
      vertex   -8.859538e+01 0.000000e+00 1.493409e+01
      vertex   -9.000000e+01 0.000000e+00 1.500000e+01
    endloop
  endfacet
  facet normal 0.000000e+00 1.000000e+00 0.000000e+00
    outer loop
      vertex   8.929692e+01 0.000000e+00 1.498351e+01
      vertex   -9.000000e+01 0.000000e+00 1.500000e+01
      vertex   -3.516386e-01 0.000000e+00 7.500412e+01
    endloop
  endfacet
  facet normal 0.000000e+00 1.000000e+00 0.000000e+00
    outer loop
      vertex   -3.516386e-01 0.000000e+00 7.500412e+01
      vertex   -9.000000e+01 0.000000e+00 1.500000e+01
      vertex   -1.754330e+00 0.000000e+00 7.510294e+01
    endloop
  endfacet
  facet normal 0.000000e+00 1.000000e+00 0.000000e+00
    outer loop
      vertex   -1.754330e+00 0.000000e+00 7.510294e+01
      vertex   -9.000000e+01 0.000000e+00 1.500000e+01
      vertex   -3.141604e+00 0.000000e+00 7.533268e+01
    endloop
  endfacet
  facet normal 0.000000e+00 1.000000e+00 0.000000e+00
    outer loop
      vertex   -3.141604e+00 0.000000e+00 7.533268e+01
      vertex   -9.000000e+01 0.000000e+00 1.500000e+01
      vertex   -4.501270e+00 0.000000e+00 7.569131e+01
    endloop
  endfacet
  facet normal 0.000000e+00 1.000000e+00 0.000000e+00
    outer loop
      vertex   -4.501270e+00 0.000000e+00 7.569131e+01
      vertex   -9.000000e+01 0.000000e+00 1.500000e+01
      vertex   -5.821378e+00 0.000000e+00 7.617569e+01
    endloop
  endfacet
  facet normal 0.000000e+00 1.000000e+00 0.000000e+00
    outer loop
      vertex   -5.821378e+00 0.000000e+00 7.617569e+01
      vertex   -9.000000e+01 0.000000e+00 1.500000e+01
      vertex   -7.090328e+00 0.000000e+00 7.678156e+01
    endloop
  endfacet
  facet normal 0.000000e+00 1.000000e+00 0.000000e+00
    outer loop
      vertex   -7.090328e+00 0.000000e+00 7.678156e+01
      vertex   -9.000000e+01 0.000000e+00 1.500000e+01
      vertex   -8.296967e+00 0.000000e+00 7.750359e+01
    endloop
  endfacet
  facet normal 0.000000e+00 1.000000e+00 0.000000e+00
    outer loop
      vertex   -8.296967e+00 0.000000e+00 7.750359e+01
      vertex   -9.000000e+01 0.000000e+00 1.500000e+01
      vertex   -9.430693e+00 0.000000e+00 7.833544e+01
    endloop
  endfacet
  facet normal 0.000000e+00 1.000000e+00 0.000000e+00
    outer loop
      vertex   -9.430693e+00 0.000000e+00 7.833544e+01
      vertex   -9.000000e+01 0.000000e+00 1.500000e+01
      vertex   -1.048154e+01 0.000000e+00 7.926980e+01
    endloop
  endfacet
  facet normal 0.000000e+00 1.000000e+00 0.000000e+00
    outer loop
      vertex   -1.048154e+01 0.000000e+00 7.926980e+01
      vertex   -9.000000e+01 0.000000e+00 1.500000e+01
      vertex   -8.404614e+01 0.000000e+00 7.849361e+01
    endloop
  endfacet
  facet normal 0.000000e+00 1.000000e+00 0.000000e+00
    outer loop
      vertex   -1.048154e+01 0.000000e+00 7.926980e+01
      vertex   -8.404614e+01 0.000000e+00 7.849361e+01
      vertex   -8.131728e+01 0.000000e+00 8.131728e+01
    endloop
  endfacet
  facet normal 0.000000e+00 1.000000e+00 0.000000e+00
    outer loop
      vertex   -8.859538e+01 0.000000e+00 1.493409e+01
      vertex   8.789693e+01 0.000000e+00 1.485184e+01
      vertex   -8.720310e+01 0.000000e+00 1.473694e+01
    endloop
  endfacet
  facet normal -0.000000e+00 1.000000e+00 0.000000e+00
    outer loop
      vertex   -8.720310e+01 0.000000e+00 1.473694e+01
      vertex   8.789693e+01 0.000000e+00 1.485184e+01
      vertex   8.651542e+01 0.000000e+00 1.458964e+01
    endloop
  endfacet
  facet normal 0.000000e+00 1.000000e+00 0.000000e+00
    outer loop
      vertex   -8.720310e+01 0.000000e+00 1.473694e+01
      vertex   8.651542e+01 0.000000e+00 1.458964e+01
      vertex   -8.583540e+01 0.000000e+00 1.441028e+01
    endloop
  endfacet
  facet normal -0.000000e+00 1.000000e+00 0.000000e+00
    outer loop
      vertex   -8.583540e+01 0.000000e+00 1.441028e+01
      vertex   8.651542e+01 0.000000e+00 1.458964e+01
      vertex   8.516454e+01 0.000000e+00 1.419924e+01
    endloop
  endfacet
  facet normal 0.000000e+00 1.000000e+00 0.000000e+00
    outer loop
      vertex   -8.583540e+01 0.000000e+00 1.441028e+01
      vertex   8.516454e+01 0.000000e+00 1.419924e+01
      vertex   -8.450430e+01 0.000000e+00 1.395698e+01
    endloop
  endfacet
  facet normal -0.000000e+00 1.000000e+00 0.000000e+00
    outer loop
      vertex   -8.450430e+01 0.000000e+00 1.395698e+01
      vertex   8.516454e+01 0.000000e+00 1.419924e+01
      vertex   8.385614e+01 0.000000e+00 1.368404e+01
    endloop
  endfacet
  facet normal 0.000000e+00 1.000000e+00 0.000000e+00
    outer loop
      vertex   -8.450430e+01 0.000000e+00 1.395698e+01
      vertex   8.385614e+01 0.000000e+00 1.368404e+01
      vertex   -8.322150e+01 0.000000e+00 1.338103e+01
    endloop
  endfacet
  facet normal -0.000000e+00 1.000000e+00 0.000000e+00
    outer loop
      vertex   -8.322150e+01 0.000000e+00 1.338103e+01
      vertex   8.385614e+01 0.000000e+00 1.368404e+01
      vertex   8.260175e+01 0.000000e+00 1.304860e+01
    endloop
  endfacet
  facet normal 0.000000e+00 1.000000e+00 0.000000e+00
    outer loop
      vertex   -8.322150e+01 0.000000e+00 1.338103e+01
      vertex   8.260175e+01 0.000000e+00 1.304860e+01
      vertex   -8.199826e+01 0.000000e+00 1.268748e+01
    endloop
  endfacet
  facet normal -0.000000e+00 1.000000e+00 0.000000e+00
    outer loop
      vertex   -8.199826e+01 0.000000e+00 1.268748e+01
      vertex   8.260175e+01 0.000000e+00 1.304860e+01
      vertex   8.141236e+01 0.000000e+00 1.229848e+01
    endloop
  endfacet
  facet normal 0.000000e+00 1.000000e+00 0.000000e+00
    outer loop
      vertex   -8.199826e+01 0.000000e+00 1.268748e+01
      vertex   8.141236e+01 0.000000e+00 1.229848e+01
      vertex   -8.084535e+01 0.000000e+00 1.188244e+01
    endloop
  endfacet
  facet normal -0.000000e+00 1.000000e+00 0.000000e+00
    outer loop
      vertex   -8.084535e+01 0.000000e+00 1.188244e+01
      vertex   8.141236e+01 0.000000e+00 1.229848e+01
      vertex   8.029845e+01 0.000000e+00 1.144028e+01
    endloop
  endfacet
  facet normal 0.000000e+00 1.000000e+00 0.000000e+00
    outer loop
      vertex   -8.084535e+01 0.000000e+00 1.188244e+01
      vertex   8.029845e+01 0.000000e+00 1.144028e+01
      vertex   -7.977288e+01 0.000000e+00 1.097297e+01
    endloop
  endfacet
  facet normal -0.000000e+00 1.000000e+00 0.000000e+00
    outer loop
      vertex   -7.977288e+01 0.000000e+00 1.097297e+01
      vertex   8.029845e+01 0.000000e+00 1.144028e+01
      vertex   7.926980e+01 0.000000e+00 1.048154e+01
    endloop
  endfacet
  facet normal 0.000000e+00 1.000000e+00 0.000000e+00
    outer loop
      vertex   -7.977288e+01 0.000000e+00 1.097297e+01
      vertex   7.926980e+01 0.000000e+00 1.048154e+01
      vertex   -7.879030e+01 0.000000e+00 9.967072e+00
    endloop
  endfacet
  facet normal -0.000000e+00 1.000000e+00 0.000000e+00
    outer loop
      vertex   -7.879030e+01 0.000000e+00 9.967072e+00
      vertex   7.926980e+01 0.000000e+00 1.048154e+01
      vertex   7.833544e+01 0.000000e+00 9.430693e+00
    endloop
  endfacet
  facet normal 0.000000e+00 1.000000e+00 0.000000e+00
    outer loop
      vertex   -7.879030e+01 0.000000e+00 9.967072e+00
      vertex   7.833544e+01 0.000000e+00 9.430693e+00
      vertex   -7.790622e+01 0.000000e+00 8.873583e+00
    endloop
  endfacet
  facet normal -0.000000e+00 1.000000e+00 0.000000e+00
    outer loop
      vertex   -7.790622e+01 0.000000e+00 8.873583e+00
      vertex   7.833544e+01 0.000000e+00 9.430693e+00
      vertex   7.750359e+01 0.000000e+00 8.296967e+00
    endloop
  endfacet
  facet normal 0.000000e+00 1.000000e+00 0.000000e+00
    outer loop
      vertex   -7.790622e+01 0.000000e+00 8.873583e+00
      vertex   7.750359e+01 0.000000e+00 8.296967e+00
      vertex   -7.712842e+01 0.000000e+00 7.702113e+00
    endloop
  endfacet
  facet normal -0.000000e+00 1.000000e+00 0.000000e+00
    outer loop
      vertex   -7.712842e+01 0.000000e+00 7.702113e+00
      vertex   7.750359e+01 0.000000e+00 8.296967e+00
      vertex   7.678156e+01 0.000000e+00 7.090328e+00
    endloop
  endfacet
  facet normal 0.000000e+00 1.000000e+00 0.000000e+00
    outer loop
      vertex   -7.712842e+01 0.000000e+00 7.702113e+00
      vertex   7.678156e+01 0.000000e+00 7.090328e+00
      vertex   -7.646375e+01 0.000000e+00 6.462956e+00
    endloop
  endfacet
  facet normal -0.000000e+00 1.000000e+00 0.000000e+00
    outer loop
      vertex   -7.646375e+01 0.000000e+00 6.462956e+00
      vertex   7.678156e+01 0.000000e+00 7.090328e+00
      vertex   7.617569e+01 0.000000e+00 5.821378e+00
    endloop
  endfacet
  facet normal 0.000000e+00 1.000000e+00 0.000000e+00
    outer loop
      vertex   -7.646375e+01 0.000000e+00 6.462956e+00
      vertex   7.617569e+01 0.000000e+00 5.821378e+00
      vertex   -7.591802e+01 0.000000e+00 5.167003e+00
    endloop
  endfacet
  facet normal -0.000000e+00 1.000000e+00 0.000000e+00
    outer loop
      vertex   -7.591802e+01 0.000000e+00 5.167003e+00
      vertex   7.617569e+01 0.000000e+00 5.821378e+00
      vertex   7.569131e+01 0.000000e+00 4.501270e+00
    endloop
  endfacet
  facet normal 0.000000e+00 1.000000e+00 0.000000e+00
    outer loop
      vertex   -7.591802e+01 0.000000e+00 5.167003e+00
      vertex   7.569131e+01 0.000000e+00 4.501270e+00
      vertex   -7.549605e+01 0.000000e+00 3.825642e+00
    endloop
  endfacet
  facet normal -0.000000e+00 1.000000e+00 0.000000e+00
    outer loop
      vertex   -7.549605e+01 0.000000e+00 3.825642e+00
      vertex   7.569131e+01 0.000000e+00 4.501270e+00
      vertex   7.533268e+01 0.000000e+00 3.141604e+00
    endloop
  endfacet
  facet normal 0.000000e+00 1.000000e+00 0.000000e+00
    outer loop
      vertex   -7.549605e+01 0.000000e+00 3.825642e+00
      vertex   7.533268e+01 0.000000e+00 3.141604e+00
      vertex   -7.520155e+01 0.000000e+00 2.450660e+00
    endloop
  endfacet
  facet normal -0.000000e+00 1.000000e+00 0.000000e+00
    outer loop
      vertex   -7.520155e+01 0.000000e+00 2.450660e+00
      vertex   7.533268e+01 0.000000e+00 3.141604e+00
      vertex   7.510294e+01 0.000000e+00 1.754330e+00
    endloop
  endfacet
  facet normal 0.000000e+00 1.000000e+00 0.000000e+00
    outer loop
      vertex   -7.520155e+01 0.000000e+00 2.450660e+00
      vertex   7.510294e+01 0.000000e+00 1.754330e+00
      vertex   -7.503709e+01 0.000000e+00 1.054143e+00
    endloop
  endfacet
  facet normal -0.000000e+00 1.000000e+00 0.000000e+00
    outer loop
      vertex   -7.503709e+01 0.000000e+00 1.054143e+00
      vertex   7.510294e+01 0.000000e+00 1.754330e+00
      vertex   7.500412e+01 0.000000e+00 3.516386e-01
    endloop
  endfacet
  facet normal 0.000000e+00 1.000000e+00 0.000000e+00
    outer loop
      vertex   -7.503709e+01 0.000000e+00 1.054143e+00
      vertex   7.500412e+01 0.000000e+00 3.516386e-01
      vertex   -7.500412e+01 0.000000e+00 -3.516386e-01
    endloop
  endfacet
  facet normal -0.000000e+00 1.000000e+00 0.000000e+00
    outer loop
      vertex   -7.500412e+01 0.000000e+00 -3.516386e-01
      vertex   7.500412e+01 0.000000e+00 3.516386e-01
      vertex   3.516386e-01 0.000000e+00 -7.500412e+01
    endloop
  endfacet
  facet normal 0.000000e+00 1.000000e+00 0.000000e+00
    outer loop
      vertex   -7.500412e+01 0.000000e+00 -3.516386e-01
      vertex   3.516386e-01 0.000000e+00 -7.500412e+01
      vertex   -1.054143e+00 0.000000e+00 -7.503709e+01
    endloop
  endfacet
  facet normal 0.000000e+00 1.000000e+00 0.000000e+00
    outer loop
      vertex   7.500412e+01 0.000000e+00 3.516386e-01
      vertex   7.503709e+01 0.000000e+00 -1.054143e+00
      vertex   3.516386e-01 0.000000e+00 -7.500412e+01
    endloop
  endfacet
  facet normal 0.000000e+00 1.000000e+00 0.000000e+00
    outer loop
      vertex   3.516386e-01 0.000000e+00 -7.500412e+01
      vertex   7.503709e+01 0.000000e+00 -1.054143e+00
      vertex   7.520155e+01 0.000000e+00 -2.450660e+00
    endloop
  endfacet
  facet normal 0.000000e+00 1.000000e+00 0.000000e+00
    outer loop
      vertex   3.516386e-01 0.000000e+00 -7.500412e+01
      vertex   7.520155e+01 0.000000e+00 -2.450660e+00
      vertex   7.549605e+01 0.000000e+00 -3.825642e+00
    endloop
  endfacet
  facet normal 0.000000e+00 1.000000e+00 0.000000e+00
    outer loop
      vertex   7.549605e+01 0.000000e+00 -3.825642e+00
      vertex   7.591802e+01 0.000000e+00 -5.167003e+00
      vertex   3.516386e-01 0.000000e+00 -7.500412e+01
    endloop
  endfacet
  facet normal 0.000000e+00 1.000000e+00 0.000000e+00
    outer loop
      vertex   3.516386e-01 0.000000e+00 -7.500412e+01
      vertex   7.591802e+01 0.000000e+00 -5.167003e+00
      vertex   7.646375e+01 0.000000e+00 -6.462956e+00
    endloop
  endfacet
  facet normal 0.000000e+00 1.000000e+00 0.000000e+00
    outer loop
      vertex   3.516386e-01 0.000000e+00 -7.500412e+01
      vertex   7.646375e+01 0.000000e+00 -6.462956e+00
      vertex   7.712842e+01 0.000000e+00 -7.702113e+00
    endloop
  endfacet
  facet normal 0.000000e+00 1.000000e+00 0.000000e+00
    outer loop
      vertex   7.712842e+01 0.000000e+00 -7.702113e+00
      vertex   7.790622e+01 0.000000e+00 -8.873583e+00
      vertex   3.516386e-01 0.000000e+00 -7.500412e+01
    endloop
  endfacet
  facet normal 0.000000e+00 1.000000e+00 0.000000e+00
    outer loop
      vertex   3.516386e-01 0.000000e+00 -7.500412e+01
      vertex   7.790622e+01 0.000000e+00 -8.873583e+00
      vertex   7.879030e+01 0.000000e+00 -9.967072e+00
    endloop
  endfacet
  facet normal 0.000000e+00 1.000000e+00 0.000000e+00
    outer loop
      vertex   3.516386e-01 0.000000e+00 -7.500412e+01
      vertex   7.879030e+01 0.000000e+00 -9.967072e+00
      vertex   7.977288e+01 0.000000e+00 -1.097297e+01
    endloop
  endfacet
  facet normal 0.000000e+00 1.000000e+00 0.000000e+00
    outer loop
      vertex   3.516386e-01 0.000000e+00 -7.500412e+01
      vertex   7.977288e+01 0.000000e+00 -1.097297e+01
      vertex   8.920680e+01 0.000000e+00 -7.257511e+01
    endloop
  endfacet
  facet normal 0.000000e+00 1.000000e+00 0.000000e+00
    outer loop
      vertex   8.920680e+01 0.000000e+00 -7.257511e+01
      vertex   7.977288e+01 0.000000e+00 -1.097297e+01
      vertex   8.084535e+01 0.000000e+00 -1.188244e+01
    endloop
  endfacet
  facet normal 0.000000e+00 1.000000e+00 0.000000e+00
    outer loop
      vertex   8.920680e+01 0.000000e+00 -7.257511e+01
      vertex   8.084535e+01 0.000000e+00 -1.188244e+01
      vertex   8.199826e+01 0.000000e+00 -1.268748e+01
    endloop
  endfacet
  facet normal 0.000000e+00 1.000000e+00 0.000000e+00
    outer loop
      vertex   8.322150e+01 0.000000e+00 -1.338103e+01
      vertex   9.395154e+01 0.000000e+00 -6.631824e+01
      vertex   8.199826e+01 0.000000e+00 -1.268748e+01
    endloop
  endfacet
  facet normal 0.000000e+00 1.000000e+00 0.000000e+00
    outer loop
      vertex   8.199826e+01 0.000000e+00 -1.268748e+01
      vertex   9.395154e+01 0.000000e+00 -6.631824e+01
      vertex   9.163259e+01 0.000000e+00 -6.948718e+01
    endloop
  endfacet
  facet normal 0.000000e+00 1.000000e+00 0.000000e+00
    outer loop
      vertex   8.199826e+01 0.000000e+00 -1.268748e+01
      vertex   9.163259e+01 0.000000e+00 -6.948718e+01
      vertex   8.920680e+01 0.000000e+00 -7.257511e+01
    endloop
  endfacet
  facet normal 0.000000e+00 1.000000e+00 0.000000e+00
    outer loop
      vertex   8.450430e+01 0.000000e+00 -1.395698e+01
      vertex   9.825823e+01 0.000000e+00 -5.975215e+01
      vertex   8.322150e+01 0.000000e+00 -1.338103e+01
    endloop
  endfacet
  facet normal 0.000000e+00 1.000000e+00 0.000000e+00
    outer loop
      vertex   8.322150e+01 0.000000e+00 -1.338103e+01
      vertex   9.825823e+01 0.000000e+00 -5.975215e+01
      vertex   9.616094e+01 0.000000e+00 -6.307197e+01
    endloop
  endfacet
  facet normal 0.000000e+00 1.000000e+00 0.000000e+00
    outer loop
      vertex   8.322150e+01 0.000000e+00 -1.338103e+01
      vertex   9.616094e+01 0.000000e+00 -6.307197e+01
      vertex   9.395154e+01 0.000000e+00 -6.631824e+01
    endloop
  endfacet
  facet normal 0.000000e+00 1.000000e+00 -0.000000e+00
    outer loop
      vertex   9.825823e+01 0.000000e+00 -5.975215e+01
      vertex   8.450430e+01 0.000000e+00 -1.395698e+01
      vertex   1.002410e+02 0.000000e+00 -5.636267e+01
    endloop
  endfacet
  facet normal 0.000000e+00 1.000000e+00 0.000000e+00
    outer loop
      vertex   1.002410e+02 0.000000e+00 -5.636267e+01
      vertex   8.450430e+01 0.000000e+00 -1.395698e+01
      vertex   8.583540e+01 0.000000e+00 -1.441028e+01
    endloop
  endfacet
  facet normal 0.000000e+00 1.000000e+00 0.000000e+00
    outer loop
      vertex   3.102663e+01 0.000000e+00 1.107355e+02
      vertex   1.395698e+01 0.000000e+00 9.549570e+01
      vertex   2.722791e+01 0.000000e+00 1.117302e+02
    endloop
  endfacet
  facet normal 0.000000e+00 1.000000e+00 0.000000e+00
    outer loop
      vertex   2.722791e+01 0.000000e+00 1.117302e+02
      vertex   1.395698e+01 0.000000e+00 9.549570e+01
      vertex   1.338103e+01 0.000000e+00 9.677850e+01
    endloop
  endfacet
  facet normal 0.000000e+00 1.000000e+00 0.000000e+00
    outer loop
      vertex   2.722791e+01 0.000000e+00 1.117302e+02
      vertex   1.338103e+01 0.000000e+00 9.677850e+01
      vertex   2.339744e+01 0.000000e+00 1.125947e+02
    endloop
  endfacet
  facet normal 0.000000e+00 1.000000e+00 0.000000e+00
    outer loop
      vertex   2.339744e+01 0.000000e+00 1.125947e+02
      vertex   1.338103e+01 0.000000e+00 9.677850e+01
      vertex   1.268748e+01 0.000000e+00 9.800174e+01
    endloop
  endfacet
  facet normal 0.000000e+00 1.000000e+00 0.000000e+00
    outer loop
      vertex   2.339744e+01 0.000000e+00 1.125947e+02
      vertex   1.268748e+01 0.000000e+00 9.800174e+01
      vertex   1.188244e+01 0.000000e+00 9.915465e+01
    endloop
  endfacet
  facet normal 0.000000e+00 1.000000e+00 0.000000e+00
    outer loop
      vertex   2.339744e+01 0.000000e+00 1.125947e+02
      vertex   1.188244e+01 0.000000e+00 9.915465e+01
      vertex   1.953969e+01 0.000000e+00 1.133278e+02
    endloop
  endfacet
  facet normal 0.000000e+00 1.000000e+00 0.000000e+00
    outer loop
      vertex   1.953969e+01 0.000000e+00 1.133278e+02
      vertex   1.188244e+01 0.000000e+00 9.915465e+01
      vertex   1.097297e+01 0.000000e+00 1.002271e+02
    endloop
  endfacet
  facet normal 0.000000e+00 1.000000e+00 0.000000e+00
    outer loop
      vertex   1.953969e+01 0.000000e+00 1.133278e+02
      vertex   1.097297e+01 0.000000e+00 1.002271e+02
      vertex   1.565916e+01 0.000000e+00 1.139289e+02
    endloop
  endfacet
  facet normal 0.000000e+00 1.000000e+00 0.000000e+00
    outer loop
      vertex   1.565916e+01 0.000000e+00 1.139289e+02
      vertex   1.097297e+01 0.000000e+00 1.002271e+02
      vertex   9.967072e+00 0.000000e+00 1.012097e+02
    endloop
  endfacet
  facet normal 0.000000e+00 1.000000e+00 0.000000e+00
    outer loop
      vertex   1.565916e+01 0.000000e+00 1.139289e+02
      vertex   9.967072e+00 0.000000e+00 1.012097e+02
      vertex   8.873583e+00 0.000000e+00 1.020938e+02
    endloop
  endfacet
  facet normal 0.000000e+00 1.000000e+00 0.000000e+00
    outer loop
      vertex   1.565916e+01 0.000000e+00 1.139289e+02
      vertex   8.873583e+00 0.000000e+00 1.020938e+02
      vertex   1.176038e+01 0.000000e+00 1.143971e+02
    endloop
  endfacet
  facet normal 0.000000e+00 1.000000e+00 0.000000e+00
    outer loop
      vertex   1.176038e+01 0.000000e+00 1.143971e+02
      vertex   8.873583e+00 0.000000e+00 1.020938e+02
      vertex   7.702113e+00 0.000000e+00 1.028716e+02
    endloop
  endfacet
  facet normal 0.000000e+00 1.000000e+00 0.000000e+00
    outer loop
      vertex   1.176038e+01 0.000000e+00 1.143971e+02
      vertex   7.702113e+00 0.000000e+00 1.028716e+02
      vertex   6.462956e+00 0.000000e+00 1.035363e+02
    endloop
  endfacet
  facet normal 0.000000e+00 1.000000e+00 0.000000e+00
    outer loop
      vertex   1.176038e+01 0.000000e+00 1.143971e+02
      vertex   6.462956e+00 0.000000e+00 1.035363e+02
      vertex   7.847878e+00 0.000000e+00 1.147319e+02
    endloop
  endfacet
  facet normal 0.000000e+00 1.000000e+00 0.000000e+00
    outer loop
      vertex   7.847878e+00 0.000000e+00 1.147319e+02
      vertex   6.462956e+00 0.000000e+00 1.035363e+02
      vertex   5.167003e+00 0.000000e+00 1.040820e+02
    endloop
  endfacet
  facet normal 0.000000e+00 1.000000e+00 0.000000e+00
    outer loop
      vertex   7.847878e+00 0.000000e+00 1.147319e+02
      vertex   5.167003e+00 0.000000e+00 1.040820e+02
      vertex   3.825642e+00 0.000000e+00 1.045039e+02
    endloop
  endfacet
  facet normal 0.000000e+00 1.000000e+00 0.000000e+00
    outer loop
      vertex   7.847878e+00 0.000000e+00 1.147319e+02
      vertex   3.825642e+00 0.000000e+00 1.045039e+02
      vertex   3.926228e+00 0.000000e+00 1.149330e+02
    endloop
  endfacet
  facet normal 0.000000e+00 1.000000e+00 0.000000e+00
    outer loop
      vertex   3.926228e+00 0.000000e+00 1.149330e+02
      vertex   3.825642e+00 0.000000e+00 1.045039e+02
      vertex   2.450660e+00 0.000000e+00 1.047985e+02
    endloop
  endfacet
  facet normal 0.000000e+00 1.000000e+00 0.000000e+00
    outer loop
      vertex   3.926228e+00 0.000000e+00 1.149330e+02
      vertex   2.450660e+00 0.000000e+00 1.047985e+02
      vertex   1.054143e+00 0.000000e+00 1.049629e+02
    endloop
  endfacet
  facet normal 0.000000e+00 1.000000e+00 0.000000e+00
    outer loop
      vertex   3.926228e+00 0.000000e+00 1.149330e+02
      vertex   1.054143e+00 0.000000e+00 1.049629e+02
      vertex   7.041719e-15 0.000000e+00 1.150000e+02
    endloop
  endfacet
  facet normal 0.000000e+00 1.000000e+00 0.000000e+00
    outer loop
      vertex   7.041719e-15 0.000000e+00 1.150000e+02
      vertex   1.054143e+00 0.000000e+00 1.049629e+02
      vertex   -3.516386e-01 0.000000e+00 1.049959e+02
    endloop
  endfacet
  facet normal 0.000000e+00 1.000000e+00 0.000000e+00
    outer loop
      vertex   7.041719e-15 0.000000e+00 1.150000e+02
      vertex   -3.516386e-01 0.000000e+00 1.049959e+02
      vertex   -3.926228e+00 0.000000e+00 1.149330e+02
    endloop
  endfacet
  facet normal 0.000000e+00 1.000000e+00 0.000000e+00
    outer loop
      vertex   -3.926228e+00 0.000000e+00 1.149330e+02
      vertex   -3.516386e-01 0.000000e+00 1.049959e+02
      vertex   -7.847878e+00 0.000000e+00 1.147319e+02
    endloop
  endfacet
  facet normal 0.000000e+00 1.000000e+00 0.000000e+00
    outer loop
      vertex   -7.847878e+00 0.000000e+00 1.147319e+02
      vertex   -3.516386e-01 0.000000e+00 1.049959e+02
      vertex   -1.176038e+01 0.000000e+00 1.143971e+02
    endloop
  endfacet
  facet normal 0.000000e+00 1.000000e+00 0.000000e+00
    outer loop
      vertex   -1.176038e+01 0.000000e+00 1.143971e+02
      vertex   -3.516386e-01 0.000000e+00 1.049959e+02
      vertex   -1.565916e+01 0.000000e+00 1.139289e+02
    endloop
  endfacet
  facet normal 0.000000e+00 1.000000e+00 0.000000e+00
    outer loop
      vertex   -1.565916e+01 0.000000e+00 1.139289e+02
      vertex   -3.516386e-01 0.000000e+00 1.049959e+02
      vertex   -1.953969e+01 0.000000e+00 1.133278e+02
    endloop
  endfacet
  facet normal 0.000000e+00 1.000000e+00 0.000000e+00
    outer loop
      vertex   -1.953969e+01 0.000000e+00 1.133278e+02
      vertex   -3.516386e-01 0.000000e+00 1.049959e+02
      vertex   -2.339744e+01 0.000000e+00 1.125947e+02
    endloop
  endfacet
  facet normal 0.000000e+00 1.000000e+00 0.000000e+00
    outer loop
      vertex   -2.339744e+01 0.000000e+00 1.125947e+02
      vertex   -3.516386e-01 0.000000e+00 1.049959e+02
      vertex   -2.722791e+01 0.000000e+00 1.117302e+02
    endloop
  endfacet
  facet normal 0.000000e+00 1.000000e+00 0.000000e+00
    outer loop
      vertex   -2.722791e+01 0.000000e+00 1.117302e+02
      vertex   -3.516386e-01 0.000000e+00 1.049959e+02
      vertex   -3.102663e+01 0.000000e+00 1.107355e+02
    endloop
  endfacet
  facet normal 0.000000e+00 1.000000e+00 0.000000e+00
    outer loop
      vertex   -3.102663e+01 0.000000e+00 1.107355e+02
      vertex   -3.516386e-01 0.000000e+00 1.049959e+02
      vertex   -3.478917e+01 0.000000e+00 1.096116e+02
    endloop
  endfacet
  facet normal 0.000000e+00 1.000000e+00 0.000000e+00
    outer loop
      vertex   -3.478917e+01 0.000000e+00 1.096116e+02
      vertex   -3.516386e-01 0.000000e+00 1.049959e+02
      vertex   -3.851116e+01 0.000000e+00 1.083600e+02
    endloop
  endfacet
  facet normal 0.000000e+00 1.000000e+00 0.000000e+00
    outer loop
      vertex   -3.851116e+01 0.000000e+00 1.083600e+02
      vertex   -3.516386e-01 0.000000e+00 1.049959e+02
      vertex   -4.218824e+01 0.000000e+00 1.069820e+02
    endloop
  endfacet
  facet normal 0.000000e+00 1.000000e+00 0.000000e+00
    outer loop
      vertex   -4.218824e+01 0.000000e+00 1.069820e+02
      vertex   -3.516386e-01 0.000000e+00 1.049959e+02
      vertex   -4.581613e+01 0.000000e+00 1.054793e+02
    endloop
  endfacet
  facet normal 0.000000e+00 1.000000e+00 0.000000e+00
    outer loop
      vertex   -4.581613e+01 0.000000e+00 1.054793e+02
      vertex   -3.516386e-01 0.000000e+00 1.049959e+02
      vertex   -1.754330e+00 0.000000e+00 1.048971e+02
    endloop
  endfacet
  facet normal 0.000000e+00 1.000000e+00 0.000000e+00
    outer loop
      vertex   -4.581613e+01 0.000000e+00 1.054793e+02
      vertex   -1.754330e+00 0.000000e+00 1.048971e+02
      vertex   -3.141604e+00 0.000000e+00 1.046673e+02
    endloop
  endfacet
  facet normal 0.000000e+00 1.000000e+00 0.000000e+00
    outer loop
      vertex   -3.141604e+00 0.000000e+00 1.046673e+02
      vertex   -4.501270e+00 0.000000e+00 1.043087e+02
      vertex   -4.581613e+01 0.000000e+00 1.054793e+02
    endloop
  endfacet
  facet normal 0.000000e+00 1.000000e+00 0.000000e+00
    outer loop
      vertex   -4.581613e+01 0.000000e+00 1.054793e+02
      vertex   -4.501270e+00 0.000000e+00 1.043087e+02
      vertex   -5.821378e+00 0.000000e+00 1.038243e+02
    endloop
  endfacet
  facet normal 0.000000e+00 1.000000e+00 0.000000e+00
    outer loop
      vertex   -4.581613e+01 0.000000e+00 1.054793e+02
      vertex   -5.821378e+00 0.000000e+00 1.038243e+02
      vertex   -7.090328e+00 0.000000e+00 1.032184e+02
    endloop
  endfacet
  facet normal 0.000000e+00 1.000000e+00 0.000000e+00
    outer loop
      vertex   -7.090328e+00 0.000000e+00 1.032184e+02
      vertex   -8.296967e+00 0.000000e+00 1.024964e+02
      vertex   -4.581613e+01 0.000000e+00 1.054793e+02
    endloop
  endfacet
  facet normal 0.000000e+00 1.000000e+00 0.000000e+00
    outer loop
      vertex   -4.581613e+01 0.000000e+00 1.054793e+02
      vertex   -8.296967e+00 0.000000e+00 1.024964e+02
      vertex   -9.430693e+00 0.000000e+00 1.016646e+02
    endloop
  endfacet
  facet normal 0.000000e+00 1.000000e+00 0.000000e+00
    outer loop
      vertex   -4.581613e+01 0.000000e+00 1.054793e+02
      vertex   -9.430693e+00 0.000000e+00 1.016646e+02
      vertex   -1.048154e+01 0.000000e+00 1.007302e+02
    endloop
  endfacet
  facet normal 0.000000e+00 1.000000e+00 0.000000e+00
    outer loop
      vertex   -1.048154e+01 0.000000e+00 1.007302e+02
      vertex   -1.144028e+01 0.000000e+00 9.970155e+01
      vertex   -4.581613e+01 0.000000e+00 1.054793e+02
    endloop
  endfacet
  facet normal 0.000000e+00 1.000000e+00 0.000000e+00
    outer loop
      vertex   -4.581613e+01 0.000000e+00 1.054793e+02
      vertex   -1.144028e+01 0.000000e+00 9.970155e+01
      vertex   -1.229848e+01 0.000000e+00 9.858764e+01
    endloop
  endfacet
  facet normal 0.000000e+00 1.000000e+00 0.000000e+00
    outer loop
      vertex   -4.581613e+01 0.000000e+00 1.054793e+02
      vertex   -1.229848e+01 0.000000e+00 9.858764e+01
      vertex   -1.304860e+01 0.000000e+00 9.739825e+01
    endloop
  endfacet
  facet normal 0.000000e+00 1.000000e+00 0.000000e+00
    outer loop
      vertex   -1.304860e+01 0.000000e+00 9.739825e+01
      vertex   -1.368404e+01 0.000000e+00 9.614386e+01
      vertex   -4.581613e+01 0.000000e+00 1.054793e+02
    endloop
  endfacet
  facet normal 0.000000e+00 1.000000e+00 0.000000e+00
    outer loop
      vertex   -4.581613e+01 0.000000e+00 1.054793e+02
      vertex   -1.368404e+01 0.000000e+00 9.614386e+01
      vertex   -1.419924e+01 0.000000e+00 9.483546e+01
    endloop
  endfacet
  facet normal 0.000000e+00 1.000000e+00 0.000000e+00
    outer loop
      vertex   -4.581613e+01 0.000000e+00 1.054793e+02
      vertex   -1.419924e+01 0.000000e+00 9.483546e+01
      vertex   -1.458964e+01 0.000000e+00 9.348458e+01
    endloop
  endfacet
  facet normal 0.000000e+00 1.000000e+00 0.000000e+00
    outer loop
      vertex   -1.458964e+01 0.000000e+00 9.348458e+01
      vertex   -1.485184e+01 0.000000e+00 9.210307e+01
      vertex   -4.581613e+01 0.000000e+00 1.054793e+02
    endloop
  endfacet
  facet normal 0.000000e+00 1.000000e+00 0.000000e+00
    outer loop
      vertex   -4.581613e+01 0.000000e+00 1.054793e+02
      vertex   -1.485184e+01 0.000000e+00 9.210307e+01
      vertex   -1.498351e+01 0.000000e+00 9.070308e+01
    endloop
  endfacet
  facet normal 0.000000e+00 1.000000e+00 0.000000e+00
    outer loop
      vertex   -4.581613e+01 0.000000e+00 1.054793e+02
      vertex   -1.498351e+01 0.000000e+00 9.070308e+01
      vertex   -1.498351e+01 0.000000e+00 8.929692e+01
    endloop
  endfacet
  facet normal 0.000000e+00 1.000000e+00 0.000000e+00
    outer loop
      vertex   -1.498351e+01 0.000000e+00 8.929692e+01
      vertex   -1.485184e+01 0.000000e+00 8.789693e+01
      vertex   -4.581613e+01 0.000000e+00 1.054793e+02
    endloop
  endfacet
  facet normal 0.000000e+00 1.000000e+00 0.000000e+00
    outer loop
      vertex   -4.581613e+01 0.000000e+00 1.054793e+02
      vertex   -1.485184e+01 0.000000e+00 8.789693e+01
      vertex   -4.939060e+01 0.000000e+00 1.038536e+02
    endloop
  endfacet
  facet normal 0.000000e+00 1.000000e+00 0.000000e+00
    outer loop
      vertex   -4.939060e+01 0.000000e+00 1.038536e+02
      vertex   -1.485184e+01 0.000000e+00 8.789693e+01
      vertex   -1.458964e+01 0.000000e+00 8.651542e+01
    endloop
  endfacet
  facet normal 0.000000e+00 1.000000e+00 0.000000e+00
    outer loop
      vertex   -4.939060e+01 0.000000e+00 1.038536e+02
      vertex   -1.458964e+01 0.000000e+00 8.651542e+01
      vertex   -5.290748e+01 0.000000e+00 1.021068e+02
    endloop
  endfacet
  facet normal 0.000000e+00 1.000000e+00 0.000000e+00
    outer loop
      vertex   -5.290748e+01 0.000000e+00 1.021068e+02
      vertex   -1.458964e+01 0.000000e+00 8.651542e+01
      vertex   -1.419924e+01 0.000000e+00 8.516454e+01
    endloop
  endfacet
  facet normal 0.000000e+00 1.000000e+00 0.000000e+00
    outer loop
      vertex   -5.290748e+01 0.000000e+00 1.021068e+02
      vertex   -1.419924e+01 0.000000e+00 8.516454e+01
      vertex   -5.636267e+01 0.000000e+00 1.002410e+02
    endloop
  endfacet
  facet normal 0.000000e+00 1.000000e+00 0.000000e+00
    outer loop
      vertex   -5.636267e+01 0.000000e+00 1.002410e+02
      vertex   -1.419924e+01 0.000000e+00 8.516454e+01
      vertex   -1.368404e+01 0.000000e+00 8.385614e+01
    endloop
  endfacet
  facet normal 0.000000e+00 1.000000e+00 0.000000e+00
    outer loop
      vertex   -5.636267e+01 0.000000e+00 1.002410e+02
      vertex   -1.368404e+01 0.000000e+00 8.385614e+01
      vertex   -5.975215e+01 0.000000e+00 9.825823e+01
    endloop
  endfacet
  facet normal 0.000000e+00 1.000000e+00 0.000000e+00
    outer loop
      vertex   -5.975215e+01 0.000000e+00 9.825823e+01
      vertex   -1.368404e+01 0.000000e+00 8.385614e+01
      vertex   -6.307197e+01 0.000000e+00 9.616094e+01
    endloop
  endfacet
  facet normal 0.000000e+00 1.000000e+00 0.000000e+00
    outer loop
      vertex   -6.307197e+01 0.000000e+00 9.616094e+01
      vertex   -1.368404e+01 0.000000e+00 8.385614e+01
      vertex   -1.304860e+01 0.000000e+00 8.260175e+01
    endloop
  endfacet
  facet normal 0.000000e+00 1.000000e+00 0.000000e+00
    outer loop
      vertex   -6.307197e+01 0.000000e+00 9.616094e+01
      vertex   -1.304860e+01 0.000000e+00 8.260175e+01
      vertex   -6.631824e+01 0.000000e+00 9.395154e+01
    endloop
  endfacet
  facet normal 0.000000e+00 1.000000e+00 0.000000e+00
    outer loop
      vertex   -6.631824e+01 0.000000e+00 9.395154e+01
      vertex   -1.304860e+01 0.000000e+00 8.260175e+01
      vertex   -6.948718e+01 0.000000e+00 9.163259e+01
    endloop
  endfacet
  facet normal 0.000000e+00 1.000000e+00 0.000000e+00
    outer loop
      vertex   -6.948718e+01 0.000000e+00 9.163259e+01
      vertex   -1.304860e+01 0.000000e+00 8.260175e+01
      vertex   -1.229848e+01 0.000000e+00 8.141236e+01
    endloop
  endfacet
  facet normal 0.000000e+00 1.000000e+00 0.000000e+00
    outer loop
      vertex   -6.948718e+01 0.000000e+00 9.163259e+01
      vertex   -1.229848e+01 0.000000e+00 8.141236e+01
      vertex   -7.257511e+01 0.000000e+00 8.920680e+01
    endloop
  endfacet
  facet normal 0.000000e+00 1.000000e+00 0.000000e+00
    outer loop
      vertex   -7.257511e+01 0.000000e+00 8.920680e+01
      vertex   -1.229848e+01 0.000000e+00 8.141236e+01
      vertex   -7.557842e+01 0.000000e+00 8.667700e+01
    endloop
  endfacet
  facet normal 0.000000e+00 1.000000e+00 0.000000e+00
    outer loop
      vertex   -7.557842e+01 0.000000e+00 8.667700e+01
      vertex   -1.229848e+01 0.000000e+00 8.141236e+01
      vertex   -1.144028e+01 0.000000e+00 8.029845e+01
    endloop
  endfacet
  facet normal 0.000000e+00 1.000000e+00 0.000000e+00
    outer loop
      vertex   -7.557842e+01 0.000000e+00 8.667700e+01
      vertex   -1.144028e+01 0.000000e+00 8.029845e+01
      vertex   -7.849361e+01 0.000000e+00 8.404614e+01
    endloop
  endfacet
  facet normal 0.000000e+00 1.000000e+00 0.000000e+00
    outer loop
      vertex   -7.849361e+01 0.000000e+00 8.404614e+01
      vertex   -1.144028e+01 0.000000e+00 8.029845e+01
      vertex   -8.131728e+01 0.000000e+00 8.131728e+01
    endloop
  endfacet
  facet normal 0.000000e+00 1.000000e+00 0.000000e+00
    outer loop
      vertex   -8.131728e+01 0.000000e+00 8.131728e+01
      vertex   -1.144028e+01 0.000000e+00 8.029845e+01
      vertex   -1.048154e+01 0.000000e+00 7.926980e+01
    endloop
  endfacet
  facet normal -0.000000e+00 1.000000e+00 0.000000e+00
    outer loop
      vertex   -3.516386e-01 0.000000e+00 7.500412e+01
      vertex   1.054143e+00 0.000000e+00 7.503709e+01
      vertex   8.929692e+01 0.000000e+00 1.498351e+01
    endloop
  endfacet
  facet normal 0.000000e+00 1.000000e+00 0.000000e+00
    outer loop
      vertex   8.929692e+01 0.000000e+00 1.498351e+01
      vertex   1.054143e+00 0.000000e+00 7.503709e+01
      vertex   2.450660e+00 0.000000e+00 7.520155e+01
    endloop
  endfacet
  facet normal 0.000000e+00 1.000000e+00 0.000000e+00
    outer loop
      vertex   8.929692e+01 0.000000e+00 1.498351e+01
      vertex   2.450660e+00 0.000000e+00 7.520155e+01
      vertex   3.825642e+00 0.000000e+00 7.549605e+01
    endloop
  endfacet
  facet normal -0.000000e+00 1.000000e+00 0.000000e+00
    outer loop
      vertex   3.825642e+00 0.000000e+00 7.549605e+01
      vertex   5.167003e+00 0.000000e+00 7.591802e+01
      vertex   8.929692e+01 0.000000e+00 1.498351e+01
    endloop
  endfacet
  facet normal 0.000000e+00 1.000000e+00 0.000000e+00
    outer loop
      vertex   8.929692e+01 0.000000e+00 1.498351e+01
      vertex   5.167003e+00 0.000000e+00 7.591802e+01
      vertex   6.462956e+00 0.000000e+00 7.646375e+01
    endloop
  endfacet
  facet normal 0.000000e+00 1.000000e+00 0.000000e+00
    outer loop
      vertex   8.929692e+01 0.000000e+00 1.498351e+01
      vertex   6.462956e+00 0.000000e+00 7.646375e+01
      vertex   7.702113e+00 0.000000e+00 7.712842e+01
    endloop
  endfacet
  facet normal -0.000000e+00 1.000000e+00 0.000000e+00
    outer loop
      vertex   7.702113e+00 0.000000e+00 7.712842e+01
      vertex   8.873583e+00 0.000000e+00 7.790622e+01
      vertex   8.929692e+01 0.000000e+00 1.498351e+01
    endloop
  endfacet
  facet normal 0.000000e+00 1.000000e+00 0.000000e+00
    outer loop
      vertex   8.929692e+01 0.000000e+00 1.498351e+01
      vertex   8.873583e+00 0.000000e+00 7.790622e+01
      vertex   9.967072e+00 0.000000e+00 7.879030e+01
    endloop
  endfacet
  facet normal 0.000000e+00 1.000000e+00 0.000000e+00
    outer loop
      vertex   8.929692e+01 0.000000e+00 1.498351e+01
      vertex   9.967072e+00 0.000000e+00 7.879030e+01
      vertex   1.097297e+01 0.000000e+00 7.977288e+01
    endloop
  endfacet
  facet normal 0.000000e+00 1.000000e+00 -0.000000e+00
    outer loop
      vertex   -9.140462e+01 0.000000e+00 1.493409e+01
      vertex   -1.139289e+02 0.000000e+00 1.565916e+01
      vertex   -9.000000e+01 0.000000e+00 1.500000e+01
    endloop
  endfacet
  facet normal 0.000000e+00 1.000000e+00 0.000000e+00
    outer loop
      vertex   -9.000000e+01 0.000000e+00 1.500000e+01
      vertex   -1.139289e+02 0.000000e+00 1.565916e+01
      vertex   -1.133278e+02 0.000000e+00 1.953969e+01
    endloop
  endfacet
  facet normal 0.000000e+00 1.000000e+00 0.000000e+00
    outer loop
      vertex   -9.000000e+01 0.000000e+00 1.500000e+01
      vertex   -1.133278e+02 0.000000e+00 1.953969e+01
      vertex   -1.125947e+02 0.000000e+00 2.339744e+01
    endloop
  endfacet
  facet normal 0.000000e+00 1.000000e+00 0.000000e+00
    outer loop
      vertex   -9.140462e+01 0.000000e+00 1.493409e+01
      vertex   -9.279690e+01 0.000000e+00 1.473694e+01
      vertex   -1.139289e+02 0.000000e+00 1.565916e+01
    endloop
  endfacet
  facet normal 0.000000e+00 1.000000e+00 0.000000e+00
    outer loop
      vertex   -1.139289e+02 0.000000e+00 1.565916e+01
      vertex   -9.279690e+01 0.000000e+00 1.473694e+01
      vertex   -9.416460e+01 0.000000e+00 1.441028e+01
    endloop
  endfacet
  facet normal 0.000000e+00 1.000000e+00 0.000000e+00
    outer loop
      vertex   -1.139289e+02 0.000000e+00 1.565916e+01
      vertex   -9.416460e+01 0.000000e+00 1.441028e+01
      vertex   -9.549570e+01 0.000000e+00 1.395698e+01
    endloop
  endfacet
  facet normal 0.000000e+00 1.000000e+00 0.000000e+00
    outer loop
      vertex   -9.549570e+01 0.000000e+00 1.395698e+01
      vertex   -9.677850e+01 0.000000e+00 1.338103e+01
      vertex   -1.139289e+02 0.000000e+00 1.565916e+01
    endloop
  endfacet
  facet normal 0.000000e+00 1.000000e+00 0.000000e+00
    outer loop
      vertex   -1.139289e+02 0.000000e+00 1.565916e+01
      vertex   -9.677850e+01 0.000000e+00 1.338103e+01
      vertex   -9.800174e+01 0.000000e+00 1.268748e+01
    endloop
  endfacet
  facet normal 0.000000e+00 1.000000e+00 0.000000e+00
    outer loop
      vertex   -1.139289e+02 0.000000e+00 1.565916e+01
      vertex   -9.800174e+01 0.000000e+00 1.268748e+01
      vertex   -9.915465e+01 0.000000e+00 1.188244e+01
    endloop
  endfacet
  facet normal 0.000000e+00 1.000000e+00 0.000000e+00
    outer loop
      vertex   -9.915465e+01 0.000000e+00 1.188244e+01
      vertex   -1.002271e+02 0.000000e+00 1.097297e+01
      vertex   -1.139289e+02 0.000000e+00 1.565916e+01
    endloop
  endfacet
  facet normal 0.000000e+00 1.000000e+00 0.000000e+00
    outer loop
      vertex   -1.139289e+02 0.000000e+00 1.565916e+01
      vertex   -1.002271e+02 0.000000e+00 1.097297e+01
      vertex   -1.012097e+02 0.000000e+00 9.967072e+00
    endloop
  endfacet
  facet normal 0.000000e+00 1.000000e+00 0.000000e+00
    outer loop
      vertex   -1.139289e+02 0.000000e+00 1.565916e+01
      vertex   -1.012097e+02 0.000000e+00 9.967072e+00
      vertex   -1.020938e+02 0.000000e+00 8.873583e+00
    endloop
  endfacet
  facet normal 0.000000e+00 1.000000e+00 0.000000e+00
    outer loop
      vertex   -1.139289e+02 0.000000e+00 1.565916e+01
      vertex   -1.020938e+02 0.000000e+00 8.873583e+00
      vertex   -1.143971e+02 0.000000e+00 1.176038e+01
    endloop
  endfacet
  facet normal 0.000000e+00 1.000000e+00 0.000000e+00
    outer loop
      vertex   -1.143971e+02 0.000000e+00 1.176038e+01
      vertex   -1.020938e+02 0.000000e+00 8.873583e+00
      vertex   -1.028716e+02 0.000000e+00 7.702113e+00
    endloop
  endfacet
  facet normal 0.000000e+00 1.000000e+00 0.000000e+00
    outer loop
      vertex   -1.143971e+02 0.000000e+00 1.176038e+01
      vertex   -1.028716e+02 0.000000e+00 7.702113e+00
      vertex   -1.035363e+02 0.000000e+00 6.462956e+00
    endloop
  endfacet
  facet normal 0.000000e+00 1.000000e+00 0.000000e+00
    outer loop
      vertex   -1.143971e+02 0.000000e+00 1.176038e+01
      vertex   -1.035363e+02 0.000000e+00 6.462956e+00
      vertex   -1.147319e+02 0.000000e+00 7.847878e+00
    endloop
  endfacet
  facet normal 0.000000e+00 1.000000e+00 0.000000e+00
    outer loop
      vertex   -1.147319e+02 0.000000e+00 7.847878e+00
      vertex   -1.035363e+02 0.000000e+00 6.462956e+00
      vertex   -1.040820e+02 0.000000e+00 5.167003e+00
    endloop
  endfacet
  facet normal 0.000000e+00 1.000000e+00 0.000000e+00
    outer loop
      vertex   -1.147319e+02 0.000000e+00 7.847878e+00
      vertex   -1.040820e+02 0.000000e+00 5.167003e+00
      vertex   -1.045039e+02 0.000000e+00 3.825642e+00
    endloop
  endfacet
  facet normal 0.000000e+00 1.000000e+00 0.000000e+00
    outer loop
      vertex   -1.147319e+02 0.000000e+00 7.847878e+00
      vertex   -1.045039e+02 0.000000e+00 3.825642e+00
      vertex   -1.149330e+02 0.000000e+00 3.926228e+00
    endloop
  endfacet
  facet normal 0.000000e+00 1.000000e+00 0.000000e+00
    outer loop
      vertex   -1.149330e+02 0.000000e+00 3.926228e+00
      vertex   -1.045039e+02 0.000000e+00 3.825642e+00
      vertex   -1.047985e+02 0.000000e+00 2.450660e+00
    endloop
  endfacet
  facet normal 0.000000e+00 1.000000e+00 0.000000e+00
    outer loop
      vertex   -1.149330e+02 0.000000e+00 3.926228e+00
      vertex   -1.047985e+02 0.000000e+00 2.450660e+00
      vertex   -1.049629e+02 0.000000e+00 1.054143e+00
    endloop
  endfacet
  facet normal 0.000000e+00 1.000000e+00 0.000000e+00
    outer loop
      vertex   -1.149330e+02 0.000000e+00 3.926228e+00
      vertex   -1.049629e+02 0.000000e+00 1.054143e+00
      vertex   -1.150000e+02 0.000000e+00 1.408344e-14
    endloop
  endfacet
  facet normal -0.000000e+00 1.000000e+00 0.000000e+00
    outer loop
      vertex   -1.150000e+02 0.000000e+00 1.408344e-14
      vertex   -1.049629e+02 0.000000e+00 1.054143e+00
      vertex   -1.049959e+02 0.000000e+00 -3.516386e-01
    endloop
  endfacet
  facet normal 0.000000e+00 1.000000e+00 0.000000e+00
    outer loop
      vertex   -1.150000e+02 0.000000e+00 1.408344e-14
      vertex   -1.049959e+02 0.000000e+00 -3.516386e-01
      vertex   -1.048971e+02 0.000000e+00 -1.754330e+00
    endloop
  endfacet
  facet normal 0.000000e+00 1.000000e+00 0.000000e+00
    outer loop
      vertex   -1.150000e+02 0.000000e+00 1.408344e-14
      vertex   -1.048971e+02 0.000000e+00 -1.754330e+00
      vertex   -1.149330e+02 0.000000e+00 -3.926228e+00
    endloop
  endfacet
  facet normal 0.000000e+00 1.000000e+00 0.000000e+00
    outer loop
      vertex   -1.149330e+02 0.000000e+00 -3.926228e+00
      vertex   -1.048971e+02 0.000000e+00 -1.754330e+00
      vertex   -1.046673e+02 0.000000e+00 -3.141604e+00
    endloop
  endfacet
  facet normal -0.000000e+00 1.000000e+00 0.000000e+00
    outer loop
      vertex   -1.149330e+02 0.000000e+00 -3.926228e+00
      vertex   -1.046673e+02 0.000000e+00 -3.141604e+00
      vertex   -1.043087e+02 0.000000e+00 -4.501270e+00
    endloop
  endfacet
  facet normal 0.000000e+00 1.000000e+00 0.000000e+00
    outer loop
      vertex   -1.149330e+02 0.000000e+00 -3.926228e+00
      vertex   -1.043087e+02 0.000000e+00 -4.501270e+00
      vertex   -1.147319e+02 0.000000e+00 -7.847878e+00
    endloop
  endfacet
  facet normal 0.000000e+00 1.000000e+00 0.000000e+00
    outer loop
      vertex   -1.147319e+02 0.000000e+00 -7.847878e+00
      vertex   -1.043087e+02 0.000000e+00 -4.501270e+00
      vertex   -1.038243e+02 0.000000e+00 -5.821378e+00
    endloop
  endfacet
  facet normal 0.000000e+00 1.000000e+00 0.000000e+00
    outer loop
      vertex   -1.147319e+02 0.000000e+00 -7.847878e+00
      vertex   -1.038243e+02 0.000000e+00 -5.821378e+00
      vertex   -1.032184e+02 0.000000e+00 -7.090328e+00
    endloop
  endfacet
  facet normal -0.000000e+00 1.000000e+00 0.000000e+00
    outer loop
      vertex   -1.147319e+02 0.000000e+00 -7.847878e+00
      vertex   -1.032184e+02 0.000000e+00 -7.090328e+00
      vertex   -1.143971e+02 0.000000e+00 -1.176038e+01
    endloop
  endfacet
  facet normal 0.000000e+00 1.000000e+00 0.000000e+00
    outer loop
      vertex   -1.143971e+02 0.000000e+00 -1.176038e+01
      vertex   -1.032184e+02 0.000000e+00 -7.090328e+00
      vertex   -1.024964e+02 0.000000e+00 -8.296967e+00
    endloop
  endfacet
  facet normal -0.000000e+00 1.000000e+00 0.000000e+00
    outer loop
      vertex   -1.143971e+02 0.000000e+00 -1.176038e+01
      vertex   -1.024964e+02 0.000000e+00 -8.296967e+00
      vertex   -1.139289e+02 0.000000e+00 -1.565916e+01
    endloop
  endfacet
  facet normal 0.000000e+00 1.000000e+00 0.000000e+00
    outer loop
      vertex   -1.139289e+02 0.000000e+00 -1.565916e+01
      vertex   -1.024964e+02 0.000000e+00 -8.296967e+00
      vertex   -1.016646e+02 0.000000e+00 -9.430693e+00
    endloop
  endfacet
  facet normal 0.000000e+00 1.000000e+00 0.000000e+00
    outer loop
      vertex   -1.139289e+02 0.000000e+00 -1.565916e+01
      vertex   -1.016646e+02 0.000000e+00 -9.430693e+00
      vertex   -1.007302e+02 0.000000e+00 -1.048154e+01
    endloop
  endfacet
  facet normal -0.000000e+00 1.000000e+00 0.000000e+00
    outer loop
      vertex   -1.139289e+02 0.000000e+00 -1.565916e+01
      vertex   -1.007302e+02 0.000000e+00 -1.048154e+01
      vertex   -1.133278e+02 0.000000e+00 -1.953969e+01
    endloop
  endfacet
  facet normal 0.000000e+00 1.000000e+00 0.000000e+00
    outer loop
      vertex   -1.133278e+02 0.000000e+00 -1.953969e+01
      vertex   -1.007302e+02 0.000000e+00 -1.048154e+01
      vertex   -9.970155e+01 0.000000e+00 -1.144028e+01
    endloop
  endfacet
  facet normal 0.000000e+00 1.000000e+00 0.000000e+00
    outer loop
      vertex   -1.133278e+02 0.000000e+00 -1.953969e+01
      vertex   -9.970155e+01 0.000000e+00 -1.144028e+01
      vertex   -9.858764e+01 0.000000e+00 -1.229848e+01
    endloop
  endfacet
  facet normal -0.000000e+00 1.000000e+00 0.000000e+00
    outer loop
      vertex   -1.133278e+02 0.000000e+00 -1.953969e+01
      vertex   -9.858764e+01 0.000000e+00 -1.229848e+01
      vertex   -1.125947e+02 0.000000e+00 -2.339744e+01
    endloop
  endfacet
  facet normal 0.000000e+00 1.000000e+00 0.000000e+00
    outer loop
      vertex   -1.125947e+02 0.000000e+00 -2.339744e+01
      vertex   -9.858764e+01 0.000000e+00 -1.229848e+01
      vertex   -9.739825e+01 0.000000e+00 -1.304860e+01
    endloop
  endfacet
  facet normal -0.000000e+00 1.000000e+00 0.000000e+00
    outer loop
      vertex   -1.125947e+02 0.000000e+00 -2.339744e+01
      vertex   -9.739825e+01 0.000000e+00 -1.304860e+01
      vertex   -1.117302e+02 0.000000e+00 -2.722791e+01
    endloop
  endfacet
  facet normal 0.000000e+00 1.000000e+00 0.000000e+00
    outer loop
      vertex   -1.117302e+02 0.000000e+00 -2.722791e+01
      vertex   -9.739825e+01 0.000000e+00 -1.304860e+01
      vertex   -9.614386e+01 0.000000e+00 -1.368404e+01
    endloop
  endfacet
  facet normal 0.000000e+00 1.000000e+00 0.000000e+00
    outer loop
      vertex   -1.117302e+02 0.000000e+00 -2.722791e+01
      vertex   -9.614386e+01 0.000000e+00 -1.368404e+01
      vertex   -9.483546e+01 0.000000e+00 -1.419924e+01
    endloop
  endfacet
  facet normal -0.000000e+00 1.000000e+00 0.000000e+00
    outer loop
      vertex   -1.117302e+02 0.000000e+00 -2.722791e+01
      vertex   -9.483546e+01 0.000000e+00 -1.419924e+01
      vertex   -1.107355e+02 0.000000e+00 -3.102663e+01
    endloop
  endfacet
  facet normal 0.000000e+00 1.000000e+00 0.000000e+00
    outer loop
      vertex   -1.107355e+02 0.000000e+00 -3.102663e+01
      vertex   -9.483546e+01 0.000000e+00 -1.419924e+01
      vertex   -9.348458e+01 0.000000e+00 -1.458964e+01
    endloop
  endfacet
  facet normal -0.000000e+00 1.000000e+00 0.000000e+00
    outer loop
      vertex   -1.107355e+02 0.000000e+00 -3.102663e+01
      vertex   -9.348458e+01 0.000000e+00 -1.458964e+01
      vertex   -1.096116e+02 0.000000e+00 -3.478917e+01
    endloop
  endfacet
  facet normal 0.000000e+00 1.000000e+00 0.000000e+00
    outer loop
      vertex   -1.096116e+02 0.000000e+00 -3.478917e+01
      vertex   -9.348458e+01 0.000000e+00 -1.458964e+01
      vertex   -9.210307e+01 0.000000e+00 -1.485184e+01
    endloop
  endfacet
  facet normal -0.000000e+00 1.000000e+00 0.000000e+00
    outer loop
      vertex   -1.096116e+02 0.000000e+00 -3.478917e+01
      vertex   -9.210307e+01 0.000000e+00 -1.485184e+01
      vertex   -1.083600e+02 0.000000e+00 -3.851116e+01
    endloop
  endfacet
  facet normal 0.000000e+00 1.000000e+00 0.000000e+00
    outer loop
      vertex   -1.083600e+02 0.000000e+00 -3.851116e+01
      vertex   -9.210307e+01 0.000000e+00 -1.485184e+01
      vertex   -9.070308e+01 0.000000e+00 -1.498351e+01
    endloop
  endfacet
  facet normal -0.000000e+00 1.000000e+00 0.000000e+00
    outer loop
      vertex   -1.083600e+02 0.000000e+00 -3.851116e+01
      vertex   -9.070308e+01 0.000000e+00 -1.498351e+01
      vertex   -1.069820e+02 0.000000e+00 -4.218824e+01
    endloop
  endfacet
  facet normal 0.000000e+00 1.000000e+00 0.000000e+00
    outer loop
      vertex   -1.069820e+02 0.000000e+00 -4.218824e+01
      vertex   -9.070308e+01 0.000000e+00 -1.498351e+01
      vertex   -8.929692e+01 0.000000e+00 -1.498351e+01
    endloop
  endfacet
  facet normal -0.000000e+00 1.000000e+00 0.000000e+00
    outer loop
      vertex   -1.069820e+02 0.000000e+00 -4.218824e+01
      vertex   -8.929692e+01 0.000000e+00 -1.498351e+01
      vertex   -1.054793e+02 0.000000e+00 -4.581613e+01
    endloop
  endfacet
  facet normal 0.000000e+00 1.000000e+00 0.000000e+00
    outer loop
      vertex   -1.054793e+02 0.000000e+00 -4.581613e+01
      vertex   -8.929692e+01 0.000000e+00 -1.498351e+01
      vertex   -8.789693e+01 0.000000e+00 -1.485184e+01
    endloop
  endfacet
  facet normal -0.000000e+00 1.000000e+00 0.000000e+00
    outer loop
      vertex   -1.054793e+02 0.000000e+00 -4.581613e+01
      vertex   -8.789693e+01 0.000000e+00 -1.485184e+01
      vertex   -1.038536e+02 0.000000e+00 -4.939060e+01
    endloop
  endfacet
  facet normal 0.000000e+00 1.000000e+00 0.000000e+00
    outer loop
      vertex   -1.038536e+02 0.000000e+00 -4.939060e+01
      vertex   -8.789693e+01 0.000000e+00 -1.485184e+01
      vertex   -8.651542e+01 0.000000e+00 -1.458964e+01
    endloop
  endfacet
  facet normal -0.000000e+00 1.000000e+00 0.000000e+00
    outer loop
      vertex   -1.038536e+02 0.000000e+00 -4.939060e+01
      vertex   -8.651542e+01 0.000000e+00 -1.458964e+01
      vertex   -1.021068e+02 0.000000e+00 -5.290748e+01
    endloop
  endfacet
  facet normal 0.000000e+00 1.000000e+00 0.000000e+00
    outer loop
      vertex   -1.021068e+02 0.000000e+00 -5.290748e+01
      vertex   -8.651542e+01 0.000000e+00 -1.458964e+01
      vertex   -8.516454e+01 0.000000e+00 -1.419924e+01
    endloop
  endfacet
  facet normal -0.000000e+00 1.000000e+00 0.000000e+00
    outer loop
      vertex   -1.021068e+02 0.000000e+00 -5.290748e+01
      vertex   -8.516454e+01 0.000000e+00 -1.419924e+01
      vertex   -1.002410e+02 0.000000e+00 -5.636267e+01
    endloop
  endfacet
  facet normal 0.000000e+00 1.000000e+00 0.000000e+00
    outer loop
      vertex   -1.002410e+02 0.000000e+00 -5.636267e+01
      vertex   -8.516454e+01 0.000000e+00 -1.419924e+01
      vertex   -8.385614e+01 0.000000e+00 -1.368404e+01
    endloop
  endfacet
  facet normal -0.000000e+00 1.000000e+00 0.000000e+00
    outer loop
      vertex   -1.002410e+02 0.000000e+00 -5.636267e+01
      vertex   -8.385614e+01 0.000000e+00 -1.368404e+01
      vertex   -9.825823e+01 0.000000e+00 -5.975215e+01
    endloop
  endfacet
  facet normal -0.000000e+00 1.000000e+00 0.000000e+00
    outer loop
      vertex   -9.825823e+01 0.000000e+00 -5.975215e+01
      vertex   -8.385614e+01 0.000000e+00 -1.368404e+01
      vertex   -9.616094e+01 0.000000e+00 -6.307197e+01
    endloop
  endfacet
  facet normal 0.000000e+00 1.000000e+00 0.000000e+00
    outer loop
      vertex   -9.616094e+01 0.000000e+00 -6.307197e+01
      vertex   -8.385614e+01 0.000000e+00 -1.368404e+01
      vertex   -8.260175e+01 0.000000e+00 -1.304860e+01
    endloop
  endfacet
  facet normal -0.000000e+00 1.000000e+00 0.000000e+00
    outer loop
      vertex   -9.616094e+01 0.000000e+00 -6.307197e+01
      vertex   -8.260175e+01 0.000000e+00 -1.304860e+01
      vertex   -9.395154e+01 0.000000e+00 -6.631824e+01
    endloop
  endfacet
  facet normal -0.000000e+00 1.000000e+00 0.000000e+00
    outer loop
      vertex   -9.395154e+01 0.000000e+00 -6.631824e+01
      vertex   -8.260175e+01 0.000000e+00 -1.304860e+01
      vertex   -9.163259e+01 0.000000e+00 -6.948718e+01
    endloop
  endfacet
  facet normal 0.000000e+00 1.000000e+00 0.000000e+00
    outer loop
      vertex   -9.163259e+01 0.000000e+00 -6.948718e+01
      vertex   -8.260175e+01 0.000000e+00 -1.304860e+01
      vertex   -8.141236e+01 0.000000e+00 -1.229848e+01
    endloop
  endfacet
  facet normal -0.000000e+00 1.000000e+00 0.000000e+00
    outer loop
      vertex   -9.163259e+01 0.000000e+00 -6.948718e+01
      vertex   -8.141236e+01 0.000000e+00 -1.229848e+01
      vertex   -8.920680e+01 0.000000e+00 -7.257511e+01
    endloop
  endfacet
  facet normal -0.000000e+00 1.000000e+00 0.000000e+00
    outer loop
      vertex   -8.920680e+01 0.000000e+00 -7.257511e+01
      vertex   -8.141236e+01 0.000000e+00 -1.229848e+01
      vertex   -8.667700e+01 0.000000e+00 -7.557842e+01
    endloop
  endfacet
  facet normal 0.000000e+00 1.000000e+00 0.000000e+00
    outer loop
      vertex   -8.667700e+01 0.000000e+00 -7.557842e+01
      vertex   -8.141236e+01 0.000000e+00 -1.229848e+01
      vertex   -8.029845e+01 0.000000e+00 -1.144028e+01
    endloop
  endfacet
  facet normal -0.000000e+00 1.000000e+00 0.000000e+00
    outer loop
      vertex   -8.667700e+01 0.000000e+00 -7.557842e+01
      vertex   -8.029845e+01 0.000000e+00 -1.144028e+01
      vertex   -8.404614e+01 0.000000e+00 -7.849361e+01
    endloop
  endfacet
  facet normal -0.000000e+00 1.000000e+00 0.000000e+00
    outer loop
      vertex   -8.404614e+01 0.000000e+00 -7.849361e+01
      vertex   -8.029845e+01 0.000000e+00 -1.144028e+01
      vertex   -8.131728e+01 0.000000e+00 -8.131728e+01
    endloop
  endfacet
  facet normal 0.000000e+00 1.000000e+00 0.000000e+00
    outer loop
      vertex   -8.131728e+01 0.000000e+00 -8.131728e+01
      vertex   -8.029845e+01 0.000000e+00 -1.144028e+01
      vertex   -1.097297e+01 0.000000e+00 -7.977288e+01
    endloop
  endfacet
  facet normal -0.000000e+00 1.000000e+00 0.000000e+00
    outer loop
      vertex   -8.131728e+01 0.000000e+00 -8.131728e+01
      vertex   -1.097297e+01 0.000000e+00 -7.977288e+01
      vertex   -7.849361e+01 0.000000e+00 -8.404614e+01
    endloop
  endfacet
  facet normal 0.000000e+00 1.000000e+00 0.000000e+00
    outer loop
      vertex   -7.849361e+01 0.000000e+00 -8.404614e+01
      vertex   -1.097297e+01 0.000000e+00 -7.977288e+01
      vertex   -1.188244e+01 0.000000e+00 -8.084535e+01
    endloop
  endfacet
  facet normal -0.000000e+00 1.000000e+00 0.000000e+00
    outer loop
      vertex   -7.849361e+01 0.000000e+00 -8.404614e+01
      vertex   -1.188244e+01 0.000000e+00 -8.084535e+01
      vertex   -7.557842e+01 0.000000e+00 -8.667700e+01
    endloop
  endfacet
  facet normal -0.000000e+00 1.000000e+00 0.000000e+00
    outer loop
      vertex   -7.557842e+01 0.000000e+00 -8.667700e+01
      vertex   -1.188244e+01 0.000000e+00 -8.084535e+01
      vertex   -7.257511e+01 0.000000e+00 -8.920680e+01
    endloop
  endfacet
  facet normal 0.000000e+00 1.000000e+00 0.000000e+00
    outer loop
      vertex   -7.257511e+01 0.000000e+00 -8.920680e+01
      vertex   -1.188244e+01 0.000000e+00 -8.084535e+01
      vertex   -1.268748e+01 0.000000e+00 -8.199826e+01
    endloop
  endfacet
  facet normal -0.000000e+00 1.000000e+00 0.000000e+00
    outer loop
      vertex   -7.257511e+01 0.000000e+00 -8.920680e+01
      vertex   -1.268748e+01 0.000000e+00 -8.199826e+01
      vertex   -6.948718e+01 0.000000e+00 -9.163259e+01
    endloop
  endfacet
  facet normal -0.000000e+00 1.000000e+00 0.000000e+00
    outer loop
      vertex   -6.948718e+01 0.000000e+00 -9.163259e+01
      vertex   -1.268748e+01 0.000000e+00 -8.199826e+01
      vertex   -6.631824e+01 0.000000e+00 -9.395154e+01
    endloop
  endfacet
  facet normal 0.000000e+00 1.000000e+00 0.000000e+00
    outer loop
      vertex   -6.631824e+01 0.000000e+00 -9.395154e+01
      vertex   -1.268748e+01 0.000000e+00 -8.199826e+01
      vertex   -1.338103e+01 0.000000e+00 -8.322150e+01
    endloop
  endfacet
  facet normal -0.000000e+00 1.000000e+00 0.000000e+00
    outer loop
      vertex   -6.631824e+01 0.000000e+00 -9.395154e+01
      vertex   -1.338103e+01 0.000000e+00 -8.322150e+01
      vertex   -6.307197e+01 0.000000e+00 -9.616094e+01
    endloop
  endfacet
  facet normal -0.000000e+00 1.000000e+00 0.000000e+00
    outer loop
      vertex   -6.307197e+01 0.000000e+00 -9.616094e+01
      vertex   -1.338103e+01 0.000000e+00 -8.322150e+01
      vertex   -5.975215e+01 0.000000e+00 -9.825823e+01
    endloop
  endfacet
  facet normal 0.000000e+00 1.000000e+00 0.000000e+00
    outer loop
      vertex   -5.975215e+01 0.000000e+00 -9.825823e+01
      vertex   -1.338103e+01 0.000000e+00 -8.322150e+01
      vertex   -1.395698e+01 0.000000e+00 -8.450430e+01
    endloop
  endfacet
  facet normal -0.000000e+00 1.000000e+00 0.000000e+00
    outer loop
      vertex   -5.975215e+01 0.000000e+00 -9.825823e+01
      vertex   -1.395698e+01 0.000000e+00 -8.450430e+01
      vertex   -5.636267e+01 0.000000e+00 -1.002410e+02
    endloop
  endfacet
  facet normal 0.000000e+00 1.000000e+00 0.000000e+00
    outer loop
      vertex   -5.636267e+01 0.000000e+00 -1.002410e+02
      vertex   -1.395698e+01 0.000000e+00 -8.450430e+01
      vertex   -1.441028e+01 0.000000e+00 -8.583540e+01
    endloop
  endfacet
  facet normal -0.000000e+00 1.000000e+00 0.000000e+00
    outer loop
      vertex   -5.636267e+01 0.000000e+00 -1.002410e+02
      vertex   -1.441028e+01 0.000000e+00 -8.583540e+01
      vertex   -5.290748e+01 0.000000e+00 -1.021068e+02
    endloop
  endfacet
  facet normal -0.000000e+00 1.000000e+00 0.000000e+00
    outer loop
      vertex   -5.290748e+01 0.000000e+00 -1.021068e+02
      vertex   -1.441028e+01 0.000000e+00 -8.583540e+01
      vertex   -4.939060e+01 0.000000e+00 -1.038536e+02
    endloop
  endfacet
  facet normal 0.000000e+00 1.000000e+00 0.000000e+00
    outer loop
      vertex   -4.939060e+01 0.000000e+00 -1.038536e+02
      vertex   -1.441028e+01 0.000000e+00 -8.583540e+01
      vertex   -1.473694e+01 0.000000e+00 -8.720310e+01
    endloop
  endfacet
  facet normal -0.000000e+00 1.000000e+00 0.000000e+00
    outer loop
      vertex   -4.939060e+01 0.000000e+00 -1.038536e+02
      vertex   -1.473694e+01 0.000000e+00 -8.720310e+01
      vertex   -4.581613e+01 0.000000e+00 -1.054793e+02
    endloop
  endfacet
  facet normal 0.000000e+00 1.000000e+00 0.000000e+00
    outer loop
      vertex   -4.581613e+01 0.000000e+00 -1.054793e+02
      vertex   -1.473694e+01 0.000000e+00 -8.720310e+01
      vertex   -1.493409e+01 0.000000e+00 -8.859538e+01
    endloop
  endfacet
  facet normal -0.000000e+00 1.000000e+00 0.000000e+00
    outer loop
      vertex   -4.581613e+01 0.000000e+00 -1.054793e+02
      vertex   -1.493409e+01 0.000000e+00 -8.859538e+01
      vertex   -4.218824e+01 0.000000e+00 -1.069820e+02
    endloop
  endfacet
  facet normal 0.000000e+00 1.000000e+00 0.000000e+00
    outer loop
      vertex   -4.218824e+01 0.000000e+00 -1.069820e+02
      vertex   -1.493409e+01 0.000000e+00 -8.859538e+01
      vertex   -1.500000e+01 0.000000e+00 -9.000000e+01
    endloop
  endfacet
  facet normal -0.000000e+00 1.000000e+00 0.000000e+00
    outer loop
      vertex   -4.218824e+01 0.000000e+00 -1.069820e+02
      vertex   -1.500000e+01 0.000000e+00 -9.000000e+01
      vertex   -3.851116e+01 0.000000e+00 -1.083600e+02
    endloop
  endfacet
  facet normal 0.000000e+00 1.000000e+00 0.000000e+00
    outer loop
      vertex   -3.851116e+01 0.000000e+00 -1.083600e+02
      vertex   -1.500000e+01 0.000000e+00 -9.000000e+01
      vertex   -1.493409e+01 0.000000e+00 -9.140462e+01
    endloop
  endfacet
  facet normal -0.000000e+00 1.000000e+00 0.000000e+00
    outer loop
      vertex   -3.851116e+01 0.000000e+00 -1.083600e+02
      vertex   -1.493409e+01 0.000000e+00 -9.140462e+01
      vertex   -3.478917e+01 0.000000e+00 -1.096116e+02
    endloop
  endfacet
  facet normal 0.000000e+00 1.000000e+00 0.000000e+00
    outer loop
      vertex   -3.478917e+01 0.000000e+00 -1.096116e+02
      vertex   -1.493409e+01 0.000000e+00 -9.140462e+01
      vertex   -1.473694e+01 0.000000e+00 -9.279690e+01
    endloop
  endfacet
  facet normal -0.000000e+00 1.000000e+00 0.000000e+00
    outer loop
      vertex   -3.478917e+01 0.000000e+00 -1.096116e+02
      vertex   -1.473694e+01 0.000000e+00 -9.279690e+01
      vertex   -3.102663e+01 0.000000e+00 -1.107355e+02
    endloop
  endfacet
  facet normal 0.000000e+00 1.000000e+00 0.000000e+00
    outer loop
      vertex   -3.102663e+01 0.000000e+00 -1.107355e+02
      vertex   -1.473694e+01 0.000000e+00 -9.279690e+01
      vertex   -1.441028e+01 0.000000e+00 -9.416460e+01
    endloop
  endfacet
  facet normal 0.000000e+00 1.000000e+00 0.000000e+00
    outer loop
      vertex   -3.102663e+01 0.000000e+00 -1.107355e+02
      vertex   -1.441028e+01 0.000000e+00 -9.416460e+01
      vertex   -1.395698e+01 0.000000e+00 -9.549570e+01
    endloop
  endfacet
  facet normal -0.000000e+00 1.000000e+00 0.000000e+00
    outer loop
      vertex   -8.029845e+01 0.000000e+00 -1.144028e+01
      vertex   -7.926980e+01 0.000000e+00 -1.048154e+01
      vertex   -1.097297e+01 0.000000e+00 -7.977288e+01
    endloop
  endfacet
  facet normal 0.000000e+00 1.000000e+00 -0.000000e+00
    outer loop
      vertex   -1.097297e+01 0.000000e+00 -7.977288e+01
      vertex   -7.926980e+01 0.000000e+00 -1.048154e+01
      vertex   -9.967072e+00 0.000000e+00 -7.879030e+01
    endloop
  endfacet
  facet normal 0.000000e+00 1.000000e+00 0.000000e+00
    outer loop
      vertex   -9.967072e+00 0.000000e+00 -7.879030e+01
      vertex   -7.926980e+01 0.000000e+00 -1.048154e+01
      vertex   -7.833544e+01 0.000000e+00 -9.430693e+00
    endloop
  endfacet
  facet normal 0.000000e+00 1.000000e+00 -0.000000e+00
    outer loop
      vertex   -9.967072e+00 0.000000e+00 -7.879030e+01
      vertex   -7.833544e+01 0.000000e+00 -9.430693e+00
      vertex   -8.873583e+00 0.000000e+00 -7.790622e+01
    endloop
  endfacet
  facet normal 0.000000e+00 1.000000e+00 0.000000e+00
    outer loop
      vertex   -8.873583e+00 0.000000e+00 -7.790622e+01
      vertex   -7.833544e+01 0.000000e+00 -9.430693e+00
      vertex   -7.750359e+01 0.000000e+00 -8.296967e+00
    endloop
  endfacet
  facet normal 0.000000e+00 1.000000e+00 -0.000000e+00
    outer loop
      vertex   -8.873583e+00 0.000000e+00 -7.790622e+01
      vertex   -7.750359e+01 0.000000e+00 -8.296967e+00
      vertex   -7.702113e+00 0.000000e+00 -7.712842e+01
    endloop
  endfacet
  facet normal 0.000000e+00 1.000000e+00 0.000000e+00
    outer loop
      vertex   -7.702113e+00 0.000000e+00 -7.712842e+01
      vertex   -7.750359e+01 0.000000e+00 -8.296967e+00
      vertex   -7.678156e+01 0.000000e+00 -7.090328e+00
    endloop
  endfacet
  facet normal 0.000000e+00 1.000000e+00 -0.000000e+00
    outer loop
      vertex   -7.702113e+00 0.000000e+00 -7.712842e+01
      vertex   -7.678156e+01 0.000000e+00 -7.090328e+00
      vertex   -6.462956e+00 0.000000e+00 -7.646375e+01
    endloop
  endfacet
  facet normal 0.000000e+00 1.000000e+00 0.000000e+00
    outer loop
      vertex   -6.462956e+00 0.000000e+00 -7.646375e+01
      vertex   -7.678156e+01 0.000000e+00 -7.090328e+00
      vertex   -7.617569e+01 0.000000e+00 -5.821378e+00
    endloop
  endfacet
  facet normal 0.000000e+00 1.000000e+00 -0.000000e+00
    outer loop
      vertex   -6.462956e+00 0.000000e+00 -7.646375e+01
      vertex   -7.617569e+01 0.000000e+00 -5.821378e+00
      vertex   -5.167003e+00 0.000000e+00 -7.591802e+01
    endloop
  endfacet
  facet normal 0.000000e+00 1.000000e+00 0.000000e+00
    outer loop
      vertex   -5.167003e+00 0.000000e+00 -7.591802e+01
      vertex   -7.617569e+01 0.000000e+00 -5.821378e+00
      vertex   -7.569131e+01 0.000000e+00 -4.501270e+00
    endloop
  endfacet
  facet normal 0.000000e+00 1.000000e+00 -0.000000e+00
    outer loop
      vertex   -5.167003e+00 0.000000e+00 -7.591802e+01
      vertex   -7.569131e+01 0.000000e+00 -4.501270e+00
      vertex   -3.825642e+00 0.000000e+00 -7.549605e+01
    endloop
  endfacet
  facet normal 0.000000e+00 1.000000e+00 0.000000e+00
    outer loop
      vertex   -3.825642e+00 0.000000e+00 -7.549605e+01
      vertex   -7.569131e+01 0.000000e+00 -4.501270e+00
      vertex   -7.533268e+01 0.000000e+00 -3.141604e+00
    endloop
  endfacet
  facet normal 0.000000e+00 1.000000e+00 -0.000000e+00
    outer loop
      vertex   -3.825642e+00 0.000000e+00 -7.549605e+01
      vertex   -7.533268e+01 0.000000e+00 -3.141604e+00
      vertex   -2.450660e+00 0.000000e+00 -7.520155e+01
    endloop
  endfacet
  facet normal 0.000000e+00 1.000000e+00 0.000000e+00
    outer loop
      vertex   -2.450660e+00 0.000000e+00 -7.520155e+01
      vertex   -7.533268e+01 0.000000e+00 -3.141604e+00
      vertex   -7.510294e+01 0.000000e+00 -1.754330e+00
    endloop
  endfacet
  facet normal 0.000000e+00 1.000000e+00 -0.000000e+00
    outer loop
      vertex   -2.450660e+00 0.000000e+00 -7.520155e+01
      vertex   -7.510294e+01 0.000000e+00 -1.754330e+00
      vertex   -1.054143e+00 0.000000e+00 -7.503709e+01
    endloop
  endfacet
  facet normal 0.000000e+00 1.000000e+00 0.000000e+00
    outer loop
      vertex   -1.054143e+00 0.000000e+00 -7.503709e+01
      vertex   -7.510294e+01 0.000000e+00 -1.754330e+00
      vertex   -7.500412e+01 0.000000e+00 -3.516386e-01
    endloop
  endfacet
  facet normal -0.000000e+00 1.000000e+00 0.000000e+00
    outer loop
      vertex   -3.102663e+01 0.000000e+00 -1.107355e+02
      vertex   -1.395698e+01 0.000000e+00 -9.549570e+01
      vertex   -2.722791e+01 0.000000e+00 -1.117302e+02
    endloop
  endfacet
  facet normal 0.000000e+00 1.000000e+00 0.000000e+00
    outer loop
      vertex   -2.722791e+01 0.000000e+00 -1.117302e+02
      vertex   -1.395698e+01 0.000000e+00 -9.549570e+01
      vertex   -1.338103e+01 0.000000e+00 -9.677850e+01
    endloop
  endfacet
  facet normal -0.000000e+00 1.000000e+00 0.000000e+00
    outer loop
      vertex   -2.722791e+01 0.000000e+00 -1.117302e+02
      vertex   -1.338103e+01 0.000000e+00 -9.677850e+01
      vertex   -2.339744e+01 0.000000e+00 -1.125947e+02
    endloop
  endfacet
  facet normal 0.000000e+00 1.000000e+00 0.000000e+00
    outer loop
      vertex   -2.339744e+01 0.000000e+00 -1.125947e+02
      vertex   -1.338103e+01 0.000000e+00 -9.677850e+01
      vertex   -1.268748e+01 0.000000e+00 -9.800174e+01
    endloop
  endfacet
  facet normal 0.000000e+00 1.000000e+00 0.000000e+00
    outer loop
      vertex   -2.339744e+01 0.000000e+00 -1.125947e+02
      vertex   -1.268748e+01 0.000000e+00 -9.800174e+01
      vertex   -1.188244e+01 0.000000e+00 -9.915465e+01
    endloop
  endfacet
  facet normal -0.000000e+00 1.000000e+00 0.000000e+00
    outer loop
      vertex   -2.339744e+01 0.000000e+00 -1.125947e+02
      vertex   -1.188244e+01 0.000000e+00 -9.915465e+01
      vertex   -1.953969e+01 0.000000e+00 -1.133278e+02
    endloop
  endfacet
  facet normal 0.000000e+00 1.000000e+00 0.000000e+00
    outer loop
      vertex   -1.953969e+01 0.000000e+00 -1.133278e+02
      vertex   -1.188244e+01 0.000000e+00 -9.915465e+01
      vertex   -1.097297e+01 0.000000e+00 -1.002271e+02
    endloop
  endfacet
  facet normal -0.000000e+00 1.000000e+00 0.000000e+00
    outer loop
      vertex   -1.953969e+01 0.000000e+00 -1.133278e+02
      vertex   -1.097297e+01 0.000000e+00 -1.002271e+02
      vertex   -1.565916e+01 0.000000e+00 -1.139289e+02
    endloop
  endfacet
  facet normal 0.000000e+00 1.000000e+00 0.000000e+00
    outer loop
      vertex   -1.565916e+01 0.000000e+00 -1.139289e+02
      vertex   -1.097297e+01 0.000000e+00 -1.002271e+02
      vertex   -9.967072e+00 0.000000e+00 -1.012097e+02
    endloop
  endfacet
  facet normal 0.000000e+00 1.000000e+00 0.000000e+00
    outer loop
      vertex   -1.565916e+01 0.000000e+00 -1.139289e+02
      vertex   -9.967072e+00 0.000000e+00 -1.012097e+02
      vertex   -8.873583e+00 0.000000e+00 -1.020938e+02
    endloop
  endfacet
  facet normal -0.000000e+00 1.000000e+00 0.000000e+00
    outer loop
      vertex   -1.565916e+01 0.000000e+00 -1.139289e+02
      vertex   -8.873583e+00 0.000000e+00 -1.020938e+02
      vertex   -1.176038e+01 0.000000e+00 -1.143971e+02
    endloop
  endfacet
  facet normal 0.000000e+00 1.000000e+00 0.000000e+00
    outer loop
      vertex   -1.176038e+01 0.000000e+00 -1.143971e+02
      vertex   -8.873583e+00 0.000000e+00 -1.020938e+02
      vertex   -7.702113e+00 0.000000e+00 -1.028716e+02
    endloop
  endfacet
  facet normal 0.000000e+00 1.000000e+00 0.000000e+00
    outer loop
      vertex   -1.176038e+01 0.000000e+00 -1.143971e+02
      vertex   -7.702113e+00 0.000000e+00 -1.028716e+02
      vertex   -6.462956e+00 0.000000e+00 -1.035363e+02
    endloop
  endfacet
  facet normal -0.000000e+00 1.000000e+00 0.000000e+00
    outer loop
      vertex   -1.176038e+01 0.000000e+00 -1.143971e+02
      vertex   -6.462956e+00 0.000000e+00 -1.035363e+02
      vertex   -7.847878e+00 0.000000e+00 -1.147319e+02
    endloop
  endfacet
  facet normal 0.000000e+00 1.000000e+00 0.000000e+00
    outer loop
      vertex   -7.847878e+00 0.000000e+00 -1.147319e+02
      vertex   -6.462956e+00 0.000000e+00 -1.035363e+02
      vertex   -5.167003e+00 0.000000e+00 -1.040820e+02
    endloop
  endfacet
  facet normal 0.000000e+00 1.000000e+00 0.000000e+00
    outer loop
      vertex   -7.847878e+00 0.000000e+00 -1.147319e+02
      vertex   -5.167003e+00 0.000000e+00 -1.040820e+02
      vertex   -3.825642e+00 0.000000e+00 -1.045039e+02
    endloop
  endfacet
  facet normal -0.000000e+00 1.000000e+00 0.000000e+00
    outer loop
      vertex   -7.847878e+00 0.000000e+00 -1.147319e+02
      vertex   -3.825642e+00 0.000000e+00 -1.045039e+02
      vertex   -3.926228e+00 0.000000e+00 -1.149330e+02
    endloop
  endfacet
  facet normal 0.000000e+00 1.000000e+00 0.000000e+00
    outer loop
      vertex   -3.926228e+00 0.000000e+00 -1.149330e+02
      vertex   -3.825642e+00 0.000000e+00 -1.045039e+02
      vertex   -2.450660e+00 0.000000e+00 -1.047985e+02
    endloop
  endfacet
  facet normal 0.000000e+00 1.000000e+00 0.000000e+00
    outer loop
      vertex   -3.926228e+00 0.000000e+00 -1.149330e+02
      vertex   -2.450660e+00 0.000000e+00 -1.047985e+02
      vertex   -1.054143e+00 0.000000e+00 -1.049629e+02
    endloop
  endfacet
  facet normal -0.000000e+00 1.000000e+00 0.000000e+00
    outer loop
      vertex   -3.926228e+00 0.000000e+00 -1.149330e+02
      vertex   -1.054143e+00 0.000000e+00 -1.049629e+02
      vertex   7.041719e-15 0.000000e+00 -1.150000e+02
    endloop
  endfacet
  facet normal 0.000000e+00 1.000000e+00 -0.000000e+00
    outer loop
      vertex   7.041719e-15 0.000000e+00 -1.150000e+02
      vertex   -1.054143e+00 0.000000e+00 -1.049629e+02
      vertex   3.516386e-01 0.000000e+00 -1.049959e+02
    endloop
  endfacet
  facet normal 0.000000e+00 1.000000e+00 0.000000e+00
    outer loop
      vertex   7.041719e-15 0.000000e+00 -1.150000e+02
      vertex   3.516386e-01 0.000000e+00 -1.049959e+02
      vertex   1.754330e+00 0.000000e+00 -1.048971e+02
    endloop
  endfacet
  facet normal 0.000000e+00 1.000000e+00 0.000000e+00
    outer loop
      vertex   7.041719e-15 0.000000e+00 -1.150000e+02
      vertex   1.754330e+00 0.000000e+00 -1.048971e+02
      vertex   3.926228e+00 0.000000e+00 -1.149330e+02
    endloop
  endfacet
  facet normal 0.000000e+00 1.000000e+00 0.000000e+00
    outer loop
      vertex   3.926228e+00 0.000000e+00 -1.149330e+02
      vertex   1.754330e+00 0.000000e+00 -1.048971e+02
      vertex   3.141604e+00 0.000000e+00 -1.046673e+02
    endloop
  endfacet
  facet normal 0.000000e+00 1.000000e+00 -0.000000e+00
    outer loop
      vertex   3.926228e+00 0.000000e+00 -1.149330e+02
      vertex   3.141604e+00 0.000000e+00 -1.046673e+02
      vertex   4.501270e+00 0.000000e+00 -1.043087e+02
    endloop
  endfacet
  facet normal 0.000000e+00 1.000000e+00 0.000000e+00
    outer loop
      vertex   3.926228e+00 0.000000e+00 -1.149330e+02
      vertex   4.501270e+00 0.000000e+00 -1.043087e+02
      vertex   7.847878e+00 0.000000e+00 -1.147319e+02
    endloop
  endfacet
  facet normal 0.000000e+00 1.000000e+00 0.000000e+00
    outer loop
      vertex   7.847878e+00 0.000000e+00 -1.147319e+02
      vertex   4.501270e+00 0.000000e+00 -1.043087e+02
      vertex   5.821378e+00 0.000000e+00 -1.038243e+02
    endloop
  endfacet
  facet normal 0.000000e+00 1.000000e+00 -0.000000e+00
    outer loop
      vertex   7.847878e+00 0.000000e+00 -1.147319e+02
      vertex   5.821378e+00 0.000000e+00 -1.038243e+02
      vertex   1.176038e+01 0.000000e+00 -1.143971e+02
    endloop
  endfacet
  facet normal 0.000000e+00 1.000000e+00 -0.000000e+00
    outer loop
      vertex   1.176038e+01 0.000000e+00 -1.143971e+02
      vertex   5.821378e+00 0.000000e+00 -1.038243e+02
      vertex   1.565916e+01 0.000000e+00 -1.139289e+02
    endloop
  endfacet
  facet normal 0.000000e+00 1.000000e+00 -0.000000e+00
    outer loop
      vertex   1.565916e+01 0.000000e+00 -1.139289e+02
      vertex   5.821378e+00 0.000000e+00 -1.038243e+02
      vertex   1.953969e+01 0.000000e+00 -1.133278e+02
    endloop
  endfacet
  facet normal 0.000000e+00 1.000000e+00 -0.000000e+00
    outer loop
      vertex   1.953969e+01 0.000000e+00 -1.133278e+02
      vertex   5.821378e+00 0.000000e+00 -1.038243e+02
      vertex   2.339744e+01 0.000000e+00 -1.125947e+02
    endloop
  endfacet
  facet normal 0.000000e+00 1.000000e+00 -0.000000e+00
    outer loop
      vertex   2.339744e+01 0.000000e+00 -1.125947e+02
      vertex   5.821378e+00 0.000000e+00 -1.038243e+02
      vertex   2.722791e+01 0.000000e+00 -1.117302e+02
    endloop
  endfacet
  facet normal 0.000000e+00 1.000000e+00 -0.000000e+00
    outer loop
      vertex   2.722791e+01 0.000000e+00 -1.117302e+02
      vertex   5.821378e+00 0.000000e+00 -1.038243e+02
      vertex   3.102663e+01 0.000000e+00 -1.107355e+02
    endloop
  endfacet
  facet normal 0.000000e+00 1.000000e+00 0.000000e+00
    outer loop
      vertex   3.102663e+01 0.000000e+00 -1.107355e+02
      vertex   5.821378e+00 0.000000e+00 -1.038243e+02
      vertex   7.090328e+00 0.000000e+00 -1.032184e+02
    endloop
  endfacet
  facet normal 0.000000e+00 1.000000e+00 0.000000e+00
    outer loop
      vertex   3.102663e+01 0.000000e+00 -1.107355e+02
      vertex   7.090328e+00 0.000000e+00 -1.032184e+02
      vertex   8.296967e+00 0.000000e+00 -1.024964e+02
    endloop
  endfacet
  facet normal -0.000000e+00 1.000000e+00 0.000000e+00
    outer loop
      vertex   8.296967e+00 0.000000e+00 -1.024964e+02
      vertex   9.430693e+00 0.000000e+00 -1.016646e+02
      vertex   3.102663e+01 0.000000e+00 -1.107355e+02
    endloop
  endfacet
  facet normal 0.000000e+00 1.000000e+00 0.000000e+00
    outer loop
      vertex   3.102663e+01 0.000000e+00 -1.107355e+02
      vertex   9.430693e+00 0.000000e+00 -1.016646e+02
      vertex   1.048154e+01 0.000000e+00 -1.007302e+02
    endloop
  endfacet
  facet normal 0.000000e+00 1.000000e+00 0.000000e+00
    outer loop
      vertex   3.102663e+01 0.000000e+00 -1.107355e+02
      vertex   1.048154e+01 0.000000e+00 -1.007302e+02
      vertex   1.144028e+01 0.000000e+00 -9.970155e+01
    endloop
  endfacet
  facet normal -0.000000e+00 1.000000e+00 0.000000e+00
    outer loop
      vertex   1.144028e+01 0.000000e+00 -9.970155e+01
      vertex   1.229848e+01 0.000000e+00 -9.858764e+01
      vertex   3.102663e+01 0.000000e+00 -1.107355e+02
    endloop
  endfacet
  facet normal 0.000000e+00 1.000000e+00 0.000000e+00
    outer loop
      vertex   3.102663e+01 0.000000e+00 -1.107355e+02
      vertex   1.229848e+01 0.000000e+00 -9.858764e+01
      vertex   1.304860e+01 0.000000e+00 -9.739825e+01
    endloop
  endfacet
  facet normal 0.000000e+00 1.000000e+00 0.000000e+00
    outer loop
      vertex   3.102663e+01 0.000000e+00 -1.107355e+02
      vertex   1.304860e+01 0.000000e+00 -9.739825e+01
      vertex   1.368404e+01 0.000000e+00 -9.614386e+01
    endloop
  endfacet
  facet normal -0.000000e+00 1.000000e+00 0.000000e+00
    outer loop
      vertex   1.368404e+01 0.000000e+00 -9.614386e+01
      vertex   1.419924e+01 0.000000e+00 -9.483546e+01
      vertex   3.102663e+01 0.000000e+00 -1.107355e+02
    endloop
  endfacet
  facet normal 0.000000e+00 1.000000e+00 0.000000e+00
    outer loop
      vertex   3.102663e+01 0.000000e+00 -1.107355e+02
      vertex   1.419924e+01 0.000000e+00 -9.483546e+01
      vertex   1.458964e+01 0.000000e+00 -9.348458e+01
    endloop
  endfacet
  facet normal 0.000000e+00 1.000000e+00 -0.000000e+00
    outer loop
      vertex   3.102663e+01 0.000000e+00 -1.107355e+02
      vertex   1.458964e+01 0.000000e+00 -9.348458e+01
      vertex   3.478917e+01 0.000000e+00 -1.096116e+02
    endloop
  endfacet
  facet normal 0.000000e+00 1.000000e+00 0.000000e+00
    outer loop
      vertex   3.478917e+01 0.000000e+00 -1.096116e+02
      vertex   1.458964e+01 0.000000e+00 -9.348458e+01
      vertex   1.485184e+01 0.000000e+00 -9.210307e+01
    endloop
  endfacet
  facet normal 0.000000e+00 1.000000e+00 -0.000000e+00
    outer loop
      vertex   3.478917e+01 0.000000e+00 -1.096116e+02
      vertex   1.485184e+01 0.000000e+00 -9.210307e+01
      vertex   3.851116e+01 0.000000e+00 -1.083600e+02
    endloop
  endfacet
  facet normal 0.000000e+00 1.000000e+00 0.000000e+00
    outer loop
      vertex   3.851116e+01 0.000000e+00 -1.083600e+02
      vertex   1.485184e+01 0.000000e+00 -9.210307e+01
      vertex   1.498351e+01 0.000000e+00 -9.070308e+01
    endloop
  endfacet
  facet normal 0.000000e+00 1.000000e+00 -0.000000e+00
    outer loop
      vertex   3.851116e+01 0.000000e+00 -1.083600e+02
      vertex   1.498351e+01 0.000000e+00 -9.070308e+01
      vertex   4.218824e+01 0.000000e+00 -1.069820e+02
    endloop
  endfacet
  facet normal 0.000000e+00 1.000000e+00 0.000000e+00
    outer loop
      vertex   4.218824e+01 0.000000e+00 -1.069820e+02
      vertex   1.498351e+01 0.000000e+00 -9.070308e+01
      vertex   1.498351e+01 0.000000e+00 -8.929692e+01
    endloop
  endfacet
  facet normal 0.000000e+00 1.000000e+00 -0.000000e+00
    outer loop
      vertex   4.218824e+01 0.000000e+00 -1.069820e+02
      vertex   1.498351e+01 0.000000e+00 -8.929692e+01
      vertex   4.581613e+01 0.000000e+00 -1.054793e+02
    endloop
  endfacet
  facet normal 0.000000e+00 1.000000e+00 0.000000e+00
    outer loop
      vertex   4.581613e+01 0.000000e+00 -1.054793e+02
      vertex   1.498351e+01 0.000000e+00 -8.929692e+01
      vertex   1.485184e+01 0.000000e+00 -8.789693e+01
    endloop
  endfacet
  facet normal 0.000000e+00 1.000000e+00 -0.000000e+00
    outer loop
      vertex   4.581613e+01 0.000000e+00 -1.054793e+02
      vertex   1.485184e+01 0.000000e+00 -8.789693e+01
      vertex   4.939060e+01 0.000000e+00 -1.038536e+02
    endloop
  endfacet
  facet normal 0.000000e+00 1.000000e+00 0.000000e+00
    outer loop
      vertex   4.939060e+01 0.000000e+00 -1.038536e+02
      vertex   1.485184e+01 0.000000e+00 -8.789693e+01
      vertex   1.458964e+01 0.000000e+00 -8.651542e+01
    endloop
  endfacet
  facet normal 0.000000e+00 1.000000e+00 -0.000000e+00
    outer loop
      vertex   4.939060e+01 0.000000e+00 -1.038536e+02
      vertex   1.458964e+01 0.000000e+00 -8.651542e+01
      vertex   5.290748e+01 0.000000e+00 -1.021068e+02
    endloop
  endfacet
  facet normal 0.000000e+00 1.000000e+00 0.000000e+00
    outer loop
      vertex   5.290748e+01 0.000000e+00 -1.021068e+02
      vertex   1.458964e+01 0.000000e+00 -8.651542e+01
      vertex   1.419924e+01 0.000000e+00 -8.516454e+01
    endloop
  endfacet
  facet normal 0.000000e+00 1.000000e+00 -0.000000e+00
    outer loop
      vertex   5.290748e+01 0.000000e+00 -1.021068e+02
      vertex   1.419924e+01 0.000000e+00 -8.516454e+01
      vertex   5.636267e+01 0.000000e+00 -1.002410e+02
    endloop
  endfacet
  facet normal 0.000000e+00 1.000000e+00 0.000000e+00
    outer loop
      vertex   5.636267e+01 0.000000e+00 -1.002410e+02
      vertex   1.419924e+01 0.000000e+00 -8.516454e+01
      vertex   1.368404e+01 0.000000e+00 -8.385614e+01
    endloop
  endfacet
  facet normal 0.000000e+00 1.000000e+00 -0.000000e+00
    outer loop
      vertex   5.636267e+01 0.000000e+00 -1.002410e+02
      vertex   1.368404e+01 0.000000e+00 -8.385614e+01
      vertex   5.975215e+01 0.000000e+00 -9.825823e+01
    endloop
  endfacet
  facet normal 0.000000e+00 1.000000e+00 -0.000000e+00
    outer loop
      vertex   5.975215e+01 0.000000e+00 -9.825823e+01
      vertex   1.368404e+01 0.000000e+00 -8.385614e+01
      vertex   6.307197e+01 0.000000e+00 -9.616094e+01
    endloop
  endfacet
  facet normal 0.000000e+00 1.000000e+00 0.000000e+00
    outer loop
      vertex   6.307197e+01 0.000000e+00 -9.616094e+01
      vertex   1.368404e+01 0.000000e+00 -8.385614e+01
      vertex   1.304860e+01 0.000000e+00 -8.260175e+01
    endloop
  endfacet
  facet normal 0.000000e+00 1.000000e+00 -0.000000e+00
    outer loop
      vertex   6.307197e+01 0.000000e+00 -9.616094e+01
      vertex   1.304860e+01 0.000000e+00 -8.260175e+01
      vertex   6.631824e+01 0.000000e+00 -9.395154e+01
    endloop
  endfacet
  facet normal 0.000000e+00 1.000000e+00 -0.000000e+00
    outer loop
      vertex   6.631824e+01 0.000000e+00 -9.395154e+01
      vertex   1.304860e+01 0.000000e+00 -8.260175e+01
      vertex   6.948718e+01 0.000000e+00 -9.163259e+01
    endloop
  endfacet
  facet normal 0.000000e+00 1.000000e+00 0.000000e+00
    outer loop
      vertex   6.948718e+01 0.000000e+00 -9.163259e+01
      vertex   1.304860e+01 0.000000e+00 -8.260175e+01
      vertex   1.229848e+01 0.000000e+00 -8.141236e+01
    endloop
  endfacet
  facet normal 0.000000e+00 1.000000e+00 -0.000000e+00
    outer loop
      vertex   6.948718e+01 0.000000e+00 -9.163259e+01
      vertex   1.229848e+01 0.000000e+00 -8.141236e+01
      vertex   7.257511e+01 0.000000e+00 -8.920680e+01
    endloop
  endfacet
  facet normal 0.000000e+00 1.000000e+00 -0.000000e+00
    outer loop
      vertex   7.257511e+01 0.000000e+00 -8.920680e+01
      vertex   1.229848e+01 0.000000e+00 -8.141236e+01
      vertex   7.557842e+01 0.000000e+00 -8.667700e+01
    endloop
  endfacet
  facet normal 0.000000e+00 1.000000e+00 0.000000e+00
    outer loop
      vertex   7.557842e+01 0.000000e+00 -8.667700e+01
      vertex   1.229848e+01 0.000000e+00 -8.141236e+01
      vertex   1.144028e+01 0.000000e+00 -8.029845e+01
    endloop
  endfacet
  facet normal 0.000000e+00 1.000000e+00 -0.000000e+00
    outer loop
      vertex   7.557842e+01 0.000000e+00 -8.667700e+01
      vertex   1.144028e+01 0.000000e+00 -8.029845e+01
      vertex   7.849361e+01 0.000000e+00 -8.404614e+01
    endloop
  endfacet
  facet normal 0.000000e+00 1.000000e+00 -0.000000e+00
    outer loop
      vertex   7.849361e+01 0.000000e+00 -8.404614e+01
      vertex   1.144028e+01 0.000000e+00 -8.029845e+01
      vertex   8.131728e+01 0.000000e+00 -8.131728e+01
    endloop
  endfacet
  facet normal 0.000000e+00 1.000000e+00 0.000000e+00
    outer loop
      vertex   8.131728e+01 0.000000e+00 -8.131728e+01
      vertex   1.144028e+01 0.000000e+00 -8.029845e+01
      vertex   1.048154e+01 0.000000e+00 -7.926980e+01
    endloop
  endfacet
  facet normal 0.000000e+00 1.000000e+00 -0.000000e+00
    outer loop
      vertex   8.131728e+01 0.000000e+00 -8.131728e+01
      vertex   1.048154e+01 0.000000e+00 -7.926980e+01
      vertex   8.404614e+01 0.000000e+00 -7.849361e+01
    endloop
  endfacet
  facet normal 0.000000e+00 1.000000e+00 -0.000000e+00
    outer loop
      vertex   8.404614e+01 0.000000e+00 -7.849361e+01
      vertex   1.048154e+01 0.000000e+00 -7.926980e+01
      vertex   8.667700e+01 0.000000e+00 -7.557842e+01
    endloop
  endfacet
  facet normal 0.000000e+00 1.000000e+00 -0.000000e+00
    outer loop
      vertex   8.667700e+01 0.000000e+00 -7.557842e+01
      vertex   1.048154e+01 0.000000e+00 -7.926980e+01
      vertex   8.920680e+01 0.000000e+00 -7.257511e+01
    endloop
  endfacet
  facet normal 0.000000e+00 1.000000e+00 0.000000e+00
    outer loop
      vertex   8.920680e+01 0.000000e+00 -7.257511e+01
      vertex   1.048154e+01 0.000000e+00 -7.926980e+01
      vertex   9.430693e+00 0.000000e+00 -7.833544e+01
    endloop
  endfacet
  facet normal 0.000000e+00 1.000000e+00 0.000000e+00
    outer loop
      vertex   8.920680e+01 0.000000e+00 -7.257511e+01
      vertex   9.430693e+00 0.000000e+00 -7.833544e+01
      vertex   8.296967e+00 0.000000e+00 -7.750359e+01
    endloop
  endfacet
  facet normal 0.000000e+00 1.000000e+00 -0.000000e+00
    outer loop
      vertex   8.296967e+00 0.000000e+00 -7.750359e+01
      vertex   7.090328e+00 0.000000e+00 -7.678156e+01
      vertex   8.920680e+01 0.000000e+00 -7.257511e+01
    endloop
  endfacet
  facet normal 0.000000e+00 1.000000e+00 0.000000e+00
    outer loop
      vertex   8.920680e+01 0.000000e+00 -7.257511e+01
      vertex   7.090328e+00 0.000000e+00 -7.678156e+01
      vertex   5.821378e+00 0.000000e+00 -7.617569e+01
    endloop
  endfacet
  facet normal 0.000000e+00 1.000000e+00 0.000000e+00
    outer loop
      vertex   8.920680e+01 0.000000e+00 -7.257511e+01
      vertex   5.821378e+00 0.000000e+00 -7.617569e+01
      vertex   4.501270e+00 0.000000e+00 -7.569131e+01
    endloop
  endfacet
  facet normal 0.000000e+00 1.000000e+00 -0.000000e+00
    outer loop
      vertex   4.501270e+00 0.000000e+00 -7.569131e+01
      vertex   3.141604e+00 0.000000e+00 -7.533268e+01
      vertex   8.920680e+01 0.000000e+00 -7.257511e+01
    endloop
  endfacet
  facet normal 0.000000e+00 1.000000e+00 0.000000e+00
    outer loop
      vertex   8.920680e+01 0.000000e+00 -7.257511e+01
      vertex   3.141604e+00 0.000000e+00 -7.533268e+01
      vertex   1.754330e+00 0.000000e+00 -7.510294e+01
    endloop
  endfacet
  facet normal 0.000000e+00 1.000000e+00 0.000000e+00
    outer loop
      vertex   8.920680e+01 0.000000e+00 -7.257511e+01
      vertex   1.754330e+00 0.000000e+00 -7.510294e+01
      vertex   3.516386e-01 0.000000e+00 -7.500412e+01
    endloop
  endfacet
  facet normal -0.000000e+00 1.000000e+00 0.000000e+00
    outer loop
      vertex   -1.125947e+02 0.000000e+00 2.339744e+01
      vertex   -1.117302e+02 0.000000e+00 2.722791e+01
      vertex   -9.000000e+01 0.000000e+00 1.500000e+01
    endloop
  endfacet
  facet normal 0.000000e+00 1.000000e+00 0.000000e+00
    outer loop
      vertex   -9.000000e+01 0.000000e+00 1.500000e+01
      vertex   -1.117302e+02 0.000000e+00 2.722791e+01
      vertex   -1.107355e+02 0.000000e+00 3.102663e+01
    endloop
  endfacet
  facet normal 0.000000e+00 1.000000e+00 0.000000e+00
    outer loop
      vertex   -9.000000e+01 0.000000e+00 1.500000e+01
      vertex   -1.107355e+02 0.000000e+00 3.102663e+01
      vertex   -1.096116e+02 0.000000e+00 3.478917e+01
    endloop
  endfacet
  facet normal -0.000000e+00 1.000000e+00 0.000000e+00
    outer loop
      vertex   -1.096116e+02 0.000000e+00 3.478917e+01
      vertex   -1.083600e+02 0.000000e+00 3.851116e+01
      vertex   -9.000000e+01 0.000000e+00 1.500000e+01
    endloop
  endfacet
  facet normal 0.000000e+00 1.000000e+00 0.000000e+00
    outer loop
      vertex   -9.000000e+01 0.000000e+00 1.500000e+01
      vertex   -1.083600e+02 0.000000e+00 3.851116e+01
      vertex   -1.069820e+02 0.000000e+00 4.218824e+01
    endloop
  endfacet
  facet normal 0.000000e+00 1.000000e+00 0.000000e+00
    outer loop
      vertex   -9.000000e+01 0.000000e+00 1.500000e+01
      vertex   -1.069820e+02 0.000000e+00 4.218824e+01
      vertex   -1.054793e+02 0.000000e+00 4.581613e+01
    endloop
  endfacet
  facet normal -0.000000e+00 1.000000e+00 0.000000e+00
    outer loop
      vertex   -1.054793e+02 0.000000e+00 4.581613e+01
      vertex   -1.038536e+02 0.000000e+00 4.939060e+01
      vertex   -9.000000e+01 0.000000e+00 1.500000e+01
    endloop
  endfacet
  facet normal 0.000000e+00 1.000000e+00 0.000000e+00
    outer loop
      vertex   -9.000000e+01 0.000000e+00 1.500000e+01
      vertex   -1.038536e+02 0.000000e+00 4.939060e+01
      vertex   -1.021068e+02 0.000000e+00 5.290748e+01
    endloop
  endfacet
  facet normal 0.000000e+00 1.000000e+00 0.000000e+00
    outer loop
      vertex   -9.000000e+01 0.000000e+00 1.500000e+01
      vertex   -1.021068e+02 0.000000e+00 5.290748e+01
      vertex   -1.002410e+02 0.000000e+00 5.636267e+01
    endloop
  endfacet
  facet normal -0.000000e+00 1.000000e+00 0.000000e+00
    outer loop
      vertex   -1.002410e+02 0.000000e+00 5.636267e+01
      vertex   -9.825823e+01 0.000000e+00 5.975215e+01
      vertex   -9.000000e+01 0.000000e+00 1.500000e+01
    endloop
  endfacet
  facet normal 0.000000e+00 1.000000e+00 0.000000e+00
    outer loop
      vertex   -9.000000e+01 0.000000e+00 1.500000e+01
      vertex   -9.825823e+01 0.000000e+00 5.975215e+01
      vertex   -9.616094e+01 0.000000e+00 6.307197e+01
    endloop
  endfacet
  facet normal 0.000000e+00 1.000000e+00 0.000000e+00
    outer loop
      vertex   -9.000000e+01 0.000000e+00 1.500000e+01
      vertex   -9.616094e+01 0.000000e+00 6.307197e+01
      vertex   -9.395154e+01 0.000000e+00 6.631824e+01
    endloop
  endfacet
  facet normal -0.000000e+00 1.000000e+00 0.000000e+00
    outer loop
      vertex   -9.395154e+01 0.000000e+00 6.631824e+01
      vertex   -9.163259e+01 0.000000e+00 6.948718e+01
      vertex   -9.000000e+01 0.000000e+00 1.500000e+01
    endloop
  endfacet
  facet normal 0.000000e+00 1.000000e+00 -0.000000e+00
    outer loop
      vertex   -9.000000e+01 0.000000e+00 1.500000e+01
      vertex   -9.163259e+01 0.000000e+00 6.948718e+01
      vertex   -8.920680e+01 0.000000e+00 7.257511e+01
    endloop
  endfacet
  facet normal 0.000000e+00 1.000000e+00 0.000000e+00
    outer loop
      vertex   -9.000000e+01 0.000000e+00 1.500000e+01
      vertex   -8.920680e+01 0.000000e+00 7.257511e+01
      vertex   -8.667700e+01 0.000000e+00 7.557842e+01
    endloop
  endfacet
  facet normal -0.000000e+00 1.000000e+00 0.000000e+00
    outer loop
      vertex   -8.667700e+01 0.000000e+00 7.557842e+01
      vertex   -8.404614e+01 0.000000e+00 7.849361e+01
      vertex   -9.000000e+01 0.000000e+00 1.500000e+01
    endloop
  endfacet
  facet normal 0.000000e+00 -1.000000e+00 0.000000e+00
    outer loop
      vertex   -1.149330e+02 -1.000000e+01 -3.926228e+00
      vertex   1.149330e+02 -1.000000e+01 -3.926228e+00
      vertex   -1.150000e+02 -1.000000e+01 1.408344e-14
    endloop
  endfacet
  facet normal 0.000000e+00 -1.000000e+00 0.000000e+00
    outer loop
      vertex   -1.150000e+02 -1.000000e+01 1.408344e-14
      vertex   1.149330e+02 -1.000000e+01 -3.926228e+00
      vertex   1.150000e+02 -1.000000e+01 0.000000e+00
    endloop
  endfacet
  facet normal 0.000000e+00 -1.000000e+00 0.000000e+00
    outer loop
      vertex   -1.150000e+02 -1.000000e+01 1.408344e-14
      vertex   1.150000e+02 -1.000000e+01 0.000000e+00
      vertex   -1.149330e+02 -1.000000e+01 3.926228e+00
    endloop
  endfacet
  facet normal 0.000000e+00 -1.000000e+00 0.000000e+00
    outer loop
      vertex   -1.149330e+02 -1.000000e+01 3.926228e+00
      vertex   1.150000e+02 -1.000000e+01 0.000000e+00
      vertex   1.149330e+02 -1.000000e+01 3.926228e+00
    endloop
  endfacet
  facet normal 0.000000e+00 -1.000000e+00 0.000000e+00
    outer loop
      vertex   -1.149330e+02 -1.000000e+01 3.926228e+00
      vertex   1.149330e+02 -1.000000e+01 3.926228e+00
      vertex   -1.147319e+02 -1.000000e+01 7.847878e+00
    endloop
  endfacet
  facet normal 0.000000e+00 -1.000000e+00 0.000000e+00
    outer loop
      vertex   -1.147319e+02 -1.000000e+01 7.847878e+00
      vertex   1.149330e+02 -1.000000e+01 3.926228e+00
      vertex   1.147319e+02 -1.000000e+01 7.847878e+00
    endloop
  endfacet
  facet normal 0.000000e+00 -1.000000e+00 0.000000e+00
    outer loop
      vertex   -1.147319e+02 -1.000000e+01 7.847878e+00
      vertex   1.147319e+02 -1.000000e+01 7.847878e+00
      vertex   -1.143971e+02 -1.000000e+01 1.176038e+01
    endloop
  endfacet
  facet normal 0.000000e+00 -1.000000e+00 0.000000e+00
    outer loop
      vertex   -1.143971e+02 -1.000000e+01 1.176038e+01
      vertex   1.147319e+02 -1.000000e+01 7.847878e+00
      vertex   1.143971e+02 -1.000000e+01 1.176038e+01
    endloop
  endfacet
  facet normal 0.000000e+00 -1.000000e+00 0.000000e+00
    outer loop
      vertex   -1.143971e+02 -1.000000e+01 1.176038e+01
      vertex   1.143971e+02 -1.000000e+01 1.176038e+01
      vertex   -1.139289e+02 -1.000000e+01 1.565916e+01
    endloop
  endfacet
  facet normal 0.000000e+00 -1.000000e+00 0.000000e+00
    outer loop
      vertex   -1.139289e+02 -1.000000e+01 1.565916e+01
      vertex   1.143971e+02 -1.000000e+01 1.176038e+01
      vertex   1.139289e+02 -1.000000e+01 1.565916e+01
    endloop
  endfacet
  facet normal 0.000000e+00 -1.000000e+00 0.000000e+00
    outer loop
      vertex   -1.139289e+02 -1.000000e+01 1.565916e+01
      vertex   1.139289e+02 -1.000000e+01 1.565916e+01
      vertex   -1.133278e+02 -1.000000e+01 1.953969e+01
    endloop
  endfacet
  facet normal 0.000000e+00 -1.000000e+00 0.000000e+00
    outer loop
      vertex   -1.133278e+02 -1.000000e+01 1.953969e+01
      vertex   1.139289e+02 -1.000000e+01 1.565916e+01
      vertex   1.133278e+02 -1.000000e+01 1.953969e+01
    endloop
  endfacet
  facet normal 0.000000e+00 -1.000000e+00 0.000000e+00
    outer loop
      vertex   -1.133278e+02 -1.000000e+01 1.953969e+01
      vertex   1.133278e+02 -1.000000e+01 1.953969e+01
      vertex   -1.125947e+02 -1.000000e+01 2.339744e+01
    endloop
  endfacet
  facet normal 0.000000e+00 -1.000000e+00 0.000000e+00
    outer loop
      vertex   -1.125947e+02 -1.000000e+01 2.339744e+01
      vertex   1.133278e+02 -1.000000e+01 1.953969e+01
      vertex   1.125947e+02 -1.000000e+01 2.339744e+01
    endloop
  endfacet
  facet normal 0.000000e+00 -1.000000e+00 0.000000e+00
    outer loop
      vertex   -1.125947e+02 -1.000000e+01 2.339744e+01
      vertex   1.125947e+02 -1.000000e+01 2.339744e+01
      vertex   -1.117302e+02 -1.000000e+01 2.722791e+01
    endloop
  endfacet
  facet normal 0.000000e+00 -1.000000e+00 0.000000e+00
    outer loop
      vertex   -1.117302e+02 -1.000000e+01 2.722791e+01
      vertex   1.125947e+02 -1.000000e+01 2.339744e+01
      vertex   1.117302e+02 -1.000000e+01 2.722791e+01
    endloop
  endfacet
  facet normal 0.000000e+00 -1.000000e+00 0.000000e+00
    outer loop
      vertex   -1.117302e+02 -1.000000e+01 2.722791e+01
      vertex   1.117302e+02 -1.000000e+01 2.722791e+01
      vertex   -1.107355e+02 -1.000000e+01 3.102663e+01
    endloop
  endfacet
  facet normal 0.000000e+00 -1.000000e+00 0.000000e+00
    outer loop
      vertex   -1.107355e+02 -1.000000e+01 3.102663e+01
      vertex   1.117302e+02 -1.000000e+01 2.722791e+01
      vertex   1.107355e+02 -1.000000e+01 3.102663e+01
    endloop
  endfacet
  facet normal 0.000000e+00 -1.000000e+00 0.000000e+00
    outer loop
      vertex   -1.107355e+02 -1.000000e+01 3.102663e+01
      vertex   1.107355e+02 -1.000000e+01 3.102663e+01
      vertex   -1.096116e+02 -1.000000e+01 3.478917e+01
    endloop
  endfacet
  facet normal 0.000000e+00 -1.000000e+00 0.000000e+00
    outer loop
      vertex   -1.096116e+02 -1.000000e+01 3.478917e+01
      vertex   1.107355e+02 -1.000000e+01 3.102663e+01
      vertex   1.096116e+02 -1.000000e+01 3.478917e+01
    endloop
  endfacet
  facet normal 0.000000e+00 -1.000000e+00 0.000000e+00
    outer loop
      vertex   -1.096116e+02 -1.000000e+01 3.478917e+01
      vertex   1.096116e+02 -1.000000e+01 3.478917e+01
      vertex   -1.083600e+02 -1.000000e+01 3.851116e+01
    endloop
  endfacet
  facet normal 0.000000e+00 -1.000000e+00 0.000000e+00
    outer loop
      vertex   -1.083600e+02 -1.000000e+01 3.851116e+01
      vertex   1.096116e+02 -1.000000e+01 3.478917e+01
      vertex   1.083600e+02 -1.000000e+01 3.851116e+01
    endloop
  endfacet
  facet normal 0.000000e+00 -1.000000e+00 0.000000e+00
    outer loop
      vertex   -1.083600e+02 -1.000000e+01 3.851116e+01
      vertex   1.083600e+02 -1.000000e+01 3.851116e+01
      vertex   -1.069820e+02 -1.000000e+01 4.218824e+01
    endloop
  endfacet
  facet normal 0.000000e+00 -1.000000e+00 0.000000e+00
    outer loop
      vertex   -1.069820e+02 -1.000000e+01 4.218824e+01
      vertex   1.083600e+02 -1.000000e+01 3.851116e+01
      vertex   1.069820e+02 -1.000000e+01 4.218824e+01
    endloop
  endfacet
  facet normal 0.000000e+00 -1.000000e+00 0.000000e+00
    outer loop
      vertex   -1.069820e+02 -1.000000e+01 4.218824e+01
      vertex   1.069820e+02 -1.000000e+01 4.218824e+01
      vertex   -1.054793e+02 -1.000000e+01 4.581613e+01
    endloop
  endfacet
  facet normal 0.000000e+00 -1.000000e+00 0.000000e+00
    outer loop
      vertex   -1.054793e+02 -1.000000e+01 4.581613e+01
      vertex   1.069820e+02 -1.000000e+01 4.218824e+01
      vertex   1.054793e+02 -1.000000e+01 4.581613e+01
    endloop
  endfacet
  facet normal 0.000000e+00 -1.000000e+00 0.000000e+00
    outer loop
      vertex   -1.054793e+02 -1.000000e+01 4.581613e+01
      vertex   1.054793e+02 -1.000000e+01 4.581613e+01
      vertex   -1.038536e+02 -1.000000e+01 4.939060e+01
    endloop
  endfacet
  facet normal 0.000000e+00 -1.000000e+00 0.000000e+00
    outer loop
      vertex   -1.038536e+02 -1.000000e+01 4.939060e+01
      vertex   1.054793e+02 -1.000000e+01 4.581613e+01
      vertex   1.038536e+02 -1.000000e+01 4.939060e+01
    endloop
  endfacet
  facet normal 0.000000e+00 -1.000000e+00 0.000000e+00
    outer loop
      vertex   -1.038536e+02 -1.000000e+01 4.939060e+01
      vertex   1.038536e+02 -1.000000e+01 4.939060e+01
      vertex   -1.021068e+02 -1.000000e+01 5.290748e+01
    endloop
  endfacet
  facet normal 0.000000e+00 -1.000000e+00 0.000000e+00
    outer loop
      vertex   -1.021068e+02 -1.000000e+01 5.290748e+01
      vertex   1.038536e+02 -1.000000e+01 4.939060e+01
      vertex   1.021068e+02 -1.000000e+01 5.290748e+01
    endloop
  endfacet
  facet normal 0.000000e+00 -1.000000e+00 0.000000e+00
    outer loop
      vertex   -1.021068e+02 -1.000000e+01 5.290748e+01
      vertex   1.021068e+02 -1.000000e+01 5.290748e+01
      vertex   -1.002410e+02 -1.000000e+01 5.636267e+01
    endloop
  endfacet
  facet normal 0.000000e+00 -1.000000e+00 0.000000e+00
    outer loop
      vertex   -1.002410e+02 -1.000000e+01 5.636267e+01
      vertex   1.021068e+02 -1.000000e+01 5.290748e+01
      vertex   1.002410e+02 -1.000000e+01 5.636267e+01
    endloop
  endfacet
  facet normal 0.000000e+00 -1.000000e+00 0.000000e+00
    outer loop
      vertex   -1.002410e+02 -1.000000e+01 5.636267e+01
      vertex   1.002410e+02 -1.000000e+01 5.636267e+01
      vertex   -9.825823e+01 -1.000000e+01 5.975215e+01
    endloop
  endfacet
  facet normal 0.000000e+00 -1.000000e+00 0.000000e+00
    outer loop
      vertex   -9.825823e+01 -1.000000e+01 5.975215e+01
      vertex   1.002410e+02 -1.000000e+01 5.636267e+01
      vertex   9.825823e+01 -1.000000e+01 5.975215e+01
    endloop
  endfacet
  facet normal 0.000000e+00 -1.000000e+00 0.000000e+00
    outer loop
      vertex   -9.825823e+01 -1.000000e+01 5.975215e+01
      vertex   9.825823e+01 -1.000000e+01 5.975215e+01
      vertex   -9.616094e+01 -1.000000e+01 6.307197e+01
    endloop
  endfacet
  facet normal 0.000000e+00 -1.000000e+00 0.000000e+00
    outer loop
      vertex   -9.616094e+01 -1.000000e+01 6.307197e+01
      vertex   9.825823e+01 -1.000000e+01 5.975215e+01
      vertex   9.616094e+01 -1.000000e+01 6.307197e+01
    endloop
  endfacet
  facet normal 0.000000e+00 -1.000000e+00 0.000000e+00
    outer loop
      vertex   -9.616094e+01 -1.000000e+01 6.307197e+01
      vertex   9.616094e+01 -1.000000e+01 6.307197e+01
      vertex   -9.395154e+01 -1.000000e+01 6.631824e+01
    endloop
  endfacet
  facet normal 0.000000e+00 -1.000000e+00 0.000000e+00
    outer loop
      vertex   -9.395154e+01 -1.000000e+01 6.631824e+01
      vertex   9.616094e+01 -1.000000e+01 6.307197e+01
      vertex   9.395154e+01 -1.000000e+01 6.631824e+01
    endloop
  endfacet
  facet normal 0.000000e+00 -1.000000e+00 0.000000e+00
    outer loop
      vertex   -9.395154e+01 -1.000000e+01 6.631824e+01
      vertex   9.395154e+01 -1.000000e+01 6.631824e+01
      vertex   -9.163259e+01 -1.000000e+01 6.948718e+01
    endloop
  endfacet
  facet normal 0.000000e+00 -1.000000e+00 0.000000e+00
    outer loop
      vertex   -9.163259e+01 -1.000000e+01 6.948718e+01
      vertex   9.395154e+01 -1.000000e+01 6.631824e+01
      vertex   9.163259e+01 -1.000000e+01 6.948718e+01
    endloop
  endfacet
  facet normal 0.000000e+00 -1.000000e+00 0.000000e+00
    outer loop
      vertex   -9.163259e+01 -1.000000e+01 6.948718e+01
      vertex   9.163259e+01 -1.000000e+01 6.948718e+01
      vertex   -8.920680e+01 -1.000000e+01 7.257511e+01
    endloop
  endfacet
  facet normal 0.000000e+00 -1.000000e+00 0.000000e+00
    outer loop
      vertex   -8.920680e+01 -1.000000e+01 7.257511e+01
      vertex   9.163259e+01 -1.000000e+01 6.948718e+01
      vertex   8.920680e+01 -1.000000e+01 7.257511e+01
    endloop
  endfacet
  facet normal 0.000000e+00 -1.000000e+00 0.000000e+00
    outer loop
      vertex   -8.920680e+01 -1.000000e+01 7.257511e+01
      vertex   8.920680e+01 -1.000000e+01 7.257511e+01
      vertex   -8.667700e+01 -1.000000e+01 7.557842e+01
    endloop
  endfacet
  facet normal 0.000000e+00 -1.000000e+00 0.000000e+00
    outer loop
      vertex   -8.667700e+01 -1.000000e+01 7.557842e+01
      vertex   8.920680e+01 -1.000000e+01 7.257511e+01
      vertex   8.667700e+01 -1.000000e+01 7.557842e+01
    endloop
  endfacet
  facet normal 0.000000e+00 -1.000000e+00 0.000000e+00
    outer loop
      vertex   -8.667700e+01 -1.000000e+01 7.557842e+01
      vertex   8.667700e+01 -1.000000e+01 7.557842e+01
      vertex   -8.404614e+01 -1.000000e+01 7.849361e+01
    endloop
  endfacet
  facet normal 0.000000e+00 -1.000000e+00 0.000000e+00
    outer loop
      vertex   -8.404614e+01 -1.000000e+01 7.849361e+01
      vertex   8.667700e+01 -1.000000e+01 7.557842e+01
      vertex   8.404614e+01 -1.000000e+01 7.849361e+01
    endloop
  endfacet
  facet normal 0.000000e+00 -1.000000e+00 0.000000e+00
    outer loop
      vertex   -8.404614e+01 -1.000000e+01 7.849361e+01
      vertex   8.404614e+01 -1.000000e+01 7.849361e+01
      vertex   -8.131728e+01 -1.000000e+01 8.131728e+01
    endloop
  endfacet
  facet normal 0.000000e+00 -1.000000e+00 0.000000e+00
    outer loop
      vertex   -8.131728e+01 -1.000000e+01 8.131728e+01
      vertex   8.404614e+01 -1.000000e+01 7.849361e+01
      vertex   8.131728e+01 -1.000000e+01 8.131728e+01
    endloop
  endfacet
  facet normal 0.000000e+00 -1.000000e+00 0.000000e+00
    outer loop
      vertex   -8.131728e+01 -1.000000e+01 8.131728e+01
      vertex   8.131728e+01 -1.000000e+01 8.131728e+01
      vertex   -7.849361e+01 -1.000000e+01 8.404614e+01
    endloop
  endfacet
  facet normal 0.000000e+00 -1.000000e+00 0.000000e+00
    outer loop
      vertex   -7.849361e+01 -1.000000e+01 8.404614e+01
      vertex   8.131728e+01 -1.000000e+01 8.131728e+01
      vertex   7.849361e+01 -1.000000e+01 8.404614e+01
    endloop
  endfacet
  facet normal 0.000000e+00 -1.000000e+00 0.000000e+00
    outer loop
      vertex   -7.849361e+01 -1.000000e+01 8.404614e+01
      vertex   7.849361e+01 -1.000000e+01 8.404614e+01
      vertex   -7.557842e+01 -1.000000e+01 8.667700e+01
    endloop
  endfacet
  facet normal 0.000000e+00 -1.000000e+00 0.000000e+00
    outer loop
      vertex   -7.557842e+01 -1.000000e+01 8.667700e+01
      vertex   7.849361e+01 -1.000000e+01 8.404614e+01
      vertex   7.557842e+01 -1.000000e+01 8.667700e+01
    endloop
  endfacet
  facet normal 0.000000e+00 -1.000000e+00 0.000000e+00
    outer loop
      vertex   -7.557842e+01 -1.000000e+01 8.667700e+01
      vertex   7.557842e+01 -1.000000e+01 8.667700e+01
      vertex   -7.257511e+01 -1.000000e+01 8.920680e+01
    endloop
  endfacet
  facet normal 0.000000e+00 -1.000000e+00 0.000000e+00
    outer loop
      vertex   -7.257511e+01 -1.000000e+01 8.920680e+01
      vertex   7.557842e+01 -1.000000e+01 8.667700e+01
      vertex   7.257511e+01 -1.000000e+01 8.920680e+01
    endloop
  endfacet
  facet normal 0.000000e+00 -1.000000e+00 0.000000e+00
    outer loop
      vertex   -7.257511e+01 -1.000000e+01 8.920680e+01
      vertex   7.257511e+01 -1.000000e+01 8.920680e+01
      vertex   -6.948718e+01 -1.000000e+01 9.163259e+01
    endloop
  endfacet
  facet normal 0.000000e+00 -1.000000e+00 0.000000e+00
    outer loop
      vertex   -6.948718e+01 -1.000000e+01 9.163259e+01
      vertex   7.257511e+01 -1.000000e+01 8.920680e+01
      vertex   6.948718e+01 -1.000000e+01 9.163259e+01
    endloop
  endfacet
  facet normal 0.000000e+00 -1.000000e+00 0.000000e+00
    outer loop
      vertex   -6.948718e+01 -1.000000e+01 9.163259e+01
      vertex   6.948718e+01 -1.000000e+01 9.163259e+01
      vertex   -6.631824e+01 -1.000000e+01 9.395154e+01
    endloop
  endfacet
  facet normal 0.000000e+00 -1.000000e+00 0.000000e+00
    outer loop
      vertex   -6.631824e+01 -1.000000e+01 9.395154e+01
      vertex   6.948718e+01 -1.000000e+01 9.163259e+01
      vertex   6.631824e+01 -1.000000e+01 9.395154e+01
    endloop
  endfacet
  facet normal 0.000000e+00 -1.000000e+00 0.000000e+00
    outer loop
      vertex   -6.631824e+01 -1.000000e+01 9.395154e+01
      vertex   6.631824e+01 -1.000000e+01 9.395154e+01
      vertex   -6.307197e+01 -1.000000e+01 9.616094e+01
    endloop
  endfacet
  facet normal 0.000000e+00 -1.000000e+00 0.000000e+00
    outer loop
      vertex   -6.307197e+01 -1.000000e+01 9.616094e+01
      vertex   6.631824e+01 -1.000000e+01 9.395154e+01
      vertex   6.307197e+01 -1.000000e+01 9.616094e+01
    endloop
  endfacet
  facet normal 0.000000e+00 -1.000000e+00 0.000000e+00
    outer loop
      vertex   -6.307197e+01 -1.000000e+01 9.616094e+01
      vertex   6.307197e+01 -1.000000e+01 9.616094e+01
      vertex   -5.975215e+01 -1.000000e+01 9.825823e+01
    endloop
  endfacet
  facet normal 0.000000e+00 -1.000000e+00 0.000000e+00
    outer loop
      vertex   -5.975215e+01 -1.000000e+01 9.825823e+01
      vertex   6.307197e+01 -1.000000e+01 9.616094e+01
      vertex   5.975215e+01 -1.000000e+01 9.825823e+01
    endloop
  endfacet
  facet normal 0.000000e+00 -1.000000e+00 0.000000e+00
    outer loop
      vertex   -5.975215e+01 -1.000000e+01 9.825823e+01
      vertex   5.975215e+01 -1.000000e+01 9.825823e+01
      vertex   -5.636267e+01 -1.000000e+01 1.002410e+02
    endloop
  endfacet
  facet normal 0.000000e+00 -1.000000e+00 0.000000e+00
    outer loop
      vertex   -5.636267e+01 -1.000000e+01 1.002410e+02
      vertex   5.975215e+01 -1.000000e+01 9.825823e+01
      vertex   5.636267e+01 -1.000000e+01 1.002410e+02
    endloop
  endfacet
  facet normal 0.000000e+00 -1.000000e+00 0.000000e+00
    outer loop
      vertex   -5.636267e+01 -1.000000e+01 1.002410e+02
      vertex   5.636267e+01 -1.000000e+01 1.002410e+02
      vertex   -5.290748e+01 -1.000000e+01 1.021068e+02
    endloop
  endfacet
  facet normal 0.000000e+00 -1.000000e+00 0.000000e+00
    outer loop
      vertex   -5.290748e+01 -1.000000e+01 1.021068e+02
      vertex   5.636267e+01 -1.000000e+01 1.002410e+02
      vertex   5.290748e+01 -1.000000e+01 1.021068e+02
    endloop
  endfacet
  facet normal 0.000000e+00 -1.000000e+00 0.000000e+00
    outer loop
      vertex   -5.290748e+01 -1.000000e+01 1.021068e+02
      vertex   5.290748e+01 -1.000000e+01 1.021068e+02
      vertex   -4.939060e+01 -1.000000e+01 1.038536e+02
    endloop
  endfacet
  facet normal 0.000000e+00 -1.000000e+00 0.000000e+00
    outer loop
      vertex   -4.939060e+01 -1.000000e+01 1.038536e+02
      vertex   5.290748e+01 -1.000000e+01 1.021068e+02
      vertex   4.939060e+01 -1.000000e+01 1.038536e+02
    endloop
  endfacet
  facet normal 0.000000e+00 -1.000000e+00 0.000000e+00
    outer loop
      vertex   -4.939060e+01 -1.000000e+01 1.038536e+02
      vertex   4.939060e+01 -1.000000e+01 1.038536e+02
      vertex   -4.581613e+01 -1.000000e+01 1.054793e+02
    endloop
  endfacet
  facet normal 0.000000e+00 -1.000000e+00 0.000000e+00
    outer loop
      vertex   -4.581613e+01 -1.000000e+01 1.054793e+02
      vertex   4.939060e+01 -1.000000e+01 1.038536e+02
      vertex   4.581613e+01 -1.000000e+01 1.054793e+02
    endloop
  endfacet
  facet normal 0.000000e+00 -1.000000e+00 0.000000e+00
    outer loop
      vertex   -4.581613e+01 -1.000000e+01 1.054793e+02
      vertex   4.581613e+01 -1.000000e+01 1.054793e+02
      vertex   -4.218824e+01 -1.000000e+01 1.069820e+02
    endloop
  endfacet
  facet normal 0.000000e+00 -1.000000e+00 0.000000e+00
    outer loop
      vertex   -4.218824e+01 -1.000000e+01 1.069820e+02
      vertex   4.581613e+01 -1.000000e+01 1.054793e+02
      vertex   4.218824e+01 -1.000000e+01 1.069820e+02
    endloop
  endfacet
  facet normal 0.000000e+00 -1.000000e+00 0.000000e+00
    outer loop
      vertex   -4.218824e+01 -1.000000e+01 1.069820e+02
      vertex   4.218824e+01 -1.000000e+01 1.069820e+02
      vertex   -3.851116e+01 -1.000000e+01 1.083600e+02
    endloop
  endfacet
  facet normal 0.000000e+00 -1.000000e+00 0.000000e+00
    outer loop
      vertex   -3.851116e+01 -1.000000e+01 1.083600e+02
      vertex   4.218824e+01 -1.000000e+01 1.069820e+02
      vertex   3.851116e+01 -1.000000e+01 1.083600e+02
    endloop
  endfacet
  facet normal 0.000000e+00 -1.000000e+00 0.000000e+00
    outer loop
      vertex   -3.851116e+01 -1.000000e+01 1.083600e+02
      vertex   3.851116e+01 -1.000000e+01 1.083600e+02
      vertex   -3.478917e+01 -1.000000e+01 1.096116e+02
    endloop
  endfacet
  facet normal 0.000000e+00 -1.000000e+00 0.000000e+00
    outer loop
      vertex   -3.478917e+01 -1.000000e+01 1.096116e+02
      vertex   3.851116e+01 -1.000000e+01 1.083600e+02
      vertex   3.478917e+01 -1.000000e+01 1.096116e+02
    endloop
  endfacet
  facet normal 0.000000e+00 -1.000000e+00 0.000000e+00
    outer loop
      vertex   -3.478917e+01 -1.000000e+01 1.096116e+02
      vertex   3.478917e+01 -1.000000e+01 1.096116e+02
      vertex   -3.102663e+01 -1.000000e+01 1.107355e+02
    endloop
  endfacet
  facet normal 0.000000e+00 -1.000000e+00 0.000000e+00
    outer loop
      vertex   -3.102663e+01 -1.000000e+01 1.107355e+02
      vertex   3.478917e+01 -1.000000e+01 1.096116e+02
      vertex   3.102663e+01 -1.000000e+01 1.107355e+02
    endloop
  endfacet
  facet normal 0.000000e+00 -1.000000e+00 0.000000e+00
    outer loop
      vertex   -3.102663e+01 -1.000000e+01 1.107355e+02
      vertex   3.102663e+01 -1.000000e+01 1.107355e+02
      vertex   -2.722791e+01 -1.000000e+01 1.117302e+02
    endloop
  endfacet
  facet normal 0.000000e+00 -1.000000e+00 0.000000e+00
    outer loop
      vertex   -2.722791e+01 -1.000000e+01 1.117302e+02
      vertex   3.102663e+01 -1.000000e+01 1.107355e+02
      vertex   2.722791e+01 -1.000000e+01 1.117302e+02
    endloop
  endfacet
  facet normal 0.000000e+00 -1.000000e+00 0.000000e+00
    outer loop
      vertex   -2.722791e+01 -1.000000e+01 1.117302e+02
      vertex   2.722791e+01 -1.000000e+01 1.117302e+02
      vertex   -2.339744e+01 -1.000000e+01 1.125947e+02
    endloop
  endfacet
  facet normal 0.000000e+00 -1.000000e+00 0.000000e+00
    outer loop
      vertex   -2.339744e+01 -1.000000e+01 1.125947e+02
      vertex   2.722791e+01 -1.000000e+01 1.117302e+02
      vertex   2.339744e+01 -1.000000e+01 1.125947e+02
    endloop
  endfacet
  facet normal 0.000000e+00 -1.000000e+00 0.000000e+00
    outer loop
      vertex   -2.339744e+01 -1.000000e+01 1.125947e+02
      vertex   2.339744e+01 -1.000000e+01 1.125947e+02
      vertex   -1.953969e+01 -1.000000e+01 1.133278e+02
    endloop
  endfacet
  facet normal 0.000000e+00 -1.000000e+00 0.000000e+00
    outer loop
      vertex   -1.953969e+01 -1.000000e+01 1.133278e+02
      vertex   2.339744e+01 -1.000000e+01 1.125947e+02
      vertex   1.953969e+01 -1.000000e+01 1.133278e+02
    endloop
  endfacet
  facet normal 0.000000e+00 -1.000000e+00 0.000000e+00
    outer loop
      vertex   -1.953969e+01 -1.000000e+01 1.133278e+02
      vertex   1.953969e+01 -1.000000e+01 1.133278e+02
      vertex   -1.565916e+01 -1.000000e+01 1.139289e+02
    endloop
  endfacet
  facet normal 0.000000e+00 -1.000000e+00 0.000000e+00
    outer loop
      vertex   -1.565916e+01 -1.000000e+01 1.139289e+02
      vertex   1.953969e+01 -1.000000e+01 1.133278e+02
      vertex   1.565916e+01 -1.000000e+01 1.139289e+02
    endloop
  endfacet
  facet normal 0.000000e+00 -1.000000e+00 0.000000e+00
    outer loop
      vertex   -1.565916e+01 -1.000000e+01 1.139289e+02
      vertex   1.565916e+01 -1.000000e+01 1.139289e+02
      vertex   -1.176038e+01 -1.000000e+01 1.143971e+02
    endloop
  endfacet
  facet normal 0.000000e+00 -1.000000e+00 0.000000e+00
    outer loop
      vertex   -1.176038e+01 -1.000000e+01 1.143971e+02
      vertex   1.565916e+01 -1.000000e+01 1.139289e+02
      vertex   1.176038e+01 -1.000000e+01 1.143971e+02
    endloop
  endfacet
  facet normal 0.000000e+00 -1.000000e+00 0.000000e+00
    outer loop
      vertex   -1.176038e+01 -1.000000e+01 1.143971e+02
      vertex   1.176038e+01 -1.000000e+01 1.143971e+02
      vertex   -7.847878e+00 -1.000000e+01 1.147319e+02
    endloop
  endfacet
  facet normal 0.000000e+00 -1.000000e+00 0.000000e+00
    outer loop
      vertex   -7.847878e+00 -1.000000e+01 1.147319e+02
      vertex   1.176038e+01 -1.000000e+01 1.143971e+02
      vertex   7.847878e+00 -1.000000e+01 1.147319e+02
    endloop
  endfacet
  facet normal 0.000000e+00 -1.000000e+00 0.000000e+00
    outer loop
      vertex   -7.847878e+00 -1.000000e+01 1.147319e+02
      vertex   7.847878e+00 -1.000000e+01 1.147319e+02
      vertex   -3.926228e+00 -1.000000e+01 1.149330e+02
    endloop
  endfacet
  facet normal 0.000000e+00 -1.000000e+00 0.000000e+00
    outer loop
      vertex   -3.926228e+00 -1.000000e+01 1.149330e+02
      vertex   7.847878e+00 -1.000000e+01 1.147319e+02
      vertex   3.926228e+00 -1.000000e+01 1.149330e+02
    endloop
  endfacet
  facet normal 0.000000e+00 -1.000000e+00 0.000000e+00
    outer loop
      vertex   -3.926228e+00 -1.000000e+01 1.149330e+02
      vertex   3.926228e+00 -1.000000e+01 1.149330e+02
      vertex   7.041719e-15 -1.000000e+01 1.150000e+02
    endloop
  endfacet
  facet normal 0.000000e+00 -1.000000e+00 0.000000e+00
    outer loop
      vertex   1.149330e+02 -1.000000e+01 -3.926228e+00
      vertex   -1.149330e+02 -1.000000e+01 -3.926228e+00
      vertex   1.147319e+02 -1.000000e+01 -7.847878e+00
    endloop
  endfacet
  facet normal -0.000000e+00 -1.000000e+00 0.000000e+00
    outer loop
      vertex   1.147319e+02 -1.000000e+01 -7.847878e+00
      vertex   -1.149330e+02 -1.000000e+01 -3.926228e+00
      vertex   -1.147319e+02 -1.000000e+01 -7.847878e+00
    endloop
  endfacet
  facet normal 0.000000e+00 -1.000000e+00 0.000000e+00
    outer loop
      vertex   1.147319e+02 -1.000000e+01 -7.847878e+00
      vertex   -1.147319e+02 -1.000000e+01 -7.847878e+00
      vertex   1.143971e+02 -1.000000e+01 -1.176038e+01
    endloop
  endfacet
  facet normal -0.000000e+00 -1.000000e+00 0.000000e+00
    outer loop
      vertex   1.143971e+02 -1.000000e+01 -1.176038e+01
      vertex   -1.147319e+02 -1.000000e+01 -7.847878e+00
      vertex   -1.143971e+02 -1.000000e+01 -1.176038e+01
    endloop
  endfacet
  facet normal 0.000000e+00 -1.000000e+00 0.000000e+00
    outer loop
      vertex   1.143971e+02 -1.000000e+01 -1.176038e+01
      vertex   -1.143971e+02 -1.000000e+01 -1.176038e+01
      vertex   1.139289e+02 -1.000000e+01 -1.565916e+01
    endloop
  endfacet
  facet normal -0.000000e+00 -1.000000e+00 0.000000e+00
    outer loop
      vertex   1.139289e+02 -1.000000e+01 -1.565916e+01
      vertex   -1.143971e+02 -1.000000e+01 -1.176038e+01
      vertex   -1.139289e+02 -1.000000e+01 -1.565916e+01
    endloop
  endfacet
  facet normal 0.000000e+00 -1.000000e+00 0.000000e+00
    outer loop
      vertex   1.139289e+02 -1.000000e+01 -1.565916e+01
      vertex   -1.139289e+02 -1.000000e+01 -1.565916e+01
      vertex   1.133278e+02 -1.000000e+01 -1.953969e+01
    endloop
  endfacet
  facet normal -0.000000e+00 -1.000000e+00 0.000000e+00
    outer loop
      vertex   1.133278e+02 -1.000000e+01 -1.953969e+01
      vertex   -1.139289e+02 -1.000000e+01 -1.565916e+01
      vertex   -1.133278e+02 -1.000000e+01 -1.953969e+01
    endloop
  endfacet
  facet normal 0.000000e+00 -1.000000e+00 0.000000e+00
    outer loop
      vertex   1.133278e+02 -1.000000e+01 -1.953969e+01
      vertex   -1.133278e+02 -1.000000e+01 -1.953969e+01
      vertex   1.125947e+02 -1.000000e+01 -2.339744e+01
    endloop
  endfacet
  facet normal -0.000000e+00 -1.000000e+00 0.000000e+00
    outer loop
      vertex   1.125947e+02 -1.000000e+01 -2.339744e+01
      vertex   -1.133278e+02 -1.000000e+01 -1.953969e+01
      vertex   -1.125947e+02 -1.000000e+01 -2.339744e+01
    endloop
  endfacet
  facet normal 0.000000e+00 -1.000000e+00 0.000000e+00
    outer loop
      vertex   1.125947e+02 -1.000000e+01 -2.339744e+01
      vertex   -1.125947e+02 -1.000000e+01 -2.339744e+01
      vertex   1.117302e+02 -1.000000e+01 -2.722791e+01
    endloop
  endfacet
  facet normal -0.000000e+00 -1.000000e+00 0.000000e+00
    outer loop
      vertex   1.117302e+02 -1.000000e+01 -2.722791e+01
      vertex   -1.125947e+02 -1.000000e+01 -2.339744e+01
      vertex   -1.117302e+02 -1.000000e+01 -2.722791e+01
    endloop
  endfacet
  facet normal 0.000000e+00 -1.000000e+00 0.000000e+00
    outer loop
      vertex   1.117302e+02 -1.000000e+01 -2.722791e+01
      vertex   -1.117302e+02 -1.000000e+01 -2.722791e+01
      vertex   1.107355e+02 -1.000000e+01 -3.102663e+01
    endloop
  endfacet
  facet normal -0.000000e+00 -1.000000e+00 0.000000e+00
    outer loop
      vertex   1.107355e+02 -1.000000e+01 -3.102663e+01
      vertex   -1.117302e+02 -1.000000e+01 -2.722791e+01
      vertex   -1.107355e+02 -1.000000e+01 -3.102663e+01
    endloop
  endfacet
  facet normal 0.000000e+00 -1.000000e+00 0.000000e+00
    outer loop
      vertex   1.107355e+02 -1.000000e+01 -3.102663e+01
      vertex   -1.107355e+02 -1.000000e+01 -3.102663e+01
      vertex   1.096116e+02 -1.000000e+01 -3.478917e+01
    endloop
  endfacet
  facet normal -0.000000e+00 -1.000000e+00 0.000000e+00
    outer loop
      vertex   1.096116e+02 -1.000000e+01 -3.478917e+01
      vertex   -1.107355e+02 -1.000000e+01 -3.102663e+01
      vertex   -1.096116e+02 -1.000000e+01 -3.478917e+01
    endloop
  endfacet
  facet normal 0.000000e+00 -1.000000e+00 0.000000e+00
    outer loop
      vertex   1.096116e+02 -1.000000e+01 -3.478917e+01
      vertex   -1.096116e+02 -1.000000e+01 -3.478917e+01
      vertex   1.083600e+02 -1.000000e+01 -3.851116e+01
    endloop
  endfacet
  facet normal -0.000000e+00 -1.000000e+00 0.000000e+00
    outer loop
      vertex   1.083600e+02 -1.000000e+01 -3.851116e+01
      vertex   -1.096116e+02 -1.000000e+01 -3.478917e+01
      vertex   -1.083600e+02 -1.000000e+01 -3.851116e+01
    endloop
  endfacet
  facet normal 0.000000e+00 -1.000000e+00 0.000000e+00
    outer loop
      vertex   1.083600e+02 -1.000000e+01 -3.851116e+01
      vertex   -1.083600e+02 -1.000000e+01 -3.851116e+01
      vertex   1.069820e+02 -1.000000e+01 -4.218824e+01
    endloop
  endfacet
  facet normal -0.000000e+00 -1.000000e+00 0.000000e+00
    outer loop
      vertex   1.069820e+02 -1.000000e+01 -4.218824e+01
      vertex   -1.083600e+02 -1.000000e+01 -3.851116e+01
      vertex   -1.069820e+02 -1.000000e+01 -4.218824e+01
    endloop
  endfacet
  facet normal 0.000000e+00 -1.000000e+00 0.000000e+00
    outer loop
      vertex   1.069820e+02 -1.000000e+01 -4.218824e+01
      vertex   -1.069820e+02 -1.000000e+01 -4.218824e+01
      vertex   1.054793e+02 -1.000000e+01 -4.581613e+01
    endloop
  endfacet
  facet normal 0.000000e+00 -1.000000e+00 0.000000e+00
    outer loop
      vertex   1.054793e+02 -1.000000e+01 -4.581613e+01
      vertex   -1.069820e+02 -1.000000e+01 -4.218824e+01
      vertex   -1.054793e+02 -1.000000e+01 -4.581613e+01
    endloop
  endfacet
  facet normal -0.000000e+00 -1.000000e+00 0.000000e+00
    outer loop
      vertex   1.054793e+02 -1.000000e+01 -4.581613e+01
      vertex   -1.054793e+02 -1.000000e+01 -4.581613e+01
      vertex   1.038536e+02 -1.000000e+01 -4.939060e+01
    endloop
  endfacet
  facet normal -0.000000e+00 -1.000000e+00 0.000000e+00
    outer loop
      vertex   1.038536e+02 -1.000000e+01 -4.939060e+01
      vertex   -1.054793e+02 -1.000000e+01 -4.581613e+01
      vertex   -1.038536e+02 -1.000000e+01 -4.939060e+01
    endloop
  endfacet
  facet normal 0.000000e+00 -1.000000e+00 0.000000e+00
    outer loop
      vertex   1.038536e+02 -1.000000e+01 -4.939060e+01
      vertex   -1.038536e+02 -1.000000e+01 -4.939060e+01
      vertex   1.021068e+02 -1.000000e+01 -5.290748e+01
    endloop
  endfacet
  facet normal -0.000000e+00 -1.000000e+00 0.000000e+00
    outer loop
      vertex   1.021068e+02 -1.000000e+01 -5.290748e+01
      vertex   -1.038536e+02 -1.000000e+01 -4.939060e+01
      vertex   -1.021068e+02 -1.000000e+01 -5.290748e+01
    endloop
  endfacet
  facet normal 0.000000e+00 -1.000000e+00 0.000000e+00
    outer loop
      vertex   1.021068e+02 -1.000000e+01 -5.290748e+01
      vertex   -1.021068e+02 -1.000000e+01 -5.290748e+01
      vertex   1.002410e+02 -1.000000e+01 -5.636267e+01
    endloop
  endfacet
  facet normal -0.000000e+00 -1.000000e+00 0.000000e+00
    outer loop
      vertex   1.002410e+02 -1.000000e+01 -5.636267e+01
      vertex   -1.021068e+02 -1.000000e+01 -5.290748e+01
      vertex   -1.002410e+02 -1.000000e+01 -5.636267e+01
    endloop
  endfacet
  facet normal 0.000000e+00 -1.000000e+00 0.000000e+00
    outer loop
      vertex   1.002410e+02 -1.000000e+01 -5.636267e+01
      vertex   -1.002410e+02 -1.000000e+01 -5.636267e+01
      vertex   9.825823e+01 -1.000000e+01 -5.975215e+01
    endloop
  endfacet
  facet normal 0.000000e+00 -1.000000e+00 0.000000e+00
    outer loop
      vertex   9.825823e+01 -1.000000e+01 -5.975215e+01
      vertex   -1.002410e+02 -1.000000e+01 -5.636267e+01
      vertex   -9.825823e+01 -1.000000e+01 -5.975215e+01
    endloop
  endfacet
  facet normal -0.000000e+00 -1.000000e+00 0.000000e+00
    outer loop
      vertex   9.825823e+01 -1.000000e+01 -5.975215e+01
      vertex   -9.825823e+01 -1.000000e+01 -5.975215e+01
      vertex   9.616094e+01 -1.000000e+01 -6.307197e+01
    endloop
  endfacet
  facet normal -0.000000e+00 -1.000000e+00 0.000000e+00
    outer loop
      vertex   9.616094e+01 -1.000000e+01 -6.307197e+01
      vertex   -9.825823e+01 -1.000000e+01 -5.975215e+01
      vertex   -9.616094e+01 -1.000000e+01 -6.307197e+01
    endloop
  endfacet
  facet normal 0.000000e+00 -1.000000e+00 0.000000e+00
    outer loop
      vertex   9.616094e+01 -1.000000e+01 -6.307197e+01
      vertex   -9.616094e+01 -1.000000e+01 -6.307197e+01
      vertex   9.395154e+01 -1.000000e+01 -6.631824e+01
    endloop
  endfacet
  facet normal -0.000000e+00 -1.000000e+00 0.000000e+00
    outer loop
      vertex   9.395154e+01 -1.000000e+01 -6.631824e+01
      vertex   -9.616094e+01 -1.000000e+01 -6.307197e+01
      vertex   -9.395154e+01 -1.000000e+01 -6.631824e+01
    endloop
  endfacet
  facet normal 0.000000e+00 -1.000000e+00 0.000000e+00
    outer loop
      vertex   9.395154e+01 -1.000000e+01 -6.631824e+01
      vertex   -9.395154e+01 -1.000000e+01 -6.631824e+01
      vertex   9.163259e+01 -1.000000e+01 -6.948718e+01
    endloop
  endfacet
  facet normal 0.000000e+00 -1.000000e+00 0.000000e+00
    outer loop
      vertex   9.163259e+01 -1.000000e+01 -6.948718e+01
      vertex   -9.395154e+01 -1.000000e+01 -6.631824e+01
      vertex   -9.163259e+01 -1.000000e+01 -6.948718e+01
    endloop
  endfacet
  facet normal -0.000000e+00 -1.000000e+00 0.000000e+00
    outer loop
      vertex   9.163259e+01 -1.000000e+01 -6.948718e+01
      vertex   -9.163259e+01 -1.000000e+01 -6.948718e+01
      vertex   8.920680e+01 -1.000000e+01 -7.257511e+01
    endloop
  endfacet
  facet normal -0.000000e+00 -1.000000e+00 0.000000e+00
    outer loop
      vertex   8.920680e+01 -1.000000e+01 -7.257511e+01
      vertex   -9.163259e+01 -1.000000e+01 -6.948718e+01
      vertex   -8.920680e+01 -1.000000e+01 -7.257511e+01
    endloop
  endfacet
  facet normal 0.000000e+00 -1.000000e+00 0.000000e+00
    outer loop
      vertex   8.920680e+01 -1.000000e+01 -7.257511e+01
      vertex   -8.920680e+01 -1.000000e+01 -7.257511e+01
      vertex   8.667700e+01 -1.000000e+01 -7.557842e+01
    endloop
  endfacet
  facet normal 0.000000e+00 -1.000000e+00 0.000000e+00
    outer loop
      vertex   8.667700e+01 -1.000000e+01 -7.557842e+01
      vertex   -8.920680e+01 -1.000000e+01 -7.257511e+01
      vertex   -8.667700e+01 -1.000000e+01 -7.557842e+01
    endloop
  endfacet
  facet normal -0.000000e+00 -1.000000e+00 0.000000e+00
    outer loop
      vertex   8.667700e+01 -1.000000e+01 -7.557842e+01
      vertex   -8.667700e+01 -1.000000e+01 -7.557842e+01
      vertex   8.404614e+01 -1.000000e+01 -7.849361e+01
    endloop
  endfacet
  facet normal -0.000000e+00 -1.000000e+00 0.000000e+00
    outer loop
      vertex   8.404614e+01 -1.000000e+01 -7.849361e+01
      vertex   -8.667700e+01 -1.000000e+01 -7.557842e+01
      vertex   -8.404614e+01 -1.000000e+01 -7.849361e+01
    endloop
  endfacet
  facet normal 0.000000e+00 -1.000000e+00 0.000000e+00
    outer loop
      vertex   8.404614e+01 -1.000000e+01 -7.849361e+01
      vertex   -8.404614e+01 -1.000000e+01 -7.849361e+01
      vertex   8.131728e+01 -1.000000e+01 -8.131728e+01
    endloop
  endfacet
  facet normal 0.000000e+00 -1.000000e+00 0.000000e+00
    outer loop
      vertex   8.131728e+01 -1.000000e+01 -8.131728e+01
      vertex   -8.404614e+01 -1.000000e+01 -7.849361e+01
      vertex   -8.131728e+01 -1.000000e+01 -8.131728e+01
    endloop
  endfacet
  facet normal -0.000000e+00 -1.000000e+00 0.000000e+00
    outer loop
      vertex   8.131728e+01 -1.000000e+01 -8.131728e+01
      vertex   -8.131728e+01 -1.000000e+01 -8.131728e+01
      vertex   7.849361e+01 -1.000000e+01 -8.404614e+01
    endloop
  endfacet
  facet normal -0.000000e+00 -1.000000e+00 0.000000e+00
    outer loop
      vertex   7.849361e+01 -1.000000e+01 -8.404614e+01
      vertex   -8.131728e+01 -1.000000e+01 -8.131728e+01
      vertex   -7.849361e+01 -1.000000e+01 -8.404614e+01
    endloop
  endfacet
  facet normal 0.000000e+00 -1.000000e+00 0.000000e+00
    outer loop
      vertex   7.849361e+01 -1.000000e+01 -8.404614e+01
      vertex   -7.849361e+01 -1.000000e+01 -8.404614e+01
      vertex   7.557842e+01 -1.000000e+01 -8.667700e+01
    endloop
  endfacet
  facet normal 0.000000e+00 -1.000000e+00 0.000000e+00
    outer loop
      vertex   7.557842e+01 -1.000000e+01 -8.667700e+01
      vertex   -7.849361e+01 -1.000000e+01 -8.404614e+01
      vertex   -7.557842e+01 -1.000000e+01 -8.667700e+01
    endloop
  endfacet
  facet normal -0.000000e+00 -1.000000e+00 0.000000e+00
    outer loop
      vertex   7.557842e+01 -1.000000e+01 -8.667700e+01
      vertex   -7.557842e+01 -1.000000e+01 -8.667700e+01
      vertex   7.257511e+01 -1.000000e+01 -8.920680e+01
    endloop
  endfacet
  facet normal -0.000000e+00 -1.000000e+00 0.000000e+00
    outer loop
      vertex   7.257511e+01 -1.000000e+01 -8.920680e+01
      vertex   -7.557842e+01 -1.000000e+01 -8.667700e+01
      vertex   -7.257511e+01 -1.000000e+01 -8.920680e+01
    endloop
  endfacet
  facet normal 0.000000e+00 -1.000000e+00 0.000000e+00
    outer loop
      vertex   7.257511e+01 -1.000000e+01 -8.920680e+01
      vertex   -7.257511e+01 -1.000000e+01 -8.920680e+01
      vertex   6.948718e+01 -1.000000e+01 -9.163259e+01
    endloop
  endfacet
  facet normal -0.000000e+00 -1.000000e+00 0.000000e+00
    outer loop
      vertex   6.948718e+01 -1.000000e+01 -9.163259e+01
      vertex   -7.257511e+01 -1.000000e+01 -8.920680e+01
      vertex   -6.948718e+01 -1.000000e+01 -9.163259e+01
    endloop
  endfacet
  facet normal 0.000000e+00 -1.000000e+00 0.000000e+00
    outer loop
      vertex   6.948718e+01 -1.000000e+01 -9.163259e+01
      vertex   -6.948718e+01 -1.000000e+01 -9.163259e+01
      vertex   6.631824e+01 -1.000000e+01 -9.395154e+01
    endloop
  endfacet
  facet normal 0.000000e+00 -1.000000e+00 0.000000e+00
    outer loop
      vertex   6.631824e+01 -1.000000e+01 -9.395154e+01
      vertex   -6.948718e+01 -1.000000e+01 -9.163259e+01
      vertex   -6.631824e+01 -1.000000e+01 -9.395154e+01
    endloop
  endfacet
  facet normal -0.000000e+00 -1.000000e+00 0.000000e+00
    outer loop
      vertex   6.631824e+01 -1.000000e+01 -9.395154e+01
      vertex   -6.631824e+01 -1.000000e+01 -9.395154e+01
      vertex   6.307197e+01 -1.000000e+01 -9.616094e+01
    endloop
  endfacet
  facet normal 0.000000e+00 -1.000000e+00 0.000000e+00
    outer loop
      vertex   6.307197e+01 -1.000000e+01 -9.616094e+01
      vertex   -6.631824e+01 -1.000000e+01 -9.395154e+01
      vertex   -6.307197e+01 -1.000000e+01 -9.616094e+01
    endloop
  endfacet
  facet normal -0.000000e+00 -1.000000e+00 0.000000e+00
    outer loop
      vertex   6.307197e+01 -1.000000e+01 -9.616094e+01
      vertex   -6.307197e+01 -1.000000e+01 -9.616094e+01
      vertex   5.975215e+01 -1.000000e+01 -9.825823e+01
    endloop
  endfacet
  facet normal 0.000000e+00 -1.000000e+00 0.000000e+00
    outer loop
      vertex   5.975215e+01 -1.000000e+01 -9.825823e+01
      vertex   -6.307197e+01 -1.000000e+01 -9.616094e+01
      vertex   -5.975215e+01 -1.000000e+01 -9.825823e+01
    endloop
  endfacet
  facet normal -0.000000e+00 -1.000000e+00 0.000000e+00
    outer loop
      vertex   5.975215e+01 -1.000000e+01 -9.825823e+01
      vertex   -5.975215e+01 -1.000000e+01 -9.825823e+01
      vertex   5.636267e+01 -1.000000e+01 -1.002410e+02
    endloop
  endfacet
  facet normal 0.000000e+00 -1.000000e+00 0.000000e+00
    outer loop
      vertex   5.636267e+01 -1.000000e+01 -1.002410e+02
      vertex   -5.975215e+01 -1.000000e+01 -9.825823e+01
      vertex   -5.636267e+01 -1.000000e+01 -1.002410e+02
    endloop
  endfacet
  facet normal -0.000000e+00 -1.000000e+00 0.000000e+00
    outer loop
      vertex   5.636267e+01 -1.000000e+01 -1.002410e+02
      vertex   -5.636267e+01 -1.000000e+01 -1.002410e+02
      vertex   5.290748e+01 -1.000000e+01 -1.021068e+02
    endloop
  endfacet
  facet normal 0.000000e+00 -1.000000e+00 0.000000e+00
    outer loop
      vertex   5.290748e+01 -1.000000e+01 -1.021068e+02
      vertex   -5.636267e+01 -1.000000e+01 -1.002410e+02
      vertex   -5.290748e+01 -1.000000e+01 -1.021068e+02
    endloop
  endfacet
  facet normal -0.000000e+00 -1.000000e+00 0.000000e+00
    outer loop
      vertex   5.290748e+01 -1.000000e+01 -1.021068e+02
      vertex   -5.290748e+01 -1.000000e+01 -1.021068e+02
      vertex   4.939060e+01 -1.000000e+01 -1.038536e+02
    endloop
  endfacet
  facet normal 0.000000e+00 -1.000000e+00 0.000000e+00
    outer loop
      vertex   4.939060e+01 -1.000000e+01 -1.038536e+02
      vertex   -5.290748e+01 -1.000000e+01 -1.021068e+02
      vertex   -4.939060e+01 -1.000000e+01 -1.038536e+02
    endloop
  endfacet
  facet normal -0.000000e+00 -1.000000e+00 0.000000e+00
    outer loop
      vertex   4.939060e+01 -1.000000e+01 -1.038536e+02
      vertex   -4.939060e+01 -1.000000e+01 -1.038536e+02
      vertex   4.581613e+01 -1.000000e+01 -1.054793e+02
    endloop
  endfacet
  facet normal -0.000000e+00 -1.000000e+00 0.000000e+00
    outer loop
      vertex   4.581613e+01 -1.000000e+01 -1.054793e+02
      vertex   -4.939060e+01 -1.000000e+01 -1.038536e+02
      vertex   -4.581613e+01 -1.000000e+01 -1.054793e+02
    endloop
  endfacet
  facet normal 0.000000e+00 -1.000000e+00 0.000000e+00
    outer loop
      vertex   4.581613e+01 -1.000000e+01 -1.054793e+02
      vertex   -4.581613e+01 -1.000000e+01 -1.054793e+02
      vertex   4.218824e+01 -1.000000e+01 -1.069820e+02
    endloop
  endfacet
  facet normal 0.000000e+00 -1.000000e+00 0.000000e+00
    outer loop
      vertex   4.218824e+01 -1.000000e+01 -1.069820e+02
      vertex   -4.581613e+01 -1.000000e+01 -1.054793e+02
      vertex   -4.218824e+01 -1.000000e+01 -1.069820e+02
    endloop
  endfacet
  facet normal -0.000000e+00 -1.000000e+00 0.000000e+00
    outer loop
      vertex   4.218824e+01 -1.000000e+01 -1.069820e+02
      vertex   -4.218824e+01 -1.000000e+01 -1.069820e+02
      vertex   3.851116e+01 -1.000000e+01 -1.083600e+02
    endloop
  endfacet
  facet normal -0.000000e+00 -1.000000e+00 0.000000e+00
    outer loop
      vertex   3.851116e+01 -1.000000e+01 -1.083600e+02
      vertex   -4.218824e+01 -1.000000e+01 -1.069820e+02
      vertex   -3.851116e+01 -1.000000e+01 -1.083600e+02
    endloop
  endfacet
  facet normal 0.000000e+00 -1.000000e+00 0.000000e+00
    outer loop
      vertex   3.851116e+01 -1.000000e+01 -1.083600e+02
      vertex   -3.851116e+01 -1.000000e+01 -1.083600e+02
      vertex   3.478917e+01 -1.000000e+01 -1.096116e+02
    endloop
  endfacet
  facet normal 0.000000e+00 -1.000000e+00 0.000000e+00
    outer loop
      vertex   3.478917e+01 -1.000000e+01 -1.096116e+02
      vertex   -3.851116e+01 -1.000000e+01 -1.083600e+02
      vertex   -3.478917e+01 -1.000000e+01 -1.096116e+02
    endloop
  endfacet
  facet normal -0.000000e+00 -1.000000e+00 0.000000e+00
    outer loop
      vertex   3.478917e+01 -1.000000e+01 -1.096116e+02
      vertex   -3.478917e+01 -1.000000e+01 -1.096116e+02
      vertex   3.102663e+01 -1.000000e+01 -1.107355e+02
    endloop
  endfacet
  facet normal 0.000000e+00 -1.000000e+00 0.000000e+00
    outer loop
      vertex   3.102663e+01 -1.000000e+01 -1.107355e+02
      vertex   -3.478917e+01 -1.000000e+01 -1.096116e+02
      vertex   -3.102663e+01 -1.000000e+01 -1.107355e+02
    endloop
  endfacet
  facet normal -0.000000e+00 -1.000000e+00 0.000000e+00
    outer loop
      vertex   3.102663e+01 -1.000000e+01 -1.107355e+02
      vertex   -3.102663e+01 -1.000000e+01 -1.107355e+02
      vertex   2.722791e+01 -1.000000e+01 -1.117302e+02
    endloop
  endfacet
  facet normal 0.000000e+00 -1.000000e+00 0.000000e+00
    outer loop
      vertex   2.722791e+01 -1.000000e+01 -1.117302e+02
      vertex   -3.102663e+01 -1.000000e+01 -1.107355e+02
      vertex   -2.722791e+01 -1.000000e+01 -1.117302e+02
    endloop
  endfacet
  facet normal -0.000000e+00 -1.000000e+00 0.000000e+00
    outer loop
      vertex   2.722791e+01 -1.000000e+01 -1.117302e+02
      vertex   -2.722791e+01 -1.000000e+01 -1.117302e+02
      vertex   2.339744e+01 -1.000000e+01 -1.125947e+02
    endloop
  endfacet
  facet normal 0.000000e+00 -1.000000e+00 0.000000e+00
    outer loop
      vertex   2.339744e+01 -1.000000e+01 -1.125947e+02
      vertex   -2.722791e+01 -1.000000e+01 -1.117302e+02
      vertex   -2.339744e+01 -1.000000e+01 -1.125947e+02
    endloop
  endfacet
  facet normal -0.000000e+00 -1.000000e+00 0.000000e+00
    outer loop
      vertex   2.339744e+01 -1.000000e+01 -1.125947e+02
      vertex   -2.339744e+01 -1.000000e+01 -1.125947e+02
      vertex   1.953969e+01 -1.000000e+01 -1.133278e+02
    endloop
  endfacet
  facet normal 0.000000e+00 -1.000000e+00 0.000000e+00
    outer loop
      vertex   1.953969e+01 -1.000000e+01 -1.133278e+02
      vertex   -2.339744e+01 -1.000000e+01 -1.125947e+02
      vertex   -1.953969e+01 -1.000000e+01 -1.133278e+02
    endloop
  endfacet
  facet normal -0.000000e+00 -1.000000e+00 0.000000e+00
    outer loop
      vertex   1.953969e+01 -1.000000e+01 -1.133278e+02
      vertex   -1.953969e+01 -1.000000e+01 -1.133278e+02
      vertex   1.565916e+01 -1.000000e+01 -1.139289e+02
    endloop
  endfacet
  facet normal 0.000000e+00 -1.000000e+00 0.000000e+00
    outer loop
      vertex   1.565916e+01 -1.000000e+01 -1.139289e+02
      vertex   -1.953969e+01 -1.000000e+01 -1.133278e+02
      vertex   -1.565916e+01 -1.000000e+01 -1.139289e+02
    endloop
  endfacet
  facet normal -0.000000e+00 -1.000000e+00 0.000000e+00
    outer loop
      vertex   1.565916e+01 -1.000000e+01 -1.139289e+02
      vertex   -1.565916e+01 -1.000000e+01 -1.139289e+02
      vertex   1.176038e+01 -1.000000e+01 -1.143971e+02
    endloop
  endfacet
  facet normal 0.000000e+00 -1.000000e+00 0.000000e+00
    outer loop
      vertex   1.176038e+01 -1.000000e+01 -1.143971e+02
      vertex   -1.565916e+01 -1.000000e+01 -1.139289e+02
      vertex   -1.176038e+01 -1.000000e+01 -1.143971e+02
    endloop
  endfacet
  facet normal -0.000000e+00 -1.000000e+00 0.000000e+00
    outer loop
      vertex   1.176038e+01 -1.000000e+01 -1.143971e+02
      vertex   -1.176038e+01 -1.000000e+01 -1.143971e+02
      vertex   7.847878e+00 -1.000000e+01 -1.147319e+02
    endloop
  endfacet
  facet normal 0.000000e+00 -1.000000e+00 0.000000e+00
    outer loop
      vertex   7.847878e+00 -1.000000e+01 -1.147319e+02
      vertex   -1.176038e+01 -1.000000e+01 -1.143971e+02
      vertex   -7.847878e+00 -1.000000e+01 -1.147319e+02
    endloop
  endfacet
  facet normal -0.000000e+00 -1.000000e+00 0.000000e+00
    outer loop
      vertex   7.847878e+00 -1.000000e+01 -1.147319e+02
      vertex   -7.847878e+00 -1.000000e+01 -1.147319e+02
      vertex   3.926228e+00 -1.000000e+01 -1.149330e+02
    endloop
  endfacet
  facet normal 0.000000e+00 -1.000000e+00 0.000000e+00
    outer loop
      vertex   3.926228e+00 -1.000000e+01 -1.149330e+02
      vertex   -7.847878e+00 -1.000000e+01 -1.147319e+02
      vertex   -3.926228e+00 -1.000000e+01 -1.149330e+02
    endloop
  endfacet
  facet normal -0.000000e+00 -1.000000e+00 0.000000e+00
    outer loop
      vertex   3.926228e+00 -1.000000e+01 -1.149330e+02
      vertex   -3.926228e+00 -1.000000e+01 -1.149330e+02
      vertex   7.041719e-15 -1.000000e+01 -1.150000e+02
    endloop
  endfacet
endsolid
